antecedents,consequents,antecedent support,consequent support,support,confidence,lift,representativity,leverage,conviction,zhangs_metric,jaccard,certainty,kulczynski
"frozenset({'success_Success', 'weaptype1_txt_Incendiary', 'casualty_level_0_None'})",frozenset({'attacktype1_txt_Facility/Infrastructure Attack'}),0.05131147299821999,0.05825990163339561,0.040940318048751784,0.7978784403669724,13.6951559820282,1.0,0.037950916679210855,4.659275834188248,0.9771188911299641,0.5965275793083739,0.785374372415918,0.7502985333726118
frozenset({'attacktype1_txt_Facility/Infrastructure Attack'}),"frozenset({'success_Success', 'weaptype1_txt_Incendiary', 'casualty_level_0_None'})",0.05825990163339561,0.05131147299821999,0.040940318048751784,0.702718626378251,13.6951559820282,1.0,0.037950916679210855,3.1912141532582528,0.9843283546484809,0.5965275793083739,0.686639644983088,0.7502985333726118
"frozenset({'weaptype1_txt_Incendiary', 'casualty_level_0_None'})",frozenset({'attacktype1_txt_Facility/Infrastructure Attack'}),0.054876404273994636,0.05825990163339561,0.04330386258097101,0.7891162541327852,13.544757749478412,1.0,0.04010676866597364,4.465683661364689,0.9799466471436531,0.6201109472649393,0.7760701214347984,0.7662019280932422
frozenset({'attacktype1_txt_Facility/Infrastructure Attack'}),"frozenset({'weaptype1_txt_Incendiary', 'casualty_level_0_None'})",0.05825990163339561,0.054876404273994636,0.04330386258097101,0.7432876020536991,13.544757749478412,1.0,0.04010676866597364,3.6816437510887434,0.9834674135405763,0.6201109472649393,0.7283821934959682,0.7662019280932422
"frozenset({'weaptype1_txt_Incendiary', 'casualty_level_0_None'})","frozenset({'success_Success', 'attacktype1_txt_Facility/Infrastructure Attack'})",0.054876404273994636,0.05516571781632022,0.040940318048751784,0.7460459297649897,13.523723778035922,1.0,0.03791302181579829,3.720492769851359,0.9798251502594859,0.5924638092534772,0.7312183998572984,0.7440896315491616
"frozenset({'success_Success', 'attacktype1_txt_Facility/Infrastructure Attack'})","frozenset({'weaptype1_txt_Incendiary', 'casualty_level_0_None'})",0.05516571781632022,0.054876404273994636,0.040940318048751784,0.7421333333333334,13.523723778035922,1.0,0.03791302181579829,3.6651638924224628,0.9801251782013448,0.5924638092534772,0.7271609048459065,0.7440896315491616
"frozenset({'attacktype1_txt_Facility/Infrastructure Attack', 'casualty_level_0_None'})","frozenset({'success_Success', 'weaptype1_txt_Incendiary'})",0.05297870358111322,0.05858354051125136,0.040940318048751784,0.7727693446871529,13.190895223185382,1.0,0.03783663802127406,4.14299935980303,0.9758916060715133,0.579711151228996,0.7586289754948109,0.7358029363429068
"frozenset({'success_Success', 'weaptype1_txt_Incendiary'})","frozenset({'attacktype1_txt_Facility/Infrastructure Attack', 'casualty_level_0_None'})",0.05858354051125136,0.05297870358111322,0.040940318048751784,0.6988365279986607,13.190895223185382,1.0,0.03783663802127406,3.1445423647349746,0.9817016949629821,0.579711151228996,0.681988701690053,0.7358029363429068
"frozenset({'success_Success', 'attacktype1_txt_Facility/Infrastructure Attack', 'casualty_level_0_None'})",frozenset({'weaptype1_txt_Incendiary'}),0.050065953680411515,0.06236913465829128,0.040940318048751784,0.8177277179236042,13.111096095909941,1.0,0.037817747841862426,5.144122050047738,0.9724135373295296,0.572633744855967,0.8056033682189325,0.7370736238804279
frozenset({'weaptype1_txt_Incendiary'}),"frozenset({'success_Success', 'attacktype1_txt_Facility/Infrastructure Attack', 'casualty_level_0_None'})",0.06236913465829128,0.050065953680411515,0.040940318048751784,0.6564195298372514,13.111096095909941,1.0,0.037817747841862426,2.764808040077539,0.9851731212738415,0.572633744855967,0.6383112369812282,0.7370736238804279
frozenset({'weaptype1_txt_Incendiary'}),"frozenset({'attacktype1_txt_Facility/Infrastructure Attack', 'casualty_level_0_None'})",0.06236913465829128,0.05297870358111322,0.04330386258097101,0.6943155908483372,13.10556023299632,1.0,0.039999626683298865,3.098035974576086,0.9851387608240311,0.6010754151919412,0.6772148521816849,0.7558490208962159
"frozenset({'attacktype1_txt_Facility/Infrastructure Attack', 'casualty_level_0_None'})",frozenset({'weaptype1_txt_Incendiary'}),0.05297870358111322,0.06236913465829128,0.04330386258097101,0.8173824509440947,13.105560232996318,1.0,0.039999626683298865,5.134396284415517,0.9753703663117257,0.6010754151919412,0.8052351348423747,0.7558490208962159
"frozenset({'success_Success', 'weaptype1_txt_Incendiary'})",frozenset({'attacktype1_txt_Facility/Infrastructure Attack'}),0.05858354051125136,0.05825990163339561,0.0442600683564539,0.7555034736753997,12.967812380279264,1.0,0.04084699704893235,3.851752466684637,0.9803163963669178,0.6097824618294825,0.7403779166368026,0.7576019177988984
frozenset({'attacktype1_txt_Facility/Infrastructure Attack'}),"frozenset({'success_Success', 'weaptype1_txt_Incendiary'})",0.05825990163339561,0.05858354051125136,0.0442600683564539,0.7597003619223971,12.967812380279263,1.0,0.04084699704893235,3.917677392359307,0.9799795003390072,0.6097824618294825,0.7447467211184076,0.7576019177988984
"frozenset({'success_Success', 'attacktype1_txt_Facility/Infrastructure Attack'})",frozenset({'weaptype1_txt_Incendiary'}),0.05516571781632022,0.06236913465829128,0.0442600683564539,0.8023111111111112,12.86391282333517,1.0,0.040819430273446526,4.742961886283376,0.9761110198647951,0.6040286421735931,0.7891612827646801,0.7559790479684811
frozenset({'weaptype1_txt_Incendiary'}),"frozenset({'success_Success', 'attacktype1_txt_Facility/Infrastructure Attack'})",0.06236913465829128,0.05516571781632022,0.0442600683564539,0.7096469848258512,12.86391282333517,1.0,0.040819430273446526,3.254088067991938,0.9836100632730612,0.6040286421735931,0.6926942421023384,0.7559790479684811
frozenset({'weaptype1_txt_Incendiary'}),frozenset({'attacktype1_txt_Facility/Infrastructure Attack'}),0.06236913465829128,0.05825990163339561,0.046687359940371986,0.7485651387687712,12.848719578676397,1.0,0.04305374029021993,3.7454635119214648,0.9835120272473351,0.6314079182969693,0.7330103479003086,0.7749643301789315
frozenset({'attacktype1_txt_Facility/Infrastructure Attack'}),frozenset({'weaptype1_txt_Incendiary'}),0.05825990163339561,0.06236913465829128,0.046687359940371986,0.8013635215890917,12.848719578676395,1.0,0.04305374029021993,4.720335725052896,0.9792205246238866,0.6314079182969693,0.7881506616801511,0.7749643301789315
"frozenset({'decade_2010s', 'weaptype1_txt_Unknown'})",frozenset({'attacktype1_txt_Unknown'}),0.05093389430738828,0.049006771898338165,0.031392971152007294,0.616347357273515,12.576779359230056,1.0,0.028896865411791053,2.4787871167608437,0.9698885910350759,0.45797267329565766,0.5965768930948977,0.6284658539419405
frozenset({'attacktype1_txt_Unknown'}),"frozenset({'decade_2010s', 'weaptype1_txt_Unknown'})",0.049006771898338165,0.05093389430738828,0.031392971152007294,0.6405843506103661,12.576779359230054,1.0,0.028896865411791053,2.640580918789521,0.9679231784718374,0.45797267329565766,0.621295453252607,0.6284658539419405
"frozenset({'success_Success', 'attacktype1_txt_Unknown'})",frozenset({'weaptype1_txt_Unknown'}),0.039684991492220406,0.09310992443522564,0.039680087872858955,0.9998764364265414,10.738666608221035,1.0,0.03598502131380574,7339.461381545291,0.9443553012434939,0.4261414503133393,0.9998637502198029,0.7130201647057923
"frozenset({'attacktype1_txt_Unknown', 'decade_2010s'})",frozenset({'weaptype1_txt_Unknown'}),0.0314125856294531,0.09310992443522564,0.031392971152007294,0.999375585388698,10.733287471239866,1.0,0.02846814767773386,1452.3844560167022,0.93624167172477,0.3370893007582139,0.9993114770707869,0.6682679485822782
frozenset({'attacktype1_txt_Unknown'}),frozenset({'weaptype1_txt_Unknown'}),0.049006771898338165,0.09310992443522564,0.04896263932408511,0.9990994596758055,10.730321882828454,1.0,0.0443996224958165,1007.0510461327139,0.953535865397998,0.5256093067326421,0.9990070016769852,0.762478948291663
frozenset({'weaptype1_txt_Unknown'}),frozenset({'attacktype1_txt_Unknown'}),0.09310992443522564,0.049006771898338165,0.04896263932408511,0.5258584369075205,10.730321882828454,1.0,0.0443996224958165,2.005715807530196,0.9999074586639749,0.5256093067326421,0.5014248797134511,0.762478948291663
frozenset({'attacktype1_txt_Unknown'}),"frozenset({'success_Success', 'weaptype1_txt_Unknown'})",0.049006771898338165,0.08125297281923788,0.039680087872858955,0.809685811486892,9.964999228867434,1.0,0.035698141967844696,4.82752775480785,0.946009641654018,0.4380684278908618,0.7928546347550098,0.649019127831557
"frozenset({'success_Failed', 'attacktype1_txt_Bombing/Explosion'})","frozenset({'weaptype1_txt_Explosives', 'casualty_level_0_None', 'decade_2010s'})",0.058902275769745646,0.10419210419210419,0.0353698064541438,0.6004828504828505,5.763227982954547,1.0,0.02923265439999041,2.2422263897571257,0.8782149899649734,0.2769224862748109,0.5540147040601381,0.4699750472293771
"frozenset({'success_Failed', 'weaptype1_txt_Explosives'})","frozenset({'attacktype1_txt_Bombing/Explosion', 'casualty_level_0_None', 'decade_2010s'})",0.06985696142322648,0.09763106148648318,0.0353698064541438,0.5063175628246526,5.186029477870126,1.0,0.028549597158173894,1.8278327737897855,0.8677958346968818,0.26771332071410014,0.4529039995674093,0.43429891199997067
frozenset({'region_txt_Central America & Caribbean'}),"frozenset({'success_Success', 'decade_1980s'})",0.050889761733135225,0.1413713461906233,0.03582093943539727,0.7038928502601658,4.97903478482157,1.0,0.028626585311863878,2.8997228015729624,0.84200741709838,0.22897533147352916,0.6551394500682799,0.47863737206036383
"frozenset({'success_Success', 'region_txt_Central America & Caribbean'})",frozenset({'decade_1980s'}),0.04906561533067557,0.1527771648253576,0.03582093943539727,0.7300619628223067,4.77860656503774,1.0,0.028324833834765056,3.1385826318983616,0.8315336872209307,0.21576040405233776,0.6813848423690686,0.4822636171795447
frozenset({'region_txt_Central America & Caribbean'}),frozenset({'decade_1980s'}),0.050889761733135225,0.1527771648253576,0.03672810901726564,0.7217190210059742,4.723997999511147,1.0,0.028953315501039266,3.0444870441282683,0.8305830723050455,0.22000939960051696,0.6715374427594809,0.481061076814452
"frozenset({'attacktype1_txt_Bombing/Explosion', 'decade_2010s', 'casualty_level_2_Medium_6_20'})","frozenset({'weaptype1_txt_Explosives', 'region_txt_Middle East & North Africa', 'success_Success'})",0.05184106388925666,0.15370885250403324,0.03224129730153827,0.6219258418463868,4.046128975102899,1.0,0.024272866858532353,2.2384263225737713,0.7940126524831164,0.18603400956342134,0.5532575765771968,0.4158407362744344
"frozenset({'weaptype1_txt_Explosives', 'region_txt_South America'})","frozenset({'attacktype1_txt_Bombing/Explosion', 'casualty_level_0_None', 'success_Success'})",0.046133250952528064,0.17242106398732904,0.03207457424324894,0.6952593537414966,4.032334203624855,1.0,0.024120230028819592,2.715682814791492,0.7883749837409365,0.17200031554866024,0.6317684839505902,0.44064201974089223
"frozenset({'attacktype1_txt_Bombing/Explosion', 'region_txt_South America'})","frozenset({'weaptype1_txt_Explosives', 'casualty_level_0_None', 'success_Success'})",0.0457213469261662,0.1745051022159456,0.03207457424324894,0.7015229515229515,4.020071290837301,1.0,0.0240959659244476,2.7656896970673817,0.7872419550085971,0.17047172270002608,0.6384265374888741,0.4426630128396223
"frozenset({'targtype1_txt_Private Citizens & Property', 'attacktype1_txt_Bombing/Explosion', 'decade_2010s'})","frozenset({'weaptype1_txt_Explosives', 'region_txt_Middle East & North Africa', 'success_Success'})",0.07164678249015598,0.15370885250403324,0.04299983818056107,0.6001642598042571,3.904552340526445,1.0,0.03198709345839314,2.116597048282022,0.8012992035621327,0.2358018715714747,0.5275435157524812,0.4399564360336924
"frozenset({'targtype1_txt_Private Citizens & Property', 'weaptype1_txt_Explosives', 'decade_2010s'})","frozenset({'attacktype1_txt_Bombing/Explosion', 'region_txt_Middle East & North Africa', 'success_Success'})",0.07445165276490577,0.1495947158597761,0.04299983818056107,0.5775538431140091,3.8607904015499064,1.0,0.03186226433990428,2.013050113673374,0.8005910035367032,0.23750710977492487,0.5032413782410912,0.43249803474414195
"frozenset({'success_Failed', 'decade_2010s', 'attacktype1_txt_Bombing/Explosion'})","frozenset({'weaptype1_txt_Explosives', 'casualty_level_0_None'})",0.0396457625373288,0.23142631576366515,0.0353698064541438,0.8921459492888064,3.8549892061535247,1.0,0.02619473369448866,7.126053024140788,0.7711695044858926,0.15006137266731853,0.8596698625996299,0.5224899679699674
"frozenset({'weaptype1_txt_Explosives', 'decade_2010s', 'casualty_level_2_Medium_6_20'})","frozenset({'attacktype1_txt_Bombing/Explosion', 'region_txt_Middle East & North Africa', 'success_Success'})",0.056102309114357304,0.1495947158597761,0.03224129730153827,0.574687527314046,3.8416298597922025,1.0,0.02384868831049866,1.9994835297674276,0.7836588917660432,0.1858762332852741,0.4998708490905568,0.39510591660552663
"frozenset({'weaptype1_txt_Firearms', 'casualty_level_2_Medium_6_20'})","frozenset({'success_Success', 'attacktype1_txt_Armed Assault'})",0.04381874261392334,0.22095708842696796,0.03690463931427787,0.8422112802148612,3.811650878506366,1.0,0.027222577527774662,4.937253516181997,0.7714504764211777,0.1619539487841618,0.797458243389271,0.5046165144971333
"frozenset({'success_Failed', 'attacktype1_txt_Bombing/Explosion'})","frozenset({'weaptype1_txt_Explosives', 'casualty_level_0_None'})",0.058902275769745646,0.23142631576366515,0.051821449411810855,0.8797868797868797,3.8015852989049304,1.0,0.03818991274032321,6.393425966098928,0.7830768534979857,0.21727420382820373,0.8435893360926537,0.5518544527125945
"frozenset({'attacktype1_txt_Armed Assault', 'region_txt_South Asia'})","frozenset({'weaptype1_txt_Firearms', 'success_Success', 'decade_2010s'})",0.06316842461420774,0.1357223766862321,0.032530610843863855,0.5149821456295607,3.7943790714785006,1.0,0.023957242123698496,1.7819501190025544,0.7861095708023694,0.1955432411719625,0.4388170637684575,0.37733354698198895
"frozenset({'attacktype1_txt_Armed Assault', 'casualty_level_1_Low_1_5'})","frozenset({'weaptype1_txt_Firearms', 'success_Success', 'decade_2010s'})",0.13213783093301165,0.1357223766862321,0.06736592278760953,0.5098155638846624,3.7563117912624864,1.0,0.04943186232321767,1.7631682273780074,0.8455045556616728,0.3359992173551495,0.4328391446305203,0.5030832281450915
"frozenset({'attacktype1_txt_Armed Assault', 'region_txt_South Asia'})","frozenset({'weaptype1_txt_Firearms', 'decade_2010s'})",0.06316842461420774,0.15288014083194806,0.036237747081120576,0.5736686849868033,3.752408140553735,1.0,0.026580549429968202,1.9869989122000815,0.7829630087814224,0.2015326297417437,0.4967284612688782,0.4053511978675557
"frozenset({'targtype1_txt_Private Citizens & Property', 'weaptype1_txt_Explosives', 'decade_2010s', 'success_Success'})","frozenset({'attacktype1_txt_Bombing/Explosion', 'region_txt_Middle East & North Africa'})",0.06859182762797221,0.16837067439477077,0.04299983818056107,0.6268944809837003,3.7232996971542107,1.0,0.03145098590486952,2.228938686830033,0.785285174715195,0.2216913158892681,0.5513559857394793,0.4411412060090915
"frozenset({'weaptype1_txt_Explosives', 'decade_1980s'})","frozenset({'attacktype1_txt_Bombing/Explosion', 'casualty_level_0_None', 'success_Success'})",0.0685035624794661,0.17242106398732904,0.04380403175583898,0.6394416607015032,3.708605236008141,1.0,0.031992574626206964,2.2952705451850335,0.7840683227835108,0.22221945819547748,0.5643215122950201,0.446747165599031
"frozenset({'success_Success', 'attacktype1_txt_Assassination'})","frozenset({'weaptype1_txt_Firearms', 'casualty_level_1_Low_1_5'})",0.07722219770412542,0.2003373690120678,0.057313503096635625,0.7421894843789687,3.7046981700865858,1.0,0.0418430111792614,3.10174559428521,0.7911682263296191,0.26022486919737287,0.6776008961397598,0.5141372094517533
"frozenset({'weaptype1_txt_Firearms', 'success_Success', 'casualty_level_2_Medium_6_20'})",frozenset({'attacktype1_txt_Armed Assault'}),0.042431018334632795,0.236016103485983,0.03690463931427787,0.8697561539350515,3.68515597490451,1.0,0.026890235699995532,5.8657965009190685,0.7609280157671712,0.152787364489017,0.8295201683448586,0.5130605373361031
"frozenset({'weaptype1_txt_Firearms', 'casualty_level_2_Medium_6_20'})",frozenset({'attacktype1_txt_Armed Assault'}),0.04381874261392334,0.236016103485983,0.0378657487091222,0.8641450313339302,3.6613816539228297,1.0,0.02752381981772882,5.623525617174017,0.7601896127089082,0.15649001925220388,0.8221756122269558,0.5122910858192578
"frozenset({'targtype1_txt_Private Citizens & Property', 'attacktype1_txt_Bombing/Explosion', 'decade_2010s', 'success_Success'})","frozenset({'weaptype1_txt_Explosives', 'region_txt_Middle East & North Africa'})",0.06670393417381369,0.1763537667152125,0.04299983818056107,0.6446372123796221,3.655364012840305,1.0,0.03123634813428544,2.3177616283353255,0.7783483303174427,0.2149370067160155,0.568549246922245,0.44423218643672463
"frozenset({'attacktype1_txt_Armed Assault', 'region_txt_South Asia', 'success_Success'})","frozenset({'weaptype1_txt_Firearms', 'decade_2010s'})",0.05866199842103457,0.15288014083194806,0.032530610843863855,0.5545431747889326,3.6273068023825834,1.0,0.023562356263772576,1.9016879105324462,0.7694508939046368,0.1817235522927738,0.4741513607666497,0.3836641203514538
"frozenset({'weaptype1_txt_Firearms', 'success_Success', 'targtype1_txt_Military'})",frozenset({'attacktype1_txt_Armed Assault'}),0.05802943152340743,0.236016103485983,0.04966385689277256,0.8558391076559068,3.6261894634097924,1.0,0.03596797657711126,5.299522527166987,0.7688439995933793,0.20322250536749803,0.8113037552206465,0.5331324104068734
"frozenset({'attacktype1_txt_Bombing/Explosion', 'decade_1980s'})","frozenset({'weaptype1_txt_Explosives', 'casualty_level_0_None', 'success_Success'})",0.06931265967410545,0.1745051022159456,0.04380403175583898,0.6319773611602405,3.6215408783760643,1.0,0.03170861899455016,2.243054667469744,0.7777847720629263,0.21900512393047142,0.5541793900511394,0.4414979957794908
"frozenset({'weaptype1_txt_Firearms', 'targtype1_txt_Military'})",frozenset({'attacktype1_txt_Armed Assault'}),0.06402655800246161,0.236016103485983,0.05468025949953661,0.854024661101325,3.6185016551298395,1.0,0.03956896076017634,5.2336504390259835,0.773144287214533,0.22285508723544578,0.8089287751158813,0.5428524336027495
"frozenset({'targtype1_txt_Private Citizens & Property', 'weaptype1_txt_Explosives', 'decade_2010s'})","frozenset({'attacktype1_txt_Bombing/Explosion', 'region_txt_Middle East & North Africa'})",0.07445165276490577,0.16837067439477077,0.045353575474057405,0.6091681485872358,3.618018106638618,1.0,0.03281810048822492,2.1278442956966965,0.7818128427552735,0.22967469580332756,0.5300408013770664,0.43926778817991796
"frozenset({'targtype1_txt_Private Citizens & Property', 'attacktype1_txt_Bombing/Explosion', 'decade_2010s'})","frozenset({'weaptype1_txt_Explosives', 'region_txt_Middle East & North Africa'})",0.07164678249015598,0.1763537667152125,0.045353575474057405,0.6330162206556705,3.589468104063273,1.0,0.03271839550889287,2.2443668620895254,0.777082664152202,0.22380583651938252,0.5544400441427872,0.4450950305814222
"frozenset({'attacktype1_txt_Bombing/Explosion', 'decade_2010s', 'casualty_level_2_Medium_6_20'})","frozenset({'weaptype1_txt_Explosives', 'region_txt_Middle East & North Africa'})",0.05184106388925666,0.1763537667152125,0.032805213528105094,0.6328036322360954,3.588262638347769,1.0,0.023662846640710698,2.2430674853907195,0.7607517808193254,0.16789640114440596,0.5541819376754908,0.40941149246105735
"frozenset({'attacktype1_txt_Bombing/Explosion', 'decade_2010s', 'success_Success', 'casualty_level_2_Medium_6_20'})","frozenset({'weaptype1_txt_Explosives', 'region_txt_Middle East & North Africa'})",0.051144749939930664,0.1763537667152125,0.03224129730153827,0.6303930968360499,3.5745938891912052,1.0,0.023221728001923857,2.228438446993602,0.7590704073350207,0.16512217785479297,0.5512552741364226,0.40660740371776916
"frozenset({'weaptype1_txt_Explosives', 'decade_2010s', 'success_Success', 'casualty_level_2_Medium_6_20'})","frozenset({'attacktype1_txt_Bombing/Explosion', 'region_txt_Middle East & North Africa'})",0.05453315091869309,0.16837067439477077,0.03224129730153827,0.5912238108083806,3.5114417218652108,1.0,0.0230595139044861,2.0344368081952826,0.7564693459922227,0.16910138367367936,0.5084634745243897,0.39135689608452584
"frozenset({'weaptype1_txt_Firearms', 'targtype1_txt_Military'})","frozenset({'success_Success', 'attacktype1_txt_Armed Assault'})",0.06402655800246161,0.22095708842696796,0.04966385689277256,0.7756758826683006,3.510527262060124,1.0,0.035516735054548255,3.4728450994909803,0.7640628178972386,0.21104836525036985,0.7120516546659189,0.5002214300159079
"frozenset({'weaptype1_txt_Explosives', 'decade_2010s', 'casualty_level_2_Medium_6_20'})","frozenset({'attacktype1_txt_Bombing/Explosion', 'region_txt_Middle East & North Africa'})",0.056102309114357304,0.16837067439477077,0.032805213528105094,0.5847390962328468,3.472927208581684,1.0,0.02335922990741686,2.002667041517455,0.7543809772969007,0.1711566505487758,0.5006658724246628,0.3897891660101792
"frozenset({'weaptype1_txt_Explosives', 'region_txt_Middle East & North Africa', 'casualty_level_2_Medium_6_20'})","frozenset({'attacktype1_txt_Bombing/Explosion', 'decade_2010s', 'success_Success'})",0.042833115122271746,0.21843172445582085,0.03224129730153827,0.7527189467658845,3.4460147610935814,1.0,0.022885186101565754,3.1606476328140776,0.741573625090647,0.14077721871319987,0.6836091471830248,0.4501612468704268
"frozenset({'weaptype1_txt_Explosives', 'region_txt_South America'})","frozenset({'attacktype1_txt_Bombing/Explosion', 'casualty_level_0_None'})",0.046133250952528064,0.2247181644772006,0.0357081561900839,0.7740221088435373,3.4444127409293954,1.0,0.025341176714665722,3.430786222294681,0.7439977835880972,0.15185702667194959,0.7085216229733049,0.46646203310245904
"frozenset({'attacktype1_txt_Armed Assault', 'casualty_level_1_Low_1_5'})","frozenset({'weaptype1_txt_Firearms', 'decade_2010s'})",0.13213783093301165,0.15288014083194806,0.06940582844197302,0.5252532749471184,3.435719460282926,1.0,0.04920457823970605,1.7843616700540526,0.8168810354649364,0.3219012963384126,0.43957549818378033,0.48962089606162085
"frozenset({'attacktype1_txt_Armed Assault', 'casualty_level_1_Low_1_5', 'success_Success'})","frozenset({'weaptype1_txt_Firearms', 'decade_2010s'})",0.12830810421171868,0.15288014083194806,0.06736592278760953,0.525032484904074,3.43427525672684,1.0,0.04775016174584171,1.7835322042960449,0.813151702302915,0.31505561288843015,0.4393148620522402,0.48283891621795416
"frozenset({'weaptype1_txt_Explosives', 'region_txt_South America', 'success_Success'})","frozenset({'attacktype1_txt_Bombing/Explosion', 'casualty_level_0_None'})",0.041602306662547626,0.2247181644772006,0.03207457424324894,0.770980669495521,3.4308782794180526,1.0,0.022725780252023625,3.3852244429106695,0.7392854227732677,0.13692694159514343,0.7045986117422146,0.4568565598988723
"frozenset({'attacktype1_txt_Bombing/Explosion', 'casualty_level_2_Medium_6_20'})","frozenset({'weaptype1_txt_Explosives', 'region_txt_Middle East & North Africa', 'success_Success'})",0.07786947545983691,0.15370885250403324,0.04041563077707656,0.5190176322418135,3.3766281107862333,1.0,0.02844640305905405,1.759505554102638,0.7632830172455849,0.2114200697722142,0.4316585147069866,0.39097694602583877
"frozenset({'attacktype1_txt_Bombing/Explosion', 'region_txt_South America'})","frozenset({'weaptype1_txt_Explosives', 'casualty_level_0_None'})",0.0457213469261662,0.23142631576366515,0.0357081561900839,0.7809952809952809,3.3747038594903835,1.0,0.025127033319208875,3.509393257502245,0.7373922706302782,0.14789690679773337,0.7150504584055267,0.4676456434640564
"frozenset({'attacktype1_txt_Bombing/Explosion', 'region_txt_Middle East & North Africa', 'casualty_level_2_Medium_6_20'})","frozenset({'weaptype1_txt_Explosives', 'decade_2010s', 'success_Success'})",0.04128847502341478,0.23279932918487134,0.03224129730153827,0.7808788598574823,3.3543003005707472,1.0,0.02262936801302099,3.501262681985575,0.732102632950179,0.1333130575831306,0.7143887531932059,0.45968640201931515
"frozenset({'success_Failed', 'weaptype1_txt_Explosives', 'decade_2010s'})","frozenset({'attacktype1_txt_Bombing/Explosion', 'casualty_level_0_None'})",0.046961962624613225,0.2247181644772006,0.0353698064541438,0.7531586091677979,3.351569780395797,1.0,0.02481660041289382,3.1408097033848774,0.7362060298137681,0.1496752505654583,0.6816107645992396,0.4552774519642642
"frozenset({'success_Failed', 'weaptype1_txt_Explosives', 'attacktype1_txt_Bombing/Explosion'})","frozenset({'casualty_level_0_None', 'decade_2010s'})",0.058294226968925764,0.18238521852979683,0.0353698064541438,0.6067462987886945,3.3267295654750026,1.0,0.024737801129390703,2.0791025715759948,0.74269957891517,0.17227543050944613,0.5190232489386114,0.40033771357136505
"frozenset({'attacktype1_txt_Bombing/Explosion', 'region_txt_South America', 'success_Success'})","frozenset({'weaptype1_txt_Explosives', 'casualty_level_0_None'})",0.04169057181105374,0.23142631576366515,0.03207457424324894,0.7693483886144437,3.3243772907836022,1.0,0.022426278806936262,3.332184326046568,0.7296096272041899,0.13306615672552688,0.6998965536860206,0.4539717893914469
"frozenset({'targtype1_txt_Private Citizens & Property', 'attacktype1_txt_Bombing/Explosion'})","frozenset({'weaptype1_txt_Explosives', 'region_txt_Middle East & North Africa', 'success_Success'})",0.11059132745879734,0.15370885250403324,0.056332779224345486,0.5093779098124418,3.3139139451911266,1.0,0.03933391318375597,1.724934862130731,0.7850631941385525,0.27087312253896395,0.420267963762558,0.43793402604767434
"frozenset({'weaptype1_txt_Explosives', 'success_Failed'})","frozenset({'attacktype1_txt_Bombing/Explosion', 'casualty_level_0_None'})",0.06985696142322648,0.2247181644772006,0.051821449411810855,0.7418222658991999,3.301122842583842,1.0,0.03612332126482879,3.0028996815817846,0.7494253471386295,0.21347338652661346,0.6669885423967118,0.4862143384834555
"frozenset({'region_txt_Western Europe', 'weaptype1_txt_Explosives'})","frozenset({'attacktype1_txt_Bombing/Explosion', 'casualty_level_0_None'})",0.04312733228395879,0.2247181644772006,0.03198630909474283,0.7416714042069357,3.300451505255081,1.0,0.022294814145093295,3.001146013830554,0.728426231986753,0.13561612507536538,0.6667939529127954,0.4420055364805818
"frozenset({'attacktype1_txt_Bombing/Explosion', 'success_Failed'})","frozenset({'decade_2010s', 'casualty_level_0_None'})",0.058902275769745646,0.18238521852979683,0.03540413178967396,0.601065601065601,3.2955828652715247,1.0,0.02466122735150654,2.0494968186602835,0.7401606884621902,0.17196208259896154,0.5120753587440645,0.39759146590893646
"frozenset({'region_txt_Western Europe', 'attacktype1_txt_Bombing/Explosion'})","frozenset({'weaptype1_txt_Explosives', 'casualty_level_0_None'})",0.04233784956676523,0.23142631576366515,0.03198630909474283,0.7555015056752374,3.264544497380164,1.0,0.022188216552150065,3.1434700093304193,0.7243457945161023,0.1322962722589543,0.6818802161204628,0.446857649754665
"frozenset({'targtype1_txt_Private Citizens & Property', 'weaptype1_txt_Explosives', 'region_txt_Middle East & North Africa'})","frozenset({'attacktype1_txt_Bombing/Explosion', 'decade_2010s', 'success_Success'})",0.060540084636470176,0.21843172445582085,0.04299983818056107,0.710270532966143,3.251682120514502,1.0,0.029775963094715543,2.697579516317707,0.7370903777939292,0.1822243464527659,0.6292973037676992,0.45356382187649386
"frozenset({'weaptype1_txt_Firearms', 'success_Success', 'targtype1_txt_Police'})",frozenset({'attacktype1_txt_Armed Assault'}),0.05357204152384875,0.236016103485983,0.040739269654932304,0.7604576659038902,3.222058387846632,1.0,0.02809540515868424,3.1893481350460973,0.7286760560119093,0.16371088515803578,0.686456304656266,0.46653495582493754
"frozenset({'targtype1_txt_Private Citizens & Property', 'weaptype1_txt_Explosives', 'success_Success'})","frozenset({'attacktype1_txt_Bombing/Explosion', 'region_txt_Middle East & North Africa'})",0.1042901765793332,0.16837067439477077,0.056332779224345486,0.5401542223058116,3.2081253118897504,1.0,0.03877337186093342,1.808496165334562,0.7684313153694589,0.2604043884305014,0.4470543984731063,0.437365088785711
"frozenset({'attacktype1_txt_Bombing/Explosion', 'region_txt_South Asia', 'casualty_level_1_Low_1_5'})","frozenset({'weaptype1_txt_Explosives', 'decade_2010s', 'success_Success'})",0.04048918506749832,0.23279932918487134,0.030221006124620583,0.7463969964878284,3.2061819039654416,1.0,0.020795151001664864,3.025203409226607,0.7171389074946322,0.12433173959531159,0.6694437151068628,0.43810634447877467
frozenset({'attacktype1_txt_Assassination'}),"frozenset({'weaptype1_txt_Firearms', 'casualty_level_1_Low_1_5'})",0.10342713957171788,0.2003373690120678,0.06622337947639152,0.6402901574056514,3.1960595297978682,1.0,0.04550305845014964,2.2230768700141645,0.7663791135598468,0.2787870030139135,0.5501729996436747,0.4854247262367873
"frozenset({'weaptype1_txt_Firearms', 'targtype1_txt_Police'})",frozenset({'attacktype1_txt_Armed Assault'}),0.058451142788492186,0.236016103485983,0.04390700776242945,0.7511744966442954,3.182725608758758,1.0,0.03011159679718671,3.0703600965769,0.7283784441622464,0.17523533671252717,0.6743053034349666,0.4686042228292221
"frozenset({'weaptype1_txt_Explosives', 'decade_1980s'})","frozenset({'attacktype1_txt_Bombing/Explosion', 'casualty_level_0_None'})",0.0685035624794661,0.2247181644772006,0.04883024160132594,0.7128131710808876,3.172031832581153,1.0,0.03343624678079109,2.699573091289508,0.7351017397183119,0.19980336684122876,0.6295710595032161,0.46505432595548296
"frozenset({'weaptype1_txt_Explosives', 'decade_1980s', 'success_Success'})","frozenset({'attacktype1_txt_Bombing/Explosion', 'casualty_level_0_None'})",0.061721856902579794,0.2247181644772006,0.04380403175583898,0.7097004846269961,3.158180320127173,1.0,0.029934009364566815,2.6706273847086686,0.7283149175201172,0.18053394232129502,0.6255561499422402,0.45231461920921456
"frozenset({'weaptype1_txt_Firearms', 'targtype1_txt_Police'})","frozenset({'success_Success', 'attacktype1_txt_Armed Assault'})",0.058451142788492186,0.22095708842696796,0.040739269654932304,0.696979865771812,3.15436753232826,1.0,0.027824075329158107,2.570927880938688,0.7253784361430484,0.17069362261669951,0.611035374654351,0.44067812640565746
"frozenset({'weaptype1_txt_Explosives', 'region_txt_South Asia', 'casualty_level_1_Low_1_5'})","frozenset({'attacktype1_txt_Bombing/Explosion', 'decade_2010s', 'success_Success'})",0.04405411634327297,0.21843172445582085,0.030221006124620583,0.6859973285841496,3.1405572166459583,1.0,0.020598189522382106,2.489049765150268,0.7129955567390652,0.13011442807076806,0.5982402545737657,0.4121759007944881
"frozenset({'targtype1_txt_Private Citizens & Property', 'attacktype1_txt_Bombing/Explosion', 'success_Success'})","frozenset({'weaptype1_txt_Explosives', 'region_txt_Middle East & North Africa'})",0.10251016275112661,0.1763537667152125,0.056332779224345486,0.549533604400861,3.116086572101879,1.0,0.03825472589659484,1.8284299147094063,0.7566488510072713,0.2531455895639144,0.4530826738530305,0.4344820730268124
"frozenset({'targtype1_txt_Private Citizens & Property', 'weaptype1_txt_Explosives'})","frozenset({'attacktype1_txt_Bombing/Explosion', 'region_txt_Middle East & North Africa'})",0.11353349907566775,0.16837067439477077,0.05948580647375828,0.523949380209908,3.111880273054134,1.0,0.04037009466799002,1.746934655755568,0.7655685524590412,0.2674500639357997,0.427568743510049,0.4386260181571441
"frozenset({'weaptype1_txt_Firearms', 'success_Success', 'decade_2010s', 'casualty_level_1_Low_1_5'})",frozenset({'attacktype1_txt_Armed Assault'}),0.0920703571305981,0.236016103485983,0.06736592278760953,0.731678738815509,3.10012210187583,1.0,0.04563583585108287,2.8472730529867363,0.7461283650874341,0.25838364460493896,0.6487867579293041,0.5085540439418386
"frozenset({'weaptype1_txt_Firearms', 'decade_2010s', 'casualty_level_1_Low_1_5'})","frozenset({'attacktype1_txt_Armed Assault', 'success_Success'})",0.09834698991325497,0.22095708842696796,0.06736592278760953,0.6849820502592741,3.1000682310569023,1.0,0.045635458240820326,2.4730111798842564,0.7513161350431139,0.2673907119778894,0.5956346626597933,0.4949322146547147
"frozenset({'targtype1_txt_Private Citizens & Property', 'attacktype1_txt_Bombing/Explosion', 'region_txt_Middle East & North Africa'})","frozenset({'weaptype1_txt_Explosives', 'decade_2010s', 'success_Success'})",0.05983886706778273,0.23279932918487134,0.04299983818056107,0.7185937884126854,3.086751971875458,1.0,0.029069390067998566,2.7263103628296492,0.719062772928772,0.17224852187236048,0.6332039031087804,0.45165076466447857
"frozenset({'attacktype1_txt_Armed Assault', 'decade_1980s'})","frozenset({'weaptype1_txt_Firearms', 'success_Success'})",0.03777257994125464,0.29607072980566956,0.03434004638823916,0.9091263144229522,3.0706389484015215,1.0,0.023156691078388907,7.74623881186705,0.7008061363315268,0.1146566685222175,0.8709050902913006,0.5125561347860894
"frozenset({'attacktype1_txt_Armed Assault', 'decade_2010s', 'success_Success'})","frozenset({'weaptype1_txt_Firearms', 'casualty_level_1_Low_1_5'})",0.10997347141925455,0.2003373690120678,0.06736592278760953,0.6125652115753333,3.057668245300925,1.0,0.045334126862352234,2.0639928444201123,0.7561048795200621,0.27728887453576617,0.5155021962874322,0.4744138014797484
"frozenset({'targtype1_txt_Private Citizens & Property', 'attacktype1_txt_Bombing/Explosion'})","frozenset({'weaptype1_txt_Explosives', 'region_txt_Middle East & North Africa'})",0.11059132745879734,0.1763537667152125,0.05948580647375828,0.5378885292422294,3.050054100125044,1.0,0.03998260931036386,1.7823540106766276,0.7557121757895724,0.26152287328073126,0.4389442310507247,0.4375990304981028
"frozenset({'weaptype1_txt_Explosives', 'region_txt_Middle East & North Africa', 'casualty_level_1_Low_1_5'})","frozenset({'attacktype1_txt_Bombing/Explosion', 'decade_2010s', 'success_Success'})",0.06548783657217393,0.21843172445582085,0.04360298336201951,0.6658180456757768,3.048174651985786,1.0,0.02929836228867859,2.338750687854025,0.7190220043152179,0.18143976493633693,0.5724212909082783,0.4327182045642326
"frozenset({'attacktype1_txt_Bombing/Explosion', 'decade_1980s'})","frozenset({'weaptype1_txt_Explosives', 'casualty_level_0_None'})",0.06931265967410545,0.23142631576366515,0.04883024160132594,0.7044923947647683,3.0441326105895534,1.0,0.03278946813716695,2.6008592354993043,0.721508900153305,0.1938410028809468,0.6155116792362569,0.45774466120270413
"frozenset({'attacktype1_txt_Bombing/Explosion', 'region_txt_Middle East & North Africa', 'casualty_level_1_Low_1_5'})","frozenset({'weaptype1_txt_Explosives', 'decade_2010s', 'success_Success'})",0.06169733880577254,0.23279932918487134,0.04360298336201951,0.7067238912732475,3.035764294286354,1.0,0.02923988427554393,2.615967165364756,0.7146880100360528,0.1737906772207564,0.6177322050368451,0.44701123473614984
"frozenset({'weaptype1_txt_Explosives', 'success_Failed'})","frozenset({'decade_2010s', 'casualty_level_0_None'})",0.06985696142322648,0.18238521852979683,0.038527737322918046,0.5515232345921662,3.0239470009575484,1.0,0.0257868601479153,1.823092843453516,0.7195735986521253,0.18027671339742557,0.45148158329354043,0.38138349179196956
"frozenset({'weaptype1_txt_Explosives', 'region_txt_Middle East & North Africa', 'success_Success', 'casualty_level_2_Medium_6_20'})","frozenset({'attacktype1_txt_Bombing/Explosion', 'decade_2010s'})",0.04168076457233084,0.25807748699314964,0.03224129730153827,0.7735294117647059,2.9972758212158133,1.0,0.021484430324758025,3.2760214860042747,0.6953462691693643,0.12052057556594266,0.6947516967540748,0.4492290798135709
"frozenset({'weaptype1_txt_Explosives', 'success_Success', 'casualty_level_2_Medium_6_20'})","frozenset({'attacktype1_txt_Bombing/Explosion', 'region_txt_Middle East & North Africa'})",0.08013494760482712,0.16837067439477077,0.04041563077707656,0.5043446334597969,2.9954422601959996,1.0,0.026923255606262193,1.6778378319803278,0.724192618099364,0.19422188707701007,0.40399484328010754,0.3721921210169441
"frozenset({'attacktype1_txt_Bombing/Explosion', 'casualty_level_2_Medium_6_20'})","frozenset({'weaptype1_txt_Explosives', 'region_txt_Middle East & North Africa'})",0.07786947545983691,0.1763537667152125,0.0410874266295953,0.5276448362720403,2.9919680543263665,1.0,0.02735485132011526,1.7437011311241735,0.7219930528136033,0.19277579661796845,0.42650722526325674,0.38031390962751166
"frozenset({'attacktype1_txt_Armed Assault', 'region_txt_South Asia', 'casualty_level_1_Low_1_5'})","frozenset({'weaptype1_txt_Firearms', 'success_Success'})",0.03942509966606352,0.29607072980566956,0.034923577092251794,0.8858208955223881,2.9919232343697395,1.0,0.023250959061459107,6.165132170329431,0.693092048761863,0.11619028974158185,0.8377974758087684,0.5018888836153131
"frozenset({'weaptype1_txt_Firearms', 'decade_2010s', 'casualty_level_1_Low_1_5'})",frozenset({'attacktype1_txt_Armed Assault'}),0.09834698991325497,0.236016103485983,0.06940582844197302,0.7057239728759473,2.9901517839347784,1.0,0.04619435509307131,2.596147243050682,0.7381651356300468,0.2619510299261562,0.6148138351255765,0.4998982001048412
"frozenset({'attacktype1_txt_Bombing/Explosion', 'success_Success', 'casualty_level_2_Medium_6_20'})","frozenset({'weaptype1_txt_Explosives', 'region_txt_Middle East & North Africa'})",0.07679067920031775,0.1763537667152125,0.04041563077707656,0.526309067688378,2.9843936848726123,1.0,0.026873305251481,1.738784040609298,0.7202305575431119,0.18998663039970493,0.42488545061088556,0.3777413428754425
"frozenset({'attacktype1_txt_Bombing/Explosion', 'decade_1980s', 'success_Success'})","frozenset({'weaptype1_txt_Explosives', 'casualty_level_0_None'})",0.06345773815653334,0.23142631576366515,0.04380403175583898,0.6902866857275326,2.98274931893424,1.0,0.029118241207577115,2.4815648821612797,0.7097798636124872,0.17446243384176705,0.5970284689356717,0.4397826054975199
"frozenset({'attacktype1_txt_Armed Assault', 'casualty_level_1_Low_1_5'})","frozenset({'weaptype1_txt_Firearms', 'success_Success'})",0.13213783093301165,0.29607072980566956,0.11645605621509236,0.8813225962073701,2.976729907700904,1.0,0.07733391217581742,5.931451545943287,0.7651686089021613,0.37355291304894933,0.8314072040790871,0.6373306147421958
"frozenset({'attacktype1_txt_Armed Assault', 'region_txt_South Asia', 'success_Success'})","frozenset({'weaptype1_txt_Firearms', 'casualty_level_1_Low_1_5'})",0.05866199842103457,0.2003373690120678,0.034923577092251794,0.595335618155981,2.9716653517603078,1.0,0.02317138666759165,1.9761132110119055,0.7048354071660544,0.15585609243697482,0.4939561182894317,0.3848297231643937
"frozenset({'weaptype1_txt_Explosives', 'region_txt_Middle East & North Africa', 'casualty_level_2_Medium_6_20'})","frozenset({'attacktype1_txt_Bombing/Explosion', 'decade_2010s'})",0.042833115122271746,0.25807748699314964,0.032805213528105094,0.7658843732112193,2.9676527857369783,1.0,0.021750950817260927,3.1690431056796275,0.6927040272670931,0.12235939643347053,0.6844473342101979,0.44649909331281085
"frozenset({'weaptype1_txt_Explosives', 'targtype1_txt_Business'})","frozenset({'attacktype1_txt_Bombing/Explosion', 'casualty_level_0_None', 'success_Success'})",0.061427639740892756,0.17242106398732904,0.03138806753264584,0.5109762912109842,2.963537513308322,1.0,0.020796648530290777,1.6923084119214378,0.7059289834662943,0.15503293935283857,0.40909116036089105,0.3465097029685545
frozenset({'attacktype1_txt_Assassination'}),"frozenset({'weaptype1_txt_Firearms', 'success_Success', 'casualty_level_1_Low_1_5'})",0.10342713957171788,0.18785275411781435,0.057313503096635625,0.5541437511852835,2.9498835605984506,1.0,0.03788443007756084,1.821545056374634,0.7372558302893689,0.24496468467713203,0.4510155010986828,0.4296208849638078
"frozenset({'weaptype1_txt_Firearms', 'success_Success', 'decade_2010s', 'region_txt_South Asia'})",frozenset({'attacktype1_txt_Armed Assault'}),0.0467462033727094,0.236016103485983,0.032530610843863855,0.6958984579880415,2.9485210869493526,1.0,0.021497754071073665,2.5122657762911773,0.693253911056842,0.13000195963158925,0.6019529424644371,0.4168653121836491
"frozenset({'attacktype1_txt_Armed Assault', 'decade_2010s'})","frozenset({'weaptype1_txt_Firearms', 'success_Success', 'casualty_level_1_Low_1_5'})",0.12181571217715796,0.18785275411781435,0.06736592278760953,0.5530150551485387,2.9438751523531455,1.0,0.044482505760307434,1.8169454144637294,0.7519055974743093,0.27802400178090786,0.44962573336571615,0.45581265169653823
"frozenset({'attacktype1_txt_Armed Assault', 'region_txt_South Asia'})","frozenset({'weaptype1_txt_Firearms', 'success_Success', 'casualty_level_1_Low_1_5'})",0.06316842461420774,0.18785275411781435,0.034923577092251794,0.552864462040056,2.9430734973058725,1.0,0.023057214555189335,1.8163334759469303,0.7047362325123762,0.1616102021829404,0.44944030749713604,0.36938688919434737
"frozenset({'attacktype1_txt_Bombing/Explosion', 'targtype1_txt_Business'})","frozenset({'weaptype1_txt_Explosives', 'casualty_level_0_None', 'success_Success'})",0.06135408545047099,0.1745051022159456,0.03138806753264584,0.5115888746803069,2.9316556833233953,1.0,0.020681466579745542,1.6901639929756322,0.7019641938267474,0.15350856156170556,0.4083414365966691,0.3457289639931447
"frozenset({'attacktype1_txt_Armed Assault', 'casualty_level_2_Medium_6_20'})","frozenset({'weaptype1_txt_Firearms', 'success_Success'})",0.04254380157994616,0.29607072980566956,0.03690463931427787,0.8674504379898571,2.929875704225207,1.0,0.024308664931795614,5.310687259309576,0.6879568942439199,0.12231829410999873,0.8117004539766466,0.4960492443021597
"frozenset({'targtype1_txt_Private Citizens & Property', 'weaptype1_txt_Explosives', 'region_txt_Middle East & North Africa', 'success_Success'})","frozenset({'attacktype1_txt_Bombing/Explosion', 'decade_2010s'})",0.05702909317367149,0.25807748699314964,0.04299983818056107,0.7539982803095442,2.9215964906290264,1.0,0.02828191312880175,3.0159240916706276,0.697499127890394,0.15802562577715304,0.6684266680445315,0.4603071393947493
"frozenset({'weaptype1_txt_Firearms', 'decade_2010s', 'region_txt_South Asia'})",frozenset({'attacktype1_txt_Armed Assault'}),0.05255699231602846,0.236016103485983,0.036237747081120576,0.6894943086396716,2.921386712413972,1.0,0.023833450543748788,2.4604505417179197,0.6941808652817391,0.1436094755047708,0.593570371342727,0.4215168038180802
"frozenset({'weaptype1_txt_Firearms', 'success_Success', 'decade_2010s'})",frozenset({'attacktype1_txt_Armed Assault'}),0.1357223766862321,0.236016103485983,0.09338943073882833,0.6880916251174218,2.915443543699922,1.0,0.061356764237487,2.449385646671489,0.7601712687537905,0.33551194418997954,0.591734359446861,0.541891275981453
"frozenset({'attacktype1_txt_Armed Assault', 'decade_2010s', 'casualty_level_1_Low_1_5'})","frozenset({'weaptype1_txt_Firearms', 'success_Success'})",0.0780999455698251,0.29607072980566956,0.06736592278760953,0.862560431970867,2.9133593602347028,1.0,0.04424281490496834,5.121736631514432,0.7123913654120144,0.21957261815333962,0.8047537247723896,0.5450468197152688
"frozenset({'weaptype1_txt_Firearms', 'success_Success', 'region_txt_Sub-Saharan Africa'})",frozenset({'attacktype1_txt_Armed Assault'}),0.0456625034938288,0.236016103485983,0.03130960962286263,0.6856743986254294,2.905201757413776,1.0,0.020532523472834074,2.4305493831016483,0.6871676207163443,0.12505386031571936,0.5885703837360876,0.4091665920118068
"frozenset({'targtype1_txt_Private Citizens & Property', 'weaptype1_txt_Explosives', 'region_txt_Middle East & North Africa'})","frozenset({'attacktype1_txt_Bombing/Explosion', 'decade_2010s'})",0.060540084636470176,0.25807748699314964,0.045353575474057405,0.7491495221124251,2.9028084969391785,1.0,0.029729542568724593,2.957628461602382,0.6977477455857012,0.16596981714429274,0.6618912710022338,0.4624428971002939
"frozenset({'weaptype1_txt_Firearms', 'region_txt_Sub-Saharan Africa'})","frozenset({'success_Success', 'attacktype1_txt_Armed Assault'})",0.04896263932408511,0.22095708842696796,0.03130960962286263,0.6394591887831746,2.8940424284896045,1.0,0.02049096739611302,2.160762075571312,0.6881565238177809,0.13121660501438553,0.5372003186720143,0.3905795721989553
"frozenset({'weaptype1_txt_Firearms', 'region_txt_South Asia', 'casualty_level_1_Low_1_5'})","frozenset({'attacktype1_txt_Armed Assault', 'success_Success'})",0.05491072960952479,0.22095708842696796,0.034923577092251794,0.6360064297195929,2.8784160501364022,1.0,0.022790662154330697,2.1402655848368046,0.6905027143569955,0.14494464343861935,0.5327682661980242,0.39703117757617457
"frozenset({'weaptype1_txt_Firearms', 'decade_2010s'})",frozenset({'attacktype1_txt_Armed Assault'}),0.15288014083194806,0.236016103485983,0.10364780244298316,0.6779677326234083,2.872548621088784,1.0,0.06756562730343846,2.3723830619140944,0.7695216653870679,0.36335974970346047,0.5784829119488079,0.5585616851810399
"frozenset({'weaptype1_txt_Firearms', 'region_txt_Sub-Saharan Africa'})",frozenset({'attacktype1_txt_Armed Assault'}),0.04896263932408511,0.236016103485983,0.03313865964468374,0.6768152228342513,2.867665438237554,1.0,0.021582688295023605,2.3639229026007,0.6848146173972931,0.1315861209548658,0.5769743594853126,0.40861184569441056
"frozenset({'weaptype1_txt_Firearms', 'success_Success', 'region_txt_South Asia', 'casualty_level_1_Low_1_5'})",frozenset({'attacktype1_txt_Armed Assault'}),0.051723377024581844,0.236016103485983,0.034923577092251794,0.6751990898748579,2.86081788446676,1.0,0.022716027187773567,2.352160578058918,0.6859281319071645,0.13813837112322286,0.5748589576204727,0.41158512595589936
"frozenset({'success_Success', 'attacktype1_txt_Armed Assault', 'decade_1980s'})",frozenset({'weaptype1_txt_Firearms'}),0.03730183248255537,0.32280035894493725,0.03434004638823916,0.9205994478769556,2.8519158122559274,1.0,0.02229900147356637,8.528903426334224,0.674519320108594,0.10541447774449447,0.8827516328872532,0.5134905668800385
"frozenset({'weaptype1_txt_Firearms', 'success_Success', 'region_txt_Middle East & North Africa'})",frozenset({'attacktype1_txt_Armed Assault'}),0.05861296222742006,0.236016103485983,0.03942509966606352,0.6726344850665105,2.849951656398133,1.0,0.025591496707376735,2.3337335842146802,0.6895323910974667,0.15448466682038273,0.5715020742881807,0.41983929692647376
"frozenset({'attacktype1_txt_Armed Assault', 'region_txt_South Asia'})","frozenset({'weaptype1_txt_Firearms', 'casualty_level_1_Low_1_5'})",0.06316842461420774,0.2003373690120678,0.03606121678410835,0.5708740878745536,2.8495636669770064,1.0,0.023406220792260825,1.8634685261191286,0.6928343330761428,0.15854946855528962,0.4633663053689421,0.375438267777688
"frozenset({'attacktype1_txt_Armed Assault', 'decade_1980s'})",frozenset({'weaptype1_txt_Firearms'}),0.03777257994125464,0.32280035894493725,0.03470781784034796,0.9188627807347787,2.8465358085042176,1.0,0.022514815477034628,8.346350136075438,0.6741605790895866,0.10650976615403135,0.8801871496287103,0.5131918910585741
"frozenset({'attacktype1_txt_Armed Assault', 'decade_2010s'})","frozenset({'weaptype1_txt_Firearms', 'casualty_level_1_Low_1_5'})",0.12181571217715796,0.2003373690120678,0.06940582844197302,0.5697608888173255,2.84400704485145,1.0,0.04500158916006988,1.858646994667123,0.7383227413111929,0.2746056690530237,0.4619742194891094,0.4581028162113796
"frozenset({'attacktype1_txt_Bombing/Explosion', 'region_txt_Middle East & North Africa', 'casualty_level_2_Medium_6_20'})","frozenset({'weaptype1_txt_Explosives', 'decade_2010s'})",0.04128847502341478,0.27976129180948456,0.032805213528105094,0.7945368171021377,2.840052717669075,1.0,0.021254296418710936,3.5054392618289825,0.6757964654181795,0.11381035010717569,0.7147290466877909,0.45589913140039934
"frozenset({'weaptype1_txt_Explosives', 'casualty_level_2_Medium_6_20'})","frozenset({'attacktype1_txt_Bombing/Explosion', 'decade_2010s', 'success_Success'})",0.08238080527237154,0.21843172445582085,0.05106629203014745,0.6198809523809523,2.837870524189022,1.0,0.03307171067244416,2.056114473714721,0.7057645590174239,0.20447271799100744,0.513645756214473,0.42683350571118556
"frozenset({'attacktype1_txt_Bombing/Explosion', 'region_txt_Middle East & North Africa', 'success_Success', 'casualty_level_2_Medium_6_20'})","frozenset({'weaptype1_txt_Explosives', 'decade_2010s'})",0.040611775551534585,0.27976129180948456,0.03224129730153827,0.7938903646462209,2.837741988934104,1.0,0.02087969451056411,3.494444628725163,0.6750209445265011,0.11189775183376166,0.7138314936285545,0.454568052686989
"frozenset({'weaptype1_txt_Firearms', 'success_Success', 'region_txt_South Asia'})",frozenset({'attacktype1_txt_Armed Assault'}),0.07643271498693185,0.236016103485983,0.05113003908184631,0.6689548983126965,2.8343612509153457,1.0,0.033090687511775956,2.30779399127209,0.7007468028490998,0.19566155636036106,0.5666857597420186,0.4427964119869564
"frozenset({'attacktype1_txt_Armed Assault', 'region_txt_South Asia', 'casualty_level_1_Low_1_5'})",frozenset({'weaptype1_txt_Firearms'}),0.03942509966606352,0.32280035894493725,0.03606121678410835,0.9146766169154228,2.8335675335213826,1.0,0.02333478046046312,7.9368587668843995,0.673646578334532,0.11056152747500564,0.8740055695368574,0.5131951496675126
"frozenset({'attacktype1_txt_Armed Assault', 'casualty_level_1_Low_1_5', 'region_txt_South Asia', 'success_Success'})",frozenset({'weaptype1_txt_Firearms'}),0.03827765273548406,0.32280035894493725,0.034923577092251794,0.9123750960799386,2.826437675168664,1.0,0.02256753704966788,7.728392394847698,0.6719171650818861,0.10707681205177937,0.8706069841036188,0.5102822479442668
"frozenset({'attacktype1_txt_Bombing/Explosion', 'casualty_level_2_Medium_6_20'})","frozenset({'weaptype1_txt_Explosives', 'decade_2010s', 'success_Success'})",0.07786947545983691,0.23279932918487134,0.05106629203014745,0.655793450881612,2.8169902945073835,1.0,0.03293833037911962,2.2288962042708085,0.699479286658991,0.19670954458737086,0.5513474346253133,0.43757550374517673
"frozenset({'weaptype1_txt_Explosives', 'casualty_level_0_None', 'region_txt_South Asia'})","frozenset({'attacktype1_txt_Bombing/Explosion', 'decade_2010s'})",0.0503356527452913,0.25807748699314964,0.036590807675145026,0.7269361909400877,2.816736164822402,1.0,0.023600308908480413,2.7170298237657216,0.6791654080881977,0.13461295618133606,0.6319510403407976,0.4343592222038458
"frozenset({'success_Success', 'attacktype1_txt_Armed Assault', 'casualty_level_1_Low_1_5'})",frozenset({'weaptype1_txt_Firearms'}),0.12830810421171868,0.32280035894493725,0.11645605621509236,0.9076282198272567,2.8117323747526517,1.0,0.07503815412000517,7.331239473664363,0.7391916548381048,0.3479910910529555,0.8635974171090375,0.6341981351912416
"frozenset({'weaptype1_txt_Explosives', 'decade_1990s'})","frozenset({'attacktype1_txt_Bombing/Explosion', 'casualty_level_0_None'})",0.05435171700231941,0.2247181644772006,0.03425178123973305,0.63018765788524,2.8043467663210526,1.0,0.022037963158787574,2.096419581589341,0.6803911449171457,0.13990706245242962,0.5229962509499753,0.3913043598523457
"frozenset({'attacktype1_txt_Armed Assault', 'targtype1_txt_Police'})","frozenset({'weaptype1_txt_Firearms', 'success_Success'})",0.04909013342748283,0.29607072980566956,0.040739269654932304,0.8298871241634201,2.8030029334819044,1.0,0.02620511802479977,4.1380128737025474,0.6764466142916049,0.1338251638987774,0.7583381128765712,0.4837434560828363
"frozenset({'attacktype1_txt_Armed Assault', 'casualty_level_1_Low_1_5'})",frozenset({'weaptype1_txt_Firearms'}),0.13213783093301165,0.32280035894493725,0.11953062555472194,0.9045904924481389,2.8023218295195345,1.0,0.07687648629934035,7.097821364259344,0.7410774108290878,0.35637426900584795,0.859111697987295,0.6374416102885395
"frozenset({'weaptype1_txt_Firearms', 'region_txt_South Asia'})",frozenset({'attacktype1_txt_Armed Assault'}),0.08382246936463804,0.236016103485983,0.05543541688120002,0.6613431613431614,2.802110328808299,1.0,0.035651964277184964,2.2559234284005196,0.7019666966542301,0.20966246290801188,0.5567225432340965,0.44811148426801545
"frozenset({'weaptype1_txt_Firearms', 'decade_2010s', 'region_txt_South Asia'})","frozenset({'attacktype1_txt_Armed Assault', 'success_Success'})",0.05255699231602846,0.22095708842696796,0.032530610843863855,0.6189587609628663,2.8012622965361356,1.0,0.020917770845235682,2.0445107556904407,0.6786878707223261,0.13499104671984372,0.5108854295744238,0.3830923409785481
"frozenset({'weaptype1_txt_Explosives', 'casualty_level_1_Low_1_5', 'region_txt_South Asia', 'success_Success'})","frozenset({'attacktype1_txt_Bombing/Explosion', 'decade_2010s'})",0.041876909346788865,0.25807748699314964,0.030221006124620583,0.7216627634660422,2.7963026603912873,1.0,0.019413518597361373,2.6655524867810274,0.6704617873461501,0.1120402857818096,0.6248432529619332,0.41938163824071634
"frozenset({'weaptype1_txt_Firearms', 'region_txt_South Asia', 'casualty_level_1_Low_1_5'})",frozenset({'attacktype1_txt_Armed Assault'}),0.05491072960952479,0.236016103485983,0.03606121678410835,0.6567244150741204,2.7825407053765856,1.0,0.023101400342095915,2.225570154309043,0.6778367281115266,0.14149110149110147,0.550676936395895,0.4047578776872752
"frozenset({'weaptype1_txt_Explosives', 'region_txt_Middle East & North Africa', 'casualty_level_1_Low_1_5', 'success_Success'})","frozenset({'attacktype1_txt_Bombing/Explosion', 'decade_2010s'})",0.06080488008198852,0.25807748699314964,0.04360298336201951,0.7170967741935484,2.7786103412134624,1.0,0.027910612713540093,2.622531117812128,0.6815493972612141,0.15839538280665502,0.6186889859159195,0.44302492139280314
"frozenset({'success_Success', 'attacktype1_txt_Armed Assault', 'targtype1_txt_Police'})",frozenset({'weaptype1_txt_Firearms'}),0.04544674424192496,0.32280035894493725,0.040739269654932304,0.8964177816141562,2.7770036704546097,1.0,0.026069044300760166,6.537798201352415,0.6703655808252362,0.12439174115498061,0.8470433058345028,0.5113117785920969
"frozenset({'attacktype1_txt_Armed Assault', 'targtype1_txt_Police'})",frozenset({'weaptype1_txt_Firearms'}),0.04909013342748283,0.32280035894493725,0.04390700776242945,0.894416142243532,2.770802811889376,1.0,0.028060695071383132,6.413855824600027,0.6720865892255687,0.13386956911760312,0.8440875461895249,0.5152176109902131
"frozenset({'attacktype1_txt_Bombing/Explosion', 'casualty_level_1_Low_1_5'})","frozenset({'weaptype1_txt_Explosives', 'decade_2010s', 'success_Success'})",0.14036120060216445,0.23279932918487134,0.09049139169621097,0.6447037451089994,2.769353964061577,1.0,0.057815398352443925,2.1593266471398467,0.7432248909423594,0.32013184144331686,0.5368926691454681,0.5167067961985229
"frozenset({'attacktype1_txt_Bombing/Explosion', 'decade_1990s'})","frozenset({'weaptype1_txt_Explosives', 'casualty_level_0_None'})",0.05344945103981249,0.23142631576366515,0.03425178123973305,0.6408256880733945,2.769026875611726,1.0,0.02188217170599884,2.1398347785890293,0.6749373286543258,0.13666601447857563,0.5326741998934221,0.3944143272446642
"frozenset({'attacktype1_txt_Armed Assault', 'decade_2010s', 'casualty_level_1_Low_1_5', 'success_Success'})",frozenset({'weaptype1_txt_Firearms'}),0.07544218387591882,0.32280035894493725,0.06736592278760953,0.8929476763080921,2.766253665970705,1.0,0.043013158752872975,6.3258752141057215,0.6906006763496253,0.20359831643843732,0.8419191074509097,0.5508199470118443
"frozenset({'weaptype1_txt_Firearms', 'decade_2010s'})","frozenset({'success_Success', 'attacktype1_txt_Armed Assault'})",0.15288014083194806,0.22095708842696796,0.09338943073882833,0.6108669852776085,2.764640816126231,1.0,0.05960947994229626,2.001996443629445,0.7534817567076146,0.3330011190376276,0.500498613180807,0.5167628312983693
"frozenset({'weaptype1_txt_Firearms', 'region_txt_South Asia'})","frozenset({'success_Success', 'attacktype1_txt_Armed Assault'})",0.08382246936463804,0.22095708842696796,0.05113003908184631,0.60998010998011,2.7606270263726986,1.0,0.03260887030627717,1.9974440573615435,0.6961133975125897,0.20157751271096333,0.4993601966901059,0.42069134216271364
"frozenset({'attacktype1_txt_Armed Assault', 'casualty_level_2_Medium_6_20'})",frozenset({'weaptype1_txt_Firearms'}),0.04254380157994616,0.32280035894493725,0.0378657487091222,0.8900414937759336,2.7572506322019157,1.0,0.024132594288233396,6.158683528085661,0.6656386761941038,0.11562822874084723,0.8376276365818012,0.5036727087892565
"frozenset({'attacktype1_txt_Bombing/Explosion', 'targtype1_txt_Military'})","frozenset({'weaptype1_txt_Explosives', 'decade_2010s', 'success_Success'})",0.06615963242469267,0.23279932918487134,0.04241630747654844,0.6411206640972428,2.753962678252024,1.0,0.027014389428962324,2.137767751061073,0.6820082907314821,0.16533822658027028,0.5322223382293733,0.4116609113008594
"frozenset({'weaptype1_txt_Firearms', 'region_txt_Middle East & North Africa'})",frozenset({'attacktype1_txt_Armed Assault'}),0.06522794474601704,0.236016103485983,0.04239178937974119,0.6499022703352879,2.753635284779988,1.0,0.02699694402238725,2.1822018018959533,0.6812823479165458,0.16376828066984925,0.5417472393565186,0.41475812027079995
"frozenset({'attacktype1_txt_Armed Assault', 'decade_2010s', 'casualty_level_1_Low_1_5'})",frozenset({'weaptype1_txt_Firearms'}),0.0780999455698251,0.32280035894493725,0.06940582844197302,0.8886796006780937,2.7530316372098063,1.0,0.04419513797845341,6.083338230729822,0.6907083577064224,0.20937250377207775,0.835616570693287,0.551845610848093
"frozenset({'success_Success', 'attacktype1_txt_Armed Assault', 'casualty_level_2_Medium_6_20'})",frozenset({'weaptype1_txt_Firearms'}),0.04155327046893312,0.32280035894493725,0.03690463931427787,0.8881283927307058,2.751324055628455,1.0,0.0234912286915702,6.053364723945786,0.6641356417942955,0.11270347574763767,0.8348026187742795,0.5012274526809585
"frozenset({'attacktype1_txt_Armed Assault', 'decade_2010s', 'region_txt_South Asia'})",frozenset({'weaptype1_txt_Firearms'}),0.04080301670663117,0.32280035894493725,0.036237747081120576,0.8881144093258021,2.75128073657841,1.0,0.023066518642183766,6.052608177464203,0.6636102095945101,0.11069502696225286,0.8347819699078954,0.5001874815925217
"frozenset({'weaptype1_txt_Explosives', 'region_txt_Middle East & North Africa'})","frozenset({'attacktype1_txt_Bombing/Explosion', 'decade_2010s', 'success_Success'})",0.1763537667152125,0.21843172445582085,0.10598192525903369,0.6009620731842954,2.751258200618398,1.0,0.06746066788115028,1.9586315561055578,0.7728195773747147,0.36696889432219504,0.4894394523141716,0.5430784100347339
"frozenset({'attacktype1_txt_Armed Assault', 'targtype1_txt_Military'})",frozenset({'weaptype1_txt_Firearms'}),0.06175618223810995,0.32280035894493725,0.05468025949953661,0.8854216293473083,2.742938800443967,1.0,0.03474534170600576,5.9103619400190315,0.677252019488891,0.16575990010702818,0.8308056240635612,0.5274075288877543
"frozenset({'attacktype1_txt_Facility/Infrastructure Attack', 'weaptype1_txt_Incendiary'})","frozenset({'success_Success', 'casualty_level_0_None'})",0.046687359940371986,0.3199023199023199,0.040940318048751784,0.8769036865875434,2.741160760745031,1.0,0.02600492329371215,5.524923218609227,0.6662987729460261,0.12571901822014755,0.8190020095425458,0.5024406228394352
"frozenset({'success_Success', 'attacktype1_txt_Armed Assault', 'targtype1_txt_Military'})",frozenset({'weaptype1_txt_Firearms'}),0.05614644168861036,0.32280035894493725,0.04966385689277256,0.8845414847161572,2.740212209203401,1.0,0.03153976536220814,5.865307027292337,0.6728424706214002,0.15082426173847002,0.8295059414030982,0.5191973248673071
"frozenset({'attacktype1_txt_Armed Assault', 'region_txt_Sub-Saharan Africa'})","frozenset({'weaptype1_txt_Firearms', 'success_Success'})",0.03864052056823141,0.29607072980566956,0.03130960962286263,0.8102791878172588,2.7367757304111002,1.0,0.019869282498155373,3.7103429091179416,0.6601136583581262,0.1031952547961146,0.7304831320192641,0.45801481335942273
"frozenset({'weaptype1_txt_Firearms', 'region_txt_Middle East & North Africa'})","frozenset({'success_Success', 'attacktype1_txt_Armed Assault'})",0.06522794474601704,0.22095708842696796,0.03942509966606352,0.6044203879115922,2.735465027234774,1.0,0.025012522910908455,1.9693707354132408,0.6787017652401793,0.15977107428162632,0.4922235910090509,0.39142457478136206
"frozenset({'attacktype1_txt_Armed Assault', 'region_txt_South Asia'})","frozenset({'weaptype1_txt_Firearms', 'success_Success'})",0.06316842461420774,0.29607072980566956,0.05113003908184631,0.8094240024840864,2.733887280972908,1.0,0.032427717505643404,3.693693221443328,0.6769845171589564,0.16594782996196267,0.7292682580690214,0.49105967754798246
"frozenset({'attacktype1_txt_Bombing/Explosion', 'casualty_level_1_Low_1_5', 'region_txt_South Asia', 'success_Success'})","frozenset({'weaptype1_txt_Explosives', 'decade_2010s'})",0.039582015485629944,0.27976129180948456,0.030221006124620583,0.7635034687809713,2.7291247614802683,1.0,0.019147490339937727,3.0454514680533484,0.6596941855381452,0.10452672105289938,0.6716414592417722,0.4357638636760497
"frozenset({'attacktype1_txt_Armed Assault', 'decade_2010s', 'region_txt_South Asia', 'success_Success'})",frozenset({'weaptype1_txt_Firearms'}),0.03692915741108512,0.32280035894493725,0.032530610843863855,0.8808923117779843,2.728907472894866,1.0,0.020609865576031488,5.685608134655158,0.657846708801846,0.09942151485178193,0.8241173193233705,0.49083428270240265
"frozenset({'attacktype1_txt_Bombing/Explosion', 'region_txt_South Asia', 'casualty_level_1_Low_1_5'})","frozenset({'weaptype1_txt_Explosives', 'decade_2010s'})",0.04048918506749832,0.27976129180948456,0.030878091119054974,0.7626256509628193,2.725987022830027,1.0,0.01955078440025835,3.034189292616879,0.6598783318887066,0.10670711041822004,0.6704226719033947,0.43649932201089153
"frozenset({'weaptype1_txt_Explosives', 'casualty_level_1_Low_1_5'})","frozenset({'attacktype1_txt_Bombing/Explosion', 'decade_2010s', 'success_Success'})",0.15213969430836902,0.21843172445582085,0.09049139169621097,0.5947914652227163,2.7230086046544786,1.0,0.05725925591025249,1.9288050681700362,0.7463011816259719,0.3230911987674422,0.48154429055458925,0.5045345809669536
frozenset({'attacktype1_txt_Armed Assault'}),"frozenset({'weaptype1_txt_Firearms', 'success_Success'})",0.236016103485983,0.29607072980566956,0.1900152502562141,0.8050944297853774,2.7192638404809997,1.0,0.12013779025122868,3.611642650434209,0.827574265104145,0.5554838802161727,0.723117678909962,0.7234422428830163
"frozenset({'weaptype1_txt_Firearms', 'success_Success'})",frozenset({'attacktype1_txt_Armed Assault'}),0.29607072980566956,0.236016103485983,0.1900152502562141,0.6417900559806552,2.7192638404809997,1.0,0.12013779025122868,2.132782490462517,0.8981774710610422,0.5554838802161727,0.5311289339293389,0.7234422428830163
"frozenset({'attacktype1_txt_Armed Assault', 'region_txt_South Asia'})",frozenset({'weaptype1_txt_Firearms'}),0.06316842461420774,0.32280035894493725,0.05543541688120002,0.8775811209439529,2.7186497679627712,1.0,0.03504462674174755,5.531823573919674,0.6747961574906802,0.16771504020413616,0.8192277850807467,0.5246569719319712
"frozenset({'attacktype1_txt_Armed Assault', 'targtype1_txt_Military'})","frozenset({'weaptype1_txt_Firearms', 'success_Success'})",0.06175618223810995,0.29607072980566956,0.04966385689277256,0.8041924726060029,2.7162174157973893,1.0,0.03137965894752341,3.595006175518005,0.6734293865316466,0.1611609700210044,0.7218363610026594,0.4859678451671573
"frozenset({'weaptype1_txt_Explosives', 'region_txt_South Asia', 'casualty_level_1_Low_1_5'})","frozenset({'attacktype1_txt_Bombing/Explosion', 'decade_2010s'})",0.04405411634327297,0.25807748699314964,0.030878091119054974,0.7009127337488869,2.7159003364268335,1.0,0.01950871548147924,2.4806222020296023,0.6609139566540091,0.11383480665979716,0.5968753326557277,0.4102796615732844
"frozenset({'weaptype1_txt_Explosives', 'region_txt_Middle East & North Africa', 'casualty_level_1_Low_1_5'})","frozenset({'attacktype1_txt_Bombing/Explosion', 'decade_2010s'})",0.06548783657217393,0.25807748699314964,0.04586845550700972,0.7004118307749906,2.713959434956766,1.0,0.028967519215844995,2.4764746716337127,0.6757907275445909,0.1651745510409493,0.5962001907573289,0.43907158135747437
"frozenset({'weaptype1_txt_Firearms', 'targtype1_txt_Private Citizens & Property'})","frozenset({'success_Success', 'attacktype1_txt_Armed Assault'})",0.0817678528521902,0.22095708842696796,0.049026386375783965,0.5995802098950525,2.7135595158479346,1.0,0.03095919968263927,1.945565456115068,0.6877131813340922,0.19324661267564794,0.4860106110247178,0.41073107254628344
"frozenset({'targtype1_txt_Private Citizens & Property', 'attacktype1_txt_Bombing/Explosion', 'region_txt_Middle East & North Africa', 'success_Success'})","frozenset({'weaptype1_txt_Explosives', 'decade_2010s'})",0.05664661086347833,0.27976129180948456,0.04299983818056107,0.7590893351800554,2.713346547230665,1.0,0.02715230914876519,2.9896505774404725,0.6693689062317155,0.14655302080721988,0.6655127500364509,0.4563956105893967
"frozenset({'region_txt_Middle East & North Africa', 'casualty_level_2_Medium_6_20'})","frozenset({'attacktype1_txt_Bombing/Explosion', 'decade_2010s', 'success_Success'})",0.05455276539613889,0.21843172445582085,0.03230994797259858,0.5922696629213483,2.7114635678350765,1.0,0.02039389335328613,1.9168754553414888,0.6676157739307067,0.13424746847048757,0.47831769809903935,0.37009374940881645
"frozenset({'region_txt_Middle East & North Africa', 'casualty_level_2_Medium_6_20'})","frozenset({'attacktype1_txt_Bombing/Explosion', 'weaptype1_txt_Explosives', 'decade_2010s', 'success_Success'})",0.05455276539613889,0.21802472404882042,0.03224129730153827,0.5910112359550562,2.7107532805440733,1.0,0.020347445679945047,1.911972515375137,0.6675135616726819,0.1341508202072962,0.476979929387847,0.3694451618576955
"frozenset({'targtype1_txt_Private Citizens & Property', 'attacktype1_txt_Armed Assault', 'casualty_level_1_Low_1_5'})",frozenset({'weaptype1_txt_Firearms'}),0.03442340791738382,0.32280035894493725,0.030113126498668666,0.8747863247863248,2.7099917969284055,1.0,0.019001238066829174,5.4083520821462345,0.6534905652983759,0.09205792408706602,0.8151007950645175,0.48403673893237764
"frozenset({'targtype1_txt_Private Citizens & Property', 'attacktype1_txt_Bombing/Explosion', 'region_txt_Middle East & North Africa'})","frozenset({'weaptype1_txt_Explosives', 'decade_2010s'})",0.05983886706778273,0.27976129180948456,0.045353575474057405,0.7579283782676391,2.709196734706898,1.0,0.028612976722758487,2.975312442805979,0.67104125010251,0.15413458654134587,0.6639008442901838,0.46002182076811815
"frozenset({'attacktype1_txt_Bombing/Explosion', 'casualty_level_0_None', 'region_txt_South Asia'})","frozenset({'weaptype1_txt_Explosives', 'decade_2010s'})",0.04836930138134957,0.27976129180948456,0.036590807675145026,0.7564882400648825,2.7040489953844133,1.0,0.02305894943677638,2.9577163270571387,0.6622150973269589,0.12550879671678944,0.6619013152640714,0.44364060043628334
"frozenset({'attacktype1_txt_Bombing/Explosion', 'region_txt_Middle East & North Africa'})","frozenset({'weaptype1_txt_Explosives', 'decade_2010s', 'success_Success'})",0.16837067439477077,0.23279932918487134,0.10598192525903369,0.629455964585275,2.703856436310473,1.0,0.06678534520552666,2.0704709764291644,0.7577388859836046,0.35903186152363864,0.5170181029416558,0.5423530481167554
"frozenset({'success_Success', 'attacktype1_txt_Armed Assault', 'region_txt_South Asia'})",frozenset({'weaptype1_txt_Firearms'}),0.05866199842103457,0.32280035894493725,0.05113003908184631,0.8716041126807657,2.7001336539078706,1.0,0.03219392493510901,5.274309443972469,0.6688861615438512,0.15478364135678765,0.8104017197658341,0.5149996744114458
"frozenset({'attacktype1_txt_Armed Assault', 'decade_2010s', 'region_txt_South Asia'})","frozenset({'weaptype1_txt_Firearms', 'success_Success'})",0.04080301670663117,0.29607072980566956,0.032530610843863855,0.7972599447181828,2.6928023085614585,1.0,0.020450031909258638,3.4720779237030364,0.655381182219541,0.10688794006283736,0.7119880308062091,0.4535672011510355
"frozenset({'targtype1_txt_Private Citizens & Property', 'attacktype1_txt_Armed Assault'})","frozenset({'weaptype1_txt_Firearms', 'success_Success'})",0.06163849537343513,0.29607072980566956,0.049026386375783965,0.7953858392999205,2.6864723838860525,1.0,0.03077703206644764,3.4402764099310787,0.6690008514503315,0.15882446386020652,0.7093256817640319,0.48048797745247107
frozenset({'attacktype1_txt_Facility/Infrastructure Attack'}),"frozenset({'success_Success', 'casualty_level_0_None'})",0.05825990163339561,0.3199023199023199,0.050065953680411515,0.8593552731251579,2.686305224005742,1.0,0.0314284759906073,4.835571835571839,0.6665761431189487,0.15259531602624463,0.7931992256544064,0.5079295756165045
"frozenset({'targtype1_txt_Private Citizens & Property', 'weaptype1_txt_Explosives'})","frozenset({'attacktype1_txt_Bombing/Explosion', 'decade_2010s', 'success_Success'})",0.11353349907566775,0.21843172445582085,0.06653230749616292,0.5860147713039346,2.682828113745262,1.0,0.04173298950956147,1.8879134359597682,0.7075947167759132,0.25065582856087193,0.4703146971928695,0.4453028172380039
"frozenset({'weaptype1_txt_Explosives', 'targtype1_txt_Military'})","frozenset({'attacktype1_txt_Bombing/Explosion', 'decade_2010s', 'success_Success'})",0.0724705905428797,0.21843172445582085,0.04241630747654844,0.5852899384261452,2.679509763905763,1.0,0.026586431411935525,1.8846137288737843,0.6757709217311116,0.1706989777795319,0.46938728892865256,0.389737796690904
"frozenset({'weaptype1_txt_Explosives', 'region_txt_Middle East & North Africa', 'success_Success'})","frozenset({'attacktype1_txt_Bombing/Explosion', 'decade_2010s'})",0.15370885250403324,0.25807748699314964,0.10598192525903369,0.6894978625661966,2.671669933706765,1.0,0.06631313087619209,2.389428037882742,0.7393463451298111,0.3465676763465516,0.5814898025193954,0.5500785911728949
"frozenset({'weaptype1_txt_Firearms', 'success_Success', 'targtype1_txt_Private Citizens & Property'})",frozenset({'attacktype1_txt_Armed Assault'}),0.0778106320274995,0.236016103485983,0.049026386375783965,0.6300731031005798,2.669619122569744,1.0,0.0306618241948719,2.0652293815816734,0.6781847109227124,0.18514471954223066,0.515792284906318,0.41889892715021515
"frozenset({'weaptype1_txt_Explosives', 'region_txt_Middle East & North Africa'})","frozenset({'attacktype1_txt_Bombing/Explosion', 'decade_2010s'})",0.1763537667152125,0.25807748699314964,0.1213841936733503,0.6882994105216327,2.6670261654396175,1.0,0.0758712567377121,2.380240968579693,0.7588822997559772,0.38775062656641607,0.5798744693497537,0.5793197603624693
frozenset({'attacktype1_txt_Armed Assault'}),frozenset({'weaptype1_txt_Firearms'}),0.236016103485983,0.32280035894493725,0.20298041984788973,0.8600278406847978,2.664271636796723,1.0,0.12679433692582895,4.838102408137336,0.8176388259093567,0.5704324339222226,0.7933073929319743,0.7444194255148913
frozenset({'weaptype1_txt_Firearms'}),frozenset({'attacktype1_txt_Armed Assault'}),0.32280035894493725,0.236016103485983,0.20298041984788973,0.6288110103449848,2.664271636796723,1.0,0.12679433692582895,2.058207322431808,0.9224205954778191,0.5704324339222226,0.5141402962173497,0.7444194255148913
"frozenset({'success_Success', 'attacktype1_txt_Armed Assault'})",frozenset({'weaptype1_txt_Firearms'}),0.22095708842696796,0.32280035894493725,0.1900152502562141,0.859964491788726,2.664075388885851,1.0,0.1186902228005606,4.835913760054057,0.8017982550663442,0.5371574321795423,0.7932138475544649,0.724305416533443
frozenset({'weaptype1_txt_Firearms'}),"frozenset({'success_Success', 'attacktype1_txt_Armed Assault'})",0.32280035894493725,0.22095708842696796,0.1900152502562141,0.5886463412781601,2.664075388885851,1.0,0.1186902228005606,1.8938519083400838,0.9223797669884951,0.5371574321795423,0.47197560928801646,0.724305416533443
"frozenset({'attacktype1_txt_Bombing/Explosion', 'region_txt_Middle East & North Africa', 'casualty_level_1_Low_1_5'})","frozenset({'weaptype1_txt_Explosives', 'decade_2010s'})",0.06169733880577254,0.27976129180948456,0.04586845550700972,0.7434430138292798,2.65741914837725,1.0,0.028607928301499354,2.807324481552993,0.6647056095838584,0.15517584605175846,0.6437889504504991,0.45369935168782927
"frozenset({'attacktype1_txt_Armed Assault', 'region_txt_Sub-Saharan Africa'})",frozenset({'weaptype1_txt_Firearms'}),0.03864052056823141,0.32280035894493725,0.03313865964468374,0.8576142131979695,2.6567944843712517,1.0,0.020665485735439408,4.756090170689744,0.6486715730358733,0.10093949306209017,0.7897432630351127,0.4801370675584403
"frozenset({'attacktype1_txt_Bombing/Explosion', 'region_txt_Middle East & North Africa', 'casualty_level_1_Low_1_5', 'success_Success'})","frozenset({'weaptype1_txt_Explosives', 'decade_2010s'})",0.05883852871804679,0.27976129180948456,0.04360298336201951,0.7410617551462623,2.648907396563353,1.0,0.027142240559689283,2.7815076471123263,0.6614017659519521,0.14780830798384284,0.6404827428613512,0.44845978453520086
"frozenset({'weaptype1_txt_Firearms', 'targtype1_txt_Private Citizens & Property'})",frozenset({'attacktype1_txt_Armed Assault'}),0.0817678528521902,0.236016103485983,0.05098293050100279,0.6235082458770616,2.641803828924291,1.0,0.03168440048041364,2.0292181386382984,0.6768122421565891,0.19108970942307338,0.5071993587288514,0.4197614363124478
"frozenset({'success_Success', 'attacktype1_txt_Armed Assault', 'region_txt_Sub-Saharan Africa'})",frozenset({'weaptype1_txt_Firearms'}),0.036737916255988545,0.32280035894493725,0.03130960962286263,0.8522423918846769,2.640153172909114,1.0,0.019450597068540486,4.583179503870394,0.644927385505344,0.09538962591131826,0.7818108587814372,0.47461805902699716
"frozenset({'attacktype1_txt_Armed Assault', 'decade_2010s'})",frozenset({'weaptype1_txt_Firearms'}),0.12181571217715796,0.32280035894493725,0.10364780244298316,0.8508574188873681,2.6358626789275226,1.0,0.0643256468270634,4.540619023775941,0.706705385371247,0.30398078637788706,0.7797657115112009,0.5859734541610578
"frozenset({'weaptype1_txt_Firearms', 'casualty_level_1_Low_1_5'})","frozenset({'success_Success', 'attacktype1_txt_Armed Assault'})",0.2003373690120678,0.22095708842696796,0.11645605621509236,0.5812997185167055,2.6308262959793667,1.0,0.07219009445506679,1.8606218959614305,0.7751910143413545,0.3820255445098607,0.4625452908134919,0.5541762684904876
"frozenset({'success_Success', 'attacktype1_txt_Armed Assault'})","frozenset({'weaptype1_txt_Firearms', 'casualty_level_1_Low_1_5'})",0.22095708842696796,0.2003373690120678,0.11645605621509236,0.5270528184642699,2.6308262959793667,1.0,0.07219009445506679,1.6908074774677972,0.7957087816828163,0.3820255445098607,0.40856660895678715,0.5541762684904876
"frozenset({'success_Success', 'attacktype1_txt_Armed Assault', 'decade_2010s'})",frozenset({'weaptype1_txt_Firearms'}),0.10997347141925455,0.32280035894493725,0.09338943073882833,0.8491996254514648,2.6307270172407704,1.0,0.05788995469027216,4.490702646345917,0.696470185489715,0.27517302162950974,0.7773176986426169,0.5692549039469267
"frozenset({'attacktype1_txt_Armed Assault', 'region_txt_Middle East & North Africa'})","frozenset({'weaptype1_txt_Firearms', 'success_Success'})",0.05068871333931575,0.29607072980566956,0.03942509966606352,0.7777885266518332,2.6270362057145813,1.0,0.02441765531478193,3.1678349438392654,0.6524128623389247,0.12828081372157957,0.6843269874446022,0.45547480590765166
"frozenset({'weaptype1_txt_Firearms', 'success_Success', 'casualty_level_1_Low_1_5'})",frozenset({'attacktype1_txt_Armed Assault'}),0.18785275411781435,0.236016103485983,0.11645605621509236,0.619932652901407,2.6266540449780145,1.0,0.07211978115909537,2.0101276848595795,0.7625310728288307,0.37882630680639967,0.5025191645624957,0.5566784246826122
"frozenset({'region_txt_Middle East & North Africa', 'casualty_level_2_Medium_6_20'})","frozenset({'weaptype1_txt_Explosives', 'decade_2010s', 'success_Success'})",0.05455276539613889,0.23279932918487134,0.03329557546425016,0.6103370786516854,2.621730400979818,1.0,0.020595728274849366,1.9688829210653533,0.6542644634422108,0.1310557807373094,0.4920977833161838,0.37667986107413126
"frozenset({'success_Success', 'attacktype1_txt_Armed Assault', 'region_txt_Middle East & North Africa'})",frozenset({'weaptype1_txt_Firearms'}),0.046589287553142976,0.32280035894493725,0.03942509966606352,0.8462267129775813,2.621517261453632,1.0,0.02438606092092007,4.403883497374506,0.6487671137446542,0.11948283548818547,0.772927689709281,0.48418066724848624
"frozenset({'weaptype1_txt_Firearms', 'decade_1980s'})","frozenset({'success_Success', 'attacktype1_txt_Armed Assault'})",0.05947109561567393,0.22095708842696796,0.03434004638823916,0.5774241424802111,2.613286347095693,1.0,0.021199486255438032,1.8435575476210213,0.6563754243926065,0.13954368835309355,0.4575704993367697,0.36641957234973715
"frozenset({'attacktype1_txt_Armed Assault', 'region_txt_Middle East & North Africa'})",frozenset({'weaptype1_txt_Firearms'}),0.05068871333931575,0.32280035894493725,0.04239178937974119,0.8363161458837186,2.5908154148811713,1.0,0.026029454519353037,4.137241542308617,0.646806944177948,0.1280342411990344,0.7582930583641992,0.48382062288185534
"frozenset({'attacktype1_txt_Armed Assault', 'decade_2010s'})","frozenset({'weaptype1_txt_Firearms', 'success_Success'})",0.12181571217715796,0.29607072980566956,0.09338943073882833,0.7666451976491425,2.5893988174796663,1.0,0.05732336393273978,3.0165621752919707,0.698953489849808,0.287797506611258,0.6684968046769296,0.5410373293555594
"frozenset({'targtype1_txt_Private Citizens & Property', 'attacktype1_txt_Bombing/Explosion'})","frozenset({'weaptype1_txt_Explosives', 'decade_2010s', 'success_Success'})",0.11059132745879734,0.23279932918487134,0.06653230749616292,0.6016051079678978,2.584221827762009,1.0,0.04078672065009045,1.9257291851857088,0.6892628039733605,0.24031172511512572,0.480716183930315,0.44369881517404897
"frozenset({'attacktype1_txt_Bombing/Explosion', 'region_txt_Middle East & North Africa'})","frozenset({'weaptype1_txt_Explosives', 'decade_2010s'})",0.16837067439477077,0.27976129180948456,0.1213841936733503,0.7209342963653309,2.5769622798863896,1.0,0.07428059630183512,2.5808929539166714,0.7358400950562415,0.37149203109523665,0.6125372040392315,0.5774095866598442
"frozenset({'weaptype1_txt_Explosives', 'targtype1_txt_Business'})","frozenset({'attacktype1_txt_Bombing/Explosion', 'casualty_level_0_None'})",0.061427639740892756,0.2247181644772006,0.03556104760924038,0.5789095553604214,2.576158258978465,1.0,0.021757141158500214,1.8411290148993567,0.6518677898815871,0.1419122539235255,0.456855010209774,0.36857843840423804
frozenset({'weaptype1_txt_Incendiary'}),"frozenset({'success_Success', 'casualty_level_0_None'})",0.06236913465829128,0.3199023199023199,0.05131147299821999,0.8227061875933643,2.571741861217425,1.0,0.031359442130732426,3.835992192089755,0.6518113984679478,0.15503830026817597,0.7393112524936543,0.4915517510209993
"frozenset({'weaptype1_txt_Firearms', 'success_Success', 'decade_1980s'})",frozenset({'attacktype1_txt_Armed Assault'}),0.05676429772815315,0.236016103485983,0.03434004638823916,0.6049585348997928,2.563208721627426,1.0,0.02094275802132222,1.9339334323302566,0.646565855894695,0.13287416514875533,0.4829191205433225,0.3752286389568254
"frozenset({'weaptype1_txt_Explosives', 'region_txt_South Asia'})","frozenset({'attacktype1_txt_Bombing/Explosion', 'decade_2010s'})",0.12537083621420972,0.25807748699314964,0.08291039616340821,0.6613212344037235,2.5624909871401433,1.0,0.05055500581101521,2.190637820769851,0.6971580073384382,0.27587332147693716,0.5435119440928067,0.49129143612642945
"frozenset({'targtype1_txt_Private Citizens & Property', 'attacktype1_txt_Armed Assault'})",frozenset({'weaptype1_txt_Firearms'}),0.06163849537343513,0.32280035894493725,0.05098293050100279,0.8271280827366746,2.562351806051631,1.0,0.031086002069632076,3.9173490511100493,0.6497853170106528,0.15289256198347106,0.7447253265019537,0.4925337963395506
"frozenset({'targtype1_txt_Private Citizens & Property', 'success_Success', 'attacktype1_txt_Armed Assault'})",frozenset({'weaptype1_txt_Firearms'}),0.0592749508412159,0.32280035894493725,0.049026386375783965,0.8271012574454003,2.562268704250375,1.0,0.029892410967795963,3.916741273240954,0.6481392951390432,0.14720475860952018,0.7446857144146931,0.4894898044659136
"frozenset({'attacktype1_txt_Bombing/Explosion', 'decade_2010s', 'casualty_level_2_Medium_6_20'})","frozenset({'success_Success', 'region_txt_Middle East & North Africa'})",0.05184106388925666,0.24364123159303883,0.03230994797259858,0.6232500945894817,2.558064948672213,1.0,0.019679327319526672,2.007588475922268,0.6423812380487156,0.12277105964336954,0.5018899480678634,0.37793145151323293
"frozenset({'attacktype1_txt_Bombing/Explosion', 'weaptype1_txt_Explosives', 'decade_2010s', 'casualty_level_2_Medium_6_20'})","frozenset({'success_Success', 'region_txt_Middle East & North Africa'})",0.05176260597947345,0.24364123159303883,0.03224129730153827,0.6228685107995453,2.55649877784209,1.0,0.01962979223023416,2.0055571864616635,0.6420755267278014,0.12251476698902494,0.5013854470216997,0.3775997748619954
"frozenset({'attacktype1_txt_Bombing/Explosion', 'region_txt_Middle East & North Africa', 'success_Success'})","frozenset({'weaptype1_txt_Explosives', 'decade_2010s'})",0.1495947158597761,0.27976129180948456,0.10598192525903369,0.7084603533615236,2.5323744710328975,1.0,0.06413111430222994,2.4704657376622503,0.7115591887700109,0.3277378461165196,0.5952180251865063,0.5436450964031203
frozenset({'attacktype1_txt_Armed Assault'}),"frozenset({'weaptype1_txt_Firearms', 'casualty_level_1_Low_1_5'})",0.236016103485983,0.2003373690120678,0.11953062555472194,0.5064511437535061,2.5279913889804493,1.0,0.07224778033786017,1.6202299344171824,0.7911541527093927,0.37727905896919983,0.38280365103875647,0.5515489105133948
"frozenset({'weaptype1_txt_Firearms', 'casualty_level_1_Low_1_5'})",frozenset({'attacktype1_txt_Armed Assault'}),0.2003373690120678,0.236016103485983,0.11953062555472194,0.5966466772732836,2.527991388980449,1.0,0.07224778033786017,1.8940810784683637,0.7558550429991131,0.37727905896919983,0.4720394964250192,0.5515489105133948
"frozenset({'attacktype1_txt_Bombing/Explosion', 'region_txt_South Asia'})","frozenset({'weaptype1_txt_Explosives', 'decade_2010s'})",0.11733870770015348,0.27976129180948456,0.08291039616340821,0.7065903297254378,2.525690116582035,1.0,0.050083567717957765,2.454720417076036,0.6843719269244406,0.2638865044558551,0.5926216309427369,0.5014757720281119
"frozenset({'weaptype1_txt_Firearms', 'targtype1_txt_Private Citizens & Property', 'casualty_level_1_Low_1_5'})",frozenset({'attacktype1_txt_Armed Assault'}),0.0506740024812314,0.236016103485983,0.030113126498668666,0.5942519837429843,2.517845074830993,1.0,0.018153245885009398,1.882902357876425,0.6350136595924247,0.11736488036082868,0.4689050147412742,0.3609206356561631
"frozenset({'attacktype1_txt_Bombing/Explosion', 'targtype1_txt_Police'})","frozenset({'weaptype1_txt_Explosives', 'decade_2010s', 'success_Success'})",0.054297777189343456,0.23279932918487134,0.0317803570815619,0.5852975706673891,2.5141720670620606,1.0,0.01913987097565313,1.8500028370940589,0.63683338626263,0.12447423512013366,0.45946028841189424,0.360905762690198
"frozenset({'attacktype1_txt_Bombing/Explosion', 'targtype1_txt_Business'})","frozenset({'weaptype1_txt_Explosives', 'casualty_level_0_None'})",0.06135408545047099,0.23142631576366515,0.03556104760924038,0.5796035805626598,2.5044843264694094,1.0,0.021362097656388787,1.82821177512643,0.6399816994249701,0.13825183490611,0.45301741646924626,0.3666319629691146
"frozenset({'success_Success', 'attacktype1_txt_Assassination', 'casualty_level_1_Low_1_5'})",frozenset({'weaptype1_txt_Firearms'}),0.07091614320529983,0.32280035894493725,0.057313503096635625,0.8081869727561886,2.503674331087246,1.0,0.03442174661497427,3.5305195417946336,0.6464293032371037,0.17037155809512705,0.716755568645945,0.4928689500795025
"frozenset({'weaptype1_txt_Explosives', 'region_txt_South Asia', 'success_Success'})","frozenset({'attacktype1_txt_Bombing/Explosion', 'decade_2010s'})",0.10363309158489882,0.25807748699314964,0.06691478980635607,0.645689410428693,2.501920713625951,1.0,0.040169421960794455,2.093989101213511,0.6697113342992774,0.22698692571276488,0.5224425956083159,0.4524855944410233
"frozenset({'weaptype1_txt_Explosives', 'region_txt_Middle East & North Africa', 'casualty_level_0_None'})","frozenset({'attacktype1_txt_Bombing/Explosion', 'decade_2010s'})",0.05305716149089643,0.25807748699314964,0.034222359523564345,0.6450092421441774,2.4992851939902003,1.0,0.020529500619004083,2.089976982747753,0.6334971594197913,0.1235855571886455,0.5215258310236168,0.38880711014676095
"frozenset({'attacktype1_txt_Bombing/Explosion', 'targtype1_txt_Military'})","frozenset({'weaptype1_txt_Explosives', 'decade_2010s'})",0.06615963242469267,0.27976129180948456,0.046157769049335315,0.6976726949303291,2.493814245772926,1.0,0.027648864816562632,2.3823144522938065,0.6414456315881557,0.15398079534115264,0.5802401320123158,0.431331264383064
"frozenset({'attacktype1_txt_Bombing/Explosion', 'success_Success', 'targtype1_txt_Military'})","frozenset({'weaptype1_txt_Explosives', 'decade_2010s'})",0.060814687320711415,0.27976129180948456,0.04241630747654844,0.697468150298339,2.4930831059119853,1.0,0.025402711990716333,2.3807037470625727,0.6376699234819085,0.1422603776067364,0.5799561364013274,0.4245421099244622
"frozenset({'weaptype1_txt_Explosives', 'success_Success', 'targtype1_txt_Military'})","frozenset({'attacktype1_txt_Bombing/Explosion', 'decade_2010s'})",0.06621847585703007,0.25807748699314964,0.04241630747654844,0.6405509478672986,2.4820101719461536,1.0,0.025326809634849567,2.064054720981563,0.639443755714075,0.15047665437339086,0.5155167206398245,0.40245293925760905
"frozenset({'weaptype1_txt_Firearms', 'decade_1980s'})",frozenset({'attacktype1_txt_Armed Assault'}),0.05947109561567393,0.236016103485983,0.03470781784034796,0.583608179419525,2.4727472863061886,1.0,0.02067168158309427,1.8347716231528708,0.6332516796555306,0.13309264586976552,0.4549730400333964,0.3653325848584193
"frozenset({'targtype1_txt_Private Citizens & Property', 'attacktype1_txt_Bombing/Explosion', 'decade_2010s'})","frozenset({'success_Success', 'region_txt_Middle East & North Africa'})",0.07164678249015598,0.24364123159303883,0.043156754000127494,0.6023543905276847,2.472300712770222,1.0,0.025700643674547323,1.9020925929766113,0.6414783173300636,0.1585880063427995,0.4742632384498769,0.3897433909728952
"frozenset({'targtype1_txt_Private Citizens & Property', 'weaptype1_txt_Explosives', 'success_Success'})","frozenset({'attacktype1_txt_Bombing/Explosion', 'decade_2010s'})",0.1042901765793332,0.25807748699314964,0.06653230749616292,0.6379537333082566,2.471946471352576,1.0,0.03961736080649677,2.0492477930687913,0.6647917441584095,0.22489640311619424,0.5120160659036362,0.44787673365013814
"frozenset({'weaptype1_txt_Explosives', 'casualty_level_1_Low_1_5', 'success_Success'})","frozenset({'attacktype1_txt_Bombing/Explosion', 'decade_2010s'})",0.14199410584952754,0.25807748699314964,0.09049139169621097,0.637289774493214,2.4693737602541446,1.0,0.05384590969072561,2.0454965447147826,0.6935139156050606,0.29230354964915334,0.5111211492467045,0.49396314679439346
"frozenset({'weaptype1_txt_Explosives', 'success_Success', 'casualty_level_2_Medium_6_20'})","frozenset({'attacktype1_txt_Bombing/Explosion', 'decade_2010s'})",0.08013494760482712,0.25807748699314964,0.05106629203014745,0.637253702117244,2.469233986822567,1.0,0.030385266131965957,2.0452931355529604,0.6468515164250215,0.17784077325045253,0.5110725291073535,0.41756281913766435
"frozenset({'targtype1_txt_Private Citizens & Property', 'attacktype1_txt_Bombing/Explosion', 'weaptype1_txt_Explosives', 'decade_2010s'})","frozenset({'success_Success', 'region_txt_Middle East & North Africa'})",0.07147515581250521,0.24364123159303883,0.04299983818056107,0.6016053787047201,2.469226471936406,1.0,0.025585543190097954,1.8985165159806898,0.6408173946427224,0.15801993044167734,0.4732729520219927,0.38904686276136863
"frozenset({'weaptype1_txt_Explosives', 'targtype1_txt_Military'})","frozenset({'attacktype1_txt_Bombing/Explosion', 'decade_2010s'})",0.0724705905428797,0.25807748699314964,0.046157769049335315,0.6369172474457,2.467930290496847,1.0,0.027454741161119404,2.043397841917302,0.6412758056475418,0.1623042968480585,0.5106190387958378,0.4078848065083336
"frozenset({'weaptype1_txt_Explosives', 'targtype1_txt_Business', 'success_Success'})","frozenset({'attacktype1_txt_Bombing/Explosion', 'casualty_level_0_None'})",0.05675449048943025,0.2247181644772006,0.03138806753264584,0.5530499395196129,2.4610824888422584,1.0,0.018634302604022338,1.734605057866012,0.6293957689332816,0.1255098039215686,0.4234998938431297,0.3463637111131571
"frozenset({'weaptype1_txt_Explosives', 'targtype1_txt_Police'})","frozenset({'attacktype1_txt_Bombing/Explosion', 'decade_2010s', 'success_Success'})",0.05911803502164948,0.21843172445582085,0.0317803570815619,0.5375746516257465,2.4610649069635224,1.0,0.01886710274534339,1.6901501578404705,0.6309737587244498,0.12930965682362328,0.40833659343160694,0.34153398649308425
"frozenset({'attacktype1_txt_Bombing/Explosion', 'region_txt_South Asia'})","frozenset({'weaptype1_txt_Explosives', 'decade_2010s', 'success_Success'})",0.11733870770015348,0.23279932918487134,0.06691478980635607,0.570270383217017,2.4496221067894575,1.0,0.03959841736634064,1.7853102063537112,0.6704426422392432,0.23626164340870529,0.43987325203143046,0.42885293779070965
"frozenset({'weaptype1_txt_Explosives', 'region_txt_South Asia'})","frozenset({'attacktype1_txt_Bombing/Explosion', 'decade_2010s', 'success_Success'})",0.12537083621420972,0.21843172445582085,0.06691478980635607,0.5337348926350373,2.4434861463678477,1.0,0.039529821855617965,1.676231532659846,0.6754275710678421,0.24166755215527924,0.4034237033990174,0.4200383970415056
"frozenset({'targtype1_txt_Private Citizens & Property', 'weaptype1_txt_Explosives'})","frozenset({'attacktype1_txt_Bombing/Explosion', 'decade_2010s'})",0.11353349907566775,0.25807748699314964,0.07147515581250521,0.6295512460588262,2.439388469694518,1.0,0.0421747156815178,2.0027669282555216,0.6656328152344194,0.23814269609685168,0.5006907763995114,0.45325177731404165
"frozenset({'weaptype1_txt_Explosives', 'decade_2010s', 'casualty_level_2_Medium_6_20'})","frozenset({'success_Success', 'region_txt_Middle East & North Africa'})",0.056102309114357304,0.24364123159303883,0.03329557546425016,0.5934795909448475,2.435875024372533,1.0,0.019626739776414777,1.8605677637807014,0.6245061438457373,0.12496089220972817,0.46252965386867445,0.365068902263069
"frozenset({'weaptype1_txt_Explosives', 'casualty_level_2_Medium_6_20'})","frozenset({'attacktype1_txt_Bombing/Explosion', 'decade_2010s'})",0.08238080527237154,0.25807748699314964,0.05176260597947345,0.6283333333333333,2.4346692950788524,1.0,0.03050197477830779,1.9962040708704492,0.642168998137406,0.1792981621768523,0.4990492131578773,0.41445167521692317
"frozenset({'attacktype1_txt_Bombing/Explosion', 'region_txt_South Asia', 'success_Success'})","frozenset({'weaptype1_txt_Explosives', 'decade_2010s'})",0.0989010989010989,0.27976129180948456,0.06691478980635607,0.6765828747087114,2.4184291913030607,1.0,0.03924609061640705,2.2269652775554967,0.6508813446627798,0.2146441211167912,0.5509584230708421,0.45788408967154004
"frozenset({'success_Failed', 'casualty_level_0_None', 'attacktype1_txt_Bombing/Explosion'})","frozenset({'weaptype1_txt_Explosives', 'decade_2010s'})",0.05229710048987157,0.27976129180948456,0.0353698064541438,0.6763244256915143,2.4175053715153934,1.0,0.020739102063206904,2.2251870865735364,0.6187070378771495,0.11921525849530609,0.5505995850713594,0.40137647352022954
"frozenset({'success_Success', 'attacktype1_txt_Assassination'})",frozenset({'weaptype1_txt_Firearms'}),0.07722219770412542,0.32280035894493725,0.060236060236060235,0.7800355600711201,2.4164643515906907,1.0,0.03530870709865164,3.078677813895821,0.6352257833340493,0.1772762039455645,0.6751852384531983,0.48332012398731383
"frozenset({'success_Failed', 'weaptype1_txt_Explosives', 'casualty_level_0_None'})","frozenset({'attacktype1_txt_Bombing/Explosion', 'decade_2010s'})",0.05692121354771957,0.25807748699314964,0.0353698064541438,0.621381805651275,2.4077334791615077,1.0,0.02067972270514791,1.959553249370539,0.6199605454425375,0.12648838228846995,0.4896795989998094,0.3792164585923105
"frozenset({'attacktype1_txt_Bombing/Explosion', 'region_txt_Middle East & North Africa', 'casualty_level_0_None'})","frozenset({'weaptype1_txt_Explosives', 'decade_2010s'})",0.05085053277824362,0.27976129180948456,0.034222359523564345,0.6729990356798458,2.405618845005024,1.0,0.019996348784322375,2.202558361526289,0.6156106798335147,0.11546415631255895,0.5459825185712499,0.3976630178048671
"frozenset({'success_Failed', 'attacktype1_txt_Bombing/Explosion'})","frozenset({'weaptype1_txt_Explosives', 'decade_2010s'})",0.058902275769745646,0.27976129180948456,0.03961143720179865,0.6724941724941725,2.403814223706603,1.0,0.023132860441936104,2.1991630307027132,0.6205460487135211,0.13245662939035188,0.5452815521000899,0.407042150399088
"frozenset({'targtype1_txt_Private Citizens & Property', 'weaptype1_txt_Explosives', 'decade_2010s'})","frozenset({'success_Success', 'region_txt_Middle East & North Africa'})",0.07445165276490577,0.24364123159303883,0.04352942907159774,0.5846670618454851,2.399704918673502,1.0,0.025389936697818825,1.8210902601844103,0.6302016522198574,0.15854050578654091,0.4508783985815529,0.38166452959440056
"frozenset({'attacktype1_txt_Bombing/Explosion', 'casualty_level_1_Low_1_5', 'success_Success'})","frozenset({'weaptype1_txt_Explosives', 'decade_2010s'})",0.13509471340796642,0.27976129180948456,0.09049139169621097,0.6698366606170598,2.3943150115034992,1.0,0.05269712015656619,2.181461786570877,0.6733037960837617,0.2789804680413618,0.5415917866835805,0.49664798045225844
"frozenset({'weaptype1_txt_Explosives', 'casualty_level_1_Low_1_5'})","frozenset({'attacktype1_txt_Bombing/Explosion', 'decade_2010s'})",0.15213969430836902,0.25807748699314964,0.0938797926749734,0.6170631083607296,2.390999368252175,1.0,0.054615962695963534,1.9374537403038914,0.6861564782451901,0.29677109330191753,0.48385864436528486,0.4904145106690595
"frozenset({'attacktype1_txt_Bombing/Explosion', 'casualty_level_1_Low_1_5'})","frozenset({'weaptype1_txt_Explosives', 'decade_2010s'})",0.14036120060216445,0.27976129180948456,0.0938797926749734,0.6688443264393517,2.3907679368839556,1.0,0.05461216187458167,2.174924863724583,0.6767078868021348,0.28776059280636096,0.5402140015598106,0.5022076922107717
"frozenset({'attacktype1_txt_Bombing/Explosion', 'targtype1_txt_Business', 'success_Success'})","frozenset({'weaptype1_txt_Explosives', 'casualty_level_0_None'})",0.056788815824960405,0.23142631576366515,0.03138806753264584,0.5527156549520766,2.388300799449771,1.0,0.01824564110969393,1.7183111654712342,0.6162906911924463,0.12221479713603818,0.4180332293157408,0.3441722145933177
"frozenset({'success_Success', 'region_txt_Middle East & North Africa', 'casualty_level_2_Medium_6_20'})","frozenset({'attacktype1_txt_Bombing/Explosion', 'decade_2010s'})",0.0524736307868838,0.25807748699314964,0.03230994797259858,0.6157368470236426,2.385860363868107,1.0,0.018767685205713237,1.9307667343595099,0.6130320021449703,0.11612209650699659,0.4820710434853601,0.37046580143315894
"frozenset({'success_Success', 'region_txt_Middle East & North Africa', 'casualty_level_2_Medium_6_20'})","frozenset({'attacktype1_txt_Bombing/Explosion', 'weaptype1_txt_Explosives', 'decade_2010s'})",0.0524736307868838,0.25763616125061906,0.03224129730153827,0.6144285580786842,2.3848692477644495,1.0,0.018722192498723225,1.9253600190152995,0.6128481690784383,0.11603077683266862,0.4806166170878332,0.36978565323043466
"frozenset({'attacktype1_txt_Bombing/Explosion', 'success_Success', 'casualty_level_2_Medium_6_20'})","frozenset({'weaptype1_txt_Explosives', 'decade_2010s'})",0.07679067920031775,0.27976129180948456,0.05106629203014745,0.665006385696041,2.3770493101272407,1.0,0.029583232418138844,2.150007276070049,0.6274962294549328,0.1671642749365951,0.5348852949800811,0.42377080835667924
"frozenset({'attacktype1_txt_Bombing/Explosion', 'casualty_level_2_Medium_6_20'})","frozenset({'weaptype1_txt_Explosives', 'decade_2010s'})",0.07786947545983691,0.27976129180948456,0.05176260597947345,0.6647355163727959,2.3760810942547264,1.0,0.02997774093230252,2.1482702265336937,0.6280444339967445,0.16923175580351418,0.5345092122728275,0.4248798524162234
"frozenset({'attacktype1_txt_Assassination', 'casualty_level_1_Low_1_5'})",frozenset({'weaptype1_txt_Firearms'}),0.08649494191662867,0.32280035894493725,0.06622337947639152,0.765632972390725,2.37184671941869,1.0,0.03830278117878229,2.8894834224891746,0.6331520441413615,0.1930306018895702,0.6539173776818074,0.48539285831099543
"frozenset({'region_txt_Middle East & North Africa', 'casualty_level_2_Medium_6_20'})","frozenset({'attacktype1_txt_Bombing/Explosion', 'decade_2010s'})",0.05455276539613889,0.25807748699314964,0.0328738641991654,0.6026067415730337,2.334983762411749,1.0,0.018795023597203024,1.866973073332099,0.6047206827311076,0.11750889554959595,0.4643736354401514,0.3649932814838378
"frozenset({'region_txt_Middle East & North Africa', 'casualty_level_2_Medium_6_20'})","frozenset({'attacktype1_txt_Bombing/Explosion', 'weaptype1_txt_Explosives', 'decade_2010s'})",0.05455276539613889,0.25763616125061906,0.032805213528105094,0.6013483146067415,2.3340990320911197,1.0,0.018750448465838263,1.86218663045927,0.6045489826611806,0.11741992101799036,0.46299689642097225,0.3643399357578816
"frozenset({'weaptype1_txt_Firearms', 'success_Success', 'attacktype1_txt_Assassination'})",frozenset({'casualty_level_1_Low_1_5'}),0.060236060236060235,0.40793209467908265,0.057313503096635625,0.9514816020840117,2.3324509507704603,1.0,0.03274128086932418,12.202956625775403,0.607882911524674,0.13949824553027954,0.9180526465293031,0.5459896290261386
"frozenset({'targtype1_txt_Private Citizens & Property', 'attacktype1_txt_Bombing/Explosion', 'success_Success'})","frozenset({'weaptype1_txt_Explosives', 'decade_2010s'})",0.10251016275112661,0.27976129180948456,0.06653230749616292,0.6490313322171729,2.3199468661989116,1.0,0.037853931941307234,2.052145317530697,0.6339410449391766,0.21071922222739908,0.5127050743154589,0.44342473152259476
"frozenset({'targtype1_txt_Private Citizens & Property', 'attacktype1_txt_Bombing/Explosion', 'decade_2010s', 'success_Success'})",frozenset({'region_txt_Middle East & North Africa'}),0.06670393417381369,0.2794817855058819,0.043156754000127494,0.6469896346394177,2.314961719127136,1.0,0.024514219376963232,2.041068153220218,0.6086251029331954,0.14241791672734921,0.5100604561281857,0.40070334438348637
"frozenset({'decade_2010s', 'targtype1_txt_Private Citizens & Property', 'attacktype1_txt_Bombing/Explosion', 'weaptype1_txt_Explosives', 'success_Success'})",frozenset({'region_txt_Middle East & North Africa'}),0.06653230749616292,0.2794817855058819,0.04299983818056107,0.6463001179245284,2.3124945933584877,1.0,0.02440527008770709,2.037089213222796,0.6080194966498597,0.14190698126031656,0.5091034827984088,0.40007785964653475
"frozenset({'attacktype1_txt_Facility/Infrastructure Attack', 'weaptype1_txt_Incendiary'})",frozenset({'casualty_level_0_None'}),0.046687359940371986,0.401135678244112,0.04330386258097101,0.9275286209431782,2.312256603559279,1.0,0.024575896785862913,8.263459720924361,0.595315769798247,0.10705020971222148,0.8789853119913146,0.5177408886340261
"frozenset({'targtype1_txt_Private Citizens & Property', 'attacktype1_txt_Bombing/Explosion'})","frozenset({'weaptype1_txt_Explosives', 'decade_2010s'})",0.11059132745879734,0.27976129180948456,0.07147515581250521,0.6462998270740035,2.3101831668482893,1.0,0.04053598317970635,2.036297302973636,0.6376527549872226,0.22414615017915085,0.508912574534335,0.450893025084362
"frozenset({'attacktype1_txt_Bombing/Explosion', 'decade_2010s', 'casualty_level_2_Medium_6_20'})","frozenset({'weaptype1_txt_Explosives', 'success_Success'})",0.05184106388925666,0.4268306436981136,0.05106629203014745,0.9850548618993568,2.3078353825880904,1.0,0.028938937360301002,38.351559714072984,0.5976777834437673,0.119423866425082,0.9739254411696571,0.5523477517069966
"frozenset({'success_Success', 'attacktype1_txt_Facility/Infrastructure Attack', 'weaptype1_txt_Incendiary'})",frozenset({'casualty_level_0_None'}),0.0442600683564539,0.401135678244112,0.040940318048751784,0.9249944604475958,2.3059391388384265,1.0,0.023186025509454887,7.984267899805973,0.5925641395469454,0.10122331203549907,0.8747537015855517,0.5135277421792035
"frozenset({'weaptype1_txt_Explosives', 'targtype1_txt_Police', 'success_Success'})","frozenset({'attacktype1_txt_Bombing/Explosion', 'decade_2010s'})",0.05341022208492088,0.25807748699314964,0.0317803570815619,0.5950238707308115,2.305601614706539,1.0,0.017996381186139495,1.8320154186512383,0.5982250582072207,0.11362002769937411,0.4541530656241871,0.35908328250582
"frozenset({'attacktype1_txt_Bombing/Explosion', 'region_txt_Middle East & North Africa', 'decade_2010s', 'casualty_level_2_Medium_6_20'})","frozenset({'weaptype1_txt_Explosives', 'success_Success'})",0.0328738641991654,0.4268306436981136,0.03224129730153827,0.9807577565632459,2.2977679110989766,1.0,0.01820972468456413,29.7870338344796,0.5839931478851617,0.0754247301343306,0.9664283457843841,0.5281471334169568
"frozenset({'targtype1_txt_Private Citizens & Property', 'weaptype1_txt_Explosives', 'casualty_level_1_Low_1_5'})","frozenset({'attacktype1_txt_Bombing/Explosion', 'success_Success'})",0.04299983818056107,0.41310050948605165,0.04075888413237811,0.9478845934542137,2.294561666441661,1.0,0.022995629072170554,11.261535300474431,0.5895369059355235,0.098133434079881,0.9112021608671891,0.5232751869032618
"frozenset({'attacktype1_txt_Bombing/Explosion', 'region_txt_Middle East & North Africa', 'casualty_level_2_Medium_6_20'})","frozenset({'weaptype1_txt_Explosives', 'success_Success'})",0.04128847502341478,0.4268306436981136,0.04041563077707656,0.9788598574821852,2.2933214190087714,1.0,0.02279244440551894,27.11284258461721,0.5882387019655438,0.0944945082662631,0.9631171096546195,0.5367738008057955
"frozenset({'attacktype1_txt_Bombing/Explosion', 'decade_2010s', 'region_txt_South Asia', 'casualty_level_1_Low_1_5'})","frozenset({'weaptype1_txt_Explosives', 'success_Success'})",0.03090751283522368,0.4268306436981136,0.030221006124620583,0.9777883547517056,2.290811049272438,1.0,0.01702873252605435,25.8049032340771,0.5814443816071392,0.07068957606900349,0.9612476748729119,0.5242958133300828
"frozenset({'targtype1_txt_Private Citizens & Property', 'attacktype1_txt_Bombing/Explosion', 'casualty_level_1_Low_1_5'})","frozenset({'weaptype1_txt_Explosives', 'success_Success'})",0.041724897146583895,0.4268306436981136,0.04075888413237811,0.9768480432483253,2.2886080408491596,1.0,0.022949419425064125,24.7568429074759,0.5875694576675305,0.09527630357286139,0.9596071274622004,0.5361699891808007
"frozenset({'attacktype1_txt_Bombing/Explosion', 'casualty_level_2_Medium_6_20'})","frozenset({'success_Success', 'weaptype1_txt_Explosives'})",0.07786947545983691,0.4268306436981136,0.07592273857334099,0.975,2.284278353476403,1.0,0.04268566023838434,22.92677425207544,0.6097021689015351,0.17706796582838713,0.9563828740578505,0.5764377785947337
"frozenset({'weaptype1_txt_Explosives', 'region_txt_Middle East & North Africa', 'casualty_level_2_Medium_6_20'})","frozenset({'attacktype1_txt_Bombing/Explosion', 'success_Success'})",0.042833115122271746,0.41310050948605165,0.04041563077707656,0.9435603892386949,2.2840939857774596,1.0,0.022721249097191396,10.398716125029084,0.58734757056688,0.09726565726896161,0.903834282234798,0.5206976249407946
"frozenset({'weaptype1_txt_Explosives', 'region_txt_Middle East & North Africa', 'decade_2010s', 'casualty_level_2_Medium_6_20'})","frozenset({'attacktype1_txt_Bombing/Explosion', 'success_Success'})",0.03422726314292579,0.41310050948605165,0.03224129730153827,0.941977077363897,2.280261233605917,1.0,0.01810199745888247,10.114959120462647,0.5813518380486178,0.07767368781674917,0.9011365258039458,0.5100120893205696
"frozenset({'attacktype1_txt_Bombing/Explosion', 'region_txt_South Asia', 'casualty_level_1_Low_1_5'})","frozenset({'weaptype1_txt_Explosives', 'success_Success'})",0.04048918506749832,0.4268306436981136,0.03934664175628031,0.9717815187113963,2.2767379358983244,1.0,0.022064616831107952,20.31184281109296,0.5844385366545172,0.09193716557626867,0.9507676379095515,0.5319823911740889
"frozenset({'targtype1_txt_Private Citizens & Property', 'attacktype1_txt_Bombing/Explosion', 'decade_2010s'})",frozenset({'region_txt_Middle East & North Africa'}),0.07164678249015598,0.2794817855058819,0.04551049129362383,0.6352063513790981,2.2728005341361674,1.0,0.02548652059752348,1.975139142959393,0.6032339549096635,0.14891295627757722,0.493706555528195,0.3990225984459312
"frozenset({'targtype1_txt_Private Citizens & Property', 'weaptype1_txt_Explosives', 'decade_2010s', 'success_Success'})",frozenset({'region_txt_Middle East & North Africa'}),0.06859182762797221,0.2794817855058819,0.04352942907159774,0.6346153846153846,2.2706860250899203,1.0,0.024359262615020392,1.9719445870365335,0.6008154918564883,0.142933049946865,0.49288635868677516,0.3951829445227989
"frozenset({'targtype1_txt_Private Citizens & Property', 'attacktype1_txt_Bombing/Explosion', 'weaptype1_txt_Explosives', 'decade_2010s'})",frozenset({'region_txt_Middle East & North Africa'}),0.07147515581250521,0.2794817855058819,0.045353575474057405,0.6345362239297475,2.270402784142773,1.0,0.025377571308267337,1.9715174571928413,0.6026220211245202,0.14840666217387122,0.4927764923655016,0.3984068083417489
"frozenset({'attacktype1_txt_Bombing/Explosion', 'decade_2010s', 'casualty_level_2_Medium_6_20'})",frozenset({'region_txt_Middle East & North Africa'}),0.05184106388925666,0.2794817855058819,0.0328738641991654,0.6341278849791903,2.2689417266723617,1.0,0.018385231100871452,1.9693171053856815,0.5898440379878298,0.11014902321607543,0.492209762833419,0.37587611899630624
"frozenset({'success_Success', 'region_txt_Middle East & North Africa', 'casualty_level_2_Medium_6_20'})","frozenset({'weaptype1_txt_Explosives', 'decade_2010s'})",0.0524736307868838,0.27976129180948456,0.03329557546425016,0.6345201383048312,2.2680769530365725,1.0,0.01861548472937761,1.970665920825033,0.5900604672890144,0.11137903318406248,0.4925573180961372,0.3767671854673564
"frozenset({'attacktype1_txt_Bombing/Explosion', 'weaptype1_txt_Explosives', 'decade_2010s', 'casualty_level_2_Medium_6_20'})",frozenset({'region_txt_Middle East & North Africa'}),0.05176260597947345,0.2794817855058819,0.032805213528105094,0.6337627889352028,2.2676353945143406,1.0,0.018338507986524415,1.9673539245214464,0.5895274773586564,0.10992261053876867,0.4917030496974522,0.3755707531832782
frozenset({'attacktype1_txt_Facility/Infrastructure Attack'}),frozenset({'casualty_level_0_None'}),0.05825990163339561,0.401135678244112,0.05297870358111322,0.9093510647251916,2.266941371821342,1.0,0.029608578424965826,6.60641319106937,0.5934514114889516,0.13035557003414533,0.8486319321728449,0.5207114230280889
"frozenset({'attacktype1_txt_Bombing/Explosion', 'weaptype1_txt_Explosives', 'region_txt_South America'})","frozenset({'success_Success', 'casualty_level_0_None'})",0.04428458645326115,0.3199023199023199,0.03207457424324894,0.7242830251356439,2.2640755633056964,1.0,0.01790783230093585,2.4666514654466463,0.5841892058844362,0.09657748641625326,0.5945920962048337,0.4122733375777855
"frozenset({'success_Success', 'attacktype1_txt_Facility/Infrastructure Attack'})",frozenset({'casualty_level_0_None'}),0.05516571781632022,0.401135678244112,0.050065953680411515,0.9075555555555557,2.2624653073199354,1.0,0.02793701604833861,6.478099634378604,0.5905842778781375,0.1232436869296509,0.8456337419243903,0.5161830391341907
"frozenset({'attacktype1_txt_Bombing/Explosion', 'decade_2010s', 'success_Success', 'casualty_level_2_Medium_6_20'})",frozenset({'region_txt_Middle East & North Africa'}),0.051144749939930664,0.2794817855058819,0.03230994797259858,0.6317353787152445,2.2603812179450573,1.0,0.01801592194013491,1.9565230349319587,0.5876520667015166,0.10830758103754357,0.4888892273968159,0.3736710054379802
"frozenset({'attacktype1_txt_Bombing/Explosion', 'targtype1_txt_Police', 'success_Success'})","frozenset({'weaptype1_txt_Explosives', 'decade_2010s'})",0.05028171293231534,0.27976129180948456,0.0317803570815619,0.632046030817242,2.259233315406839,1.0,0.017713480117223693,1.9574152435159142,0.5868813667377586,0.1065515824085491,0.48912219657398925,0.37282207591482586
"frozenset({'decade_2010s', 'casualty_level_2_Medium_6_20', 'attacktype1_txt_Bombing/Explosion', 'weaptype1_txt_Explosives', 'success_Success'})",frozenset({'region_txt_Middle East & North Africa'}),0.05106629203014745,0.2794817855058819,0.03224129730153827,0.6313616285769157,2.2590439209986664,1.0,0.017969198825787874,1.9545393815425232,0.5873274944984251,0.10808100733142652,0.48837050333015053,0.3733613125777815
"frozenset({'attacktype1_txt_Bombing/Explosion', 'decade_2010s', 'casualty_level_1_Low_1_5'})","frozenset({'weaptype1_txt_Explosives', 'success_Success'})",0.09400728677837111,0.4268306436981136,0.09049139169621097,0.9625997600542486,2.2552264563625637,1.0,0.05036620096828567,15.3252855364902,0.6143377770412346,0.21027563496313847,0.9347483609607824,0.5873037401438469
"frozenset({'targtype1_txt_Private Citizens & Property', 'weaptype1_txt_Explosives', 'region_txt_Middle East & North Africa', 'decade_2010s'})","frozenset({'attacktype1_txt_Bombing/Explosion', 'success_Success'})",0.046157769049335315,0.41310050948605165,0.04299983818056107,0.9315839796026771,2.2551024707320826,1.0,0.023932040269541148,8.578392708397198,0.583493949472055,0.10330081990387334,0.8834280460229894,0.5178372393146571
"frozenset({'targtype1_txt_Private Citizens & Property', 'weaptype1_txt_Explosives', 'region_txt_Middle East & North Africa'})","frozenset({'attacktype1_txt_Bombing/Explosion', 'success_Success'})",0.060540084636470176,0.41310050948605165,0.056332779224345486,0.9305038069010205,2.252487676809411,1.0,0.03132363941669097,8.445059568630771,0.591878798351503,0.13499095203402975,0.8815875729622433,0.5334348007488342
"frozenset({'success_Success', 'attacktype1_txt_Assassination'})",frozenset({'casualty_level_1_Low_1_5'}),0.07722219770412542,0.40793209467908265,0.07091614320529983,0.9183388366776734,2.2512051605062458,1.0,0.03941473034013371,7.250299667957859,0.6023047835870001,0.17119655286708652,0.8620746664555917,0.546090923327417
"frozenset({'attacktype1_txt_Bombing/Explosion', 'targtype1_txt_Police'})","frozenset({'weaptype1_txt_Explosives', 'decade_2010s'})",0.054297777189343456,0.27976129180948456,0.03412919075569678,0.6285559468978597,2.2467580944897185,1.0,0.01893877446682249,1.939023393093503,0.5867748237849467,0.1137905665004496,0.48427646434703,0.3752749586554081
"frozenset({'weaptype1_txt_Firearms', 'casualty_level_0_None'})",frozenset({'attacktype1_txt_Armed Assault'}),0.06712564543889846,0.236016103485983,0.035551240370517476,0.5296223244941193,2.2440092717045195,1.0,0.019708507090047015,1.6241925080572102,0.5942590660389362,0.1328568810701851,0.38430943681906443,0.34012644761407884
"frozenset({'region_txt_Middle East & North Africa', 'casualty_level_2_Medium_6_20'})","frozenset({'weaptype1_txt_Explosives', 'decade_2010s'})",0.05455276539613889,0.27976129180948456,0.03422726314292579,0.6274157303370786,2.2426824178533757,1.0,0.018965511023922226,1.9330894158309975,0.5860775415476941,0.11405787865418239,0.4826933550975346,0.37488012906813967
"frozenset({'attacktype1_txt_Bombing/Explosion', 'region_txt_South America'})","frozenset({'success_Success', 'casualty_level_0_None'})",0.0457213469261662,0.3199023199023199,0.03278069543129784,0.716966966966967,2.241205900557046,1.0,0.01815433048055847,2.4028915381700533,0.5803458262520058,0.09848696907641766,0.5838347323984668,0.4097189597396532
"frozenset({'attacktype1_txt_Assassination', 'casualty_level_1_Low_1_5'})","frozenset({'weaptype1_txt_Firearms', 'success_Success'})",0.08649494191662867,0.29607072980566956,0.057313503096635625,0.6626225976529281,2.2380550690973413,1.0,0.03170488251888037,2.08647427272018,0.6055614745321986,0.17621251639554342,0.5207225830317671,0.4281015204303595
"frozenset({'weaptype1_txt_Explosives', 'targtype1_txt_Police'})","frozenset({'attacktype1_txt_Bombing/Explosion', 'decade_2010s'})",0.05911803502164948,0.25807748699314964,0.03412919075569678,0.5773059057730591,2.2369479511724437,1.0,0.01887215684133647,1.7552232764541968,0.587706376127897,0.12056958736098118,0.4302719127448313,0.3547749365460393
"frozenset({'attacktype1_txt_Armed Assault', 'casualty_level_0_None'})",frozenset({'weaptype1_txt_Firearms'}),0.04923724200832635,0.32280035894493725,0.035551240370517476,0.7220396374863061,2.2367993636880383,1.0,0.01965744097677099,2.436317304132527,0.5815674091779732,0.10565432818420285,0.5895444331886569,0.4160867345401422
"frozenset({'weaptype1_txt_Firearms', 'attacktype1_txt_Assassination'})",frozenset({'casualty_level_1_Low_1_5'}),0.07268634979478353,0.40793209467908265,0.06622337947639152,0.9110841260203737,2.2334210470424427,1.0,0.03657228455002897,6.658742458704062,0.5955443348498589,0.15980735551663747,0.8498214931420216,0.5367116747423661
"frozenset({'weaptype1_txt_Explosives', 'casualty_level_2_Medium_6_20'})","frozenset({'success_Success', 'attacktype1_txt_Bombing/Explosion'})",0.08238080527237154,0.41310050948605165,0.07592273857334099,0.9216071428571428,2.230951358553725,1.0,0.0418911859434531,7.486644981499113,0.6012959808591224,0.18095861432194577,0.8664288205903732,0.5526973561491451
"frozenset({'attacktype1_txt_Bombing/Explosion', 'casualty_level_1_Low_1_5'})","frozenset({'success_Success', 'weaptype1_txt_Explosives'})",0.14036120060216445,0.4268306436981136,0.1334569045412419,0.9508105086640583,2.227606013537637,1.0,0.07354644293798,11.652272482091789,0.6410687642691436,0.30769230769230776,0.9141798304547986,0.6317399815964012
"frozenset({'attacktype1_txt_Bombing/Explosion', 'success_Failed', 'decade_2010s'})",frozenset({'casualty_level_0_None'}),0.0396457625373288,0.401135678244112,0.03540413178967396,0.8930117501546073,2.2262087333232996,1.0,0.019500801944757562,5.597477504504457,0.573544429150803,0.0873362445414847,0.8213480984612676,0.4906357464772352
"frozenset({'success_Failed', 'weaptype1_txt_Explosives', 'decade_2010s', 'attacktype1_txt_Bombing/Explosion'})",frozenset({'casualty_level_0_None'}),0.03961143720179865,0.401135678244112,0.0353698064541438,0.8929190393661798,2.225977612549318,1.0,0.01948024572597625,5.592631203634757,0.5734753670667826,0.08725156951215085,0.8211932874547349,0.4905466058891434
"frozenset({'attacktype1_txt_Bombing/Explosion', 'region_txt_Middle East & North Africa', 'decade_2010s', 'casualty_level_1_Low_1_5'})","frozenset({'weaptype1_txt_Explosives', 'success_Success'})",0.04592729893934713,0.4268306436981136,0.04360298336201951,0.9493914157591288,2.224281292302455,1.0,0.023999804792422284,11.325536268192975,0.5769126137746015,0.10160195616901666,0.911703960296482,0.5257733237979505
"frozenset({'attacktype1_txt_Bombing/Explosion', 'region_txt_Middle East & North Africa', 'casualty_level_1_Low_1_5'})","frozenset({'weaptype1_txt_Explosives', 'success_Success'})",0.06169733880577254,0.4268306436981136,0.058505082601468146,0.9482594182164997,2.2216291923200795,1.0,0.03217076776453965,11.077752443917559,0.5860367897594508,0.13605108615086378,0.9097289811211596,0.5426640135979333
"frozenset({'weaptype1_txt_Explosives', 'region_txt_South America'})","frozenset({'success_Success', 'casualty_level_0_None'})",0.046133250952528064,0.3199023199023199,0.03277088819257494,0.7103528911564625,2.2205306025081786,1.0,0.018012754188225302,2.3480216419665956,0.5762410594529207,0.09833291643982757,0.5741095473198254,0.4063965933448703
"frozenset({'targtype1_txt_Private Citizens & Property', 'weaptype1_txt_Explosives', 'decade_2010s'})",frozenset({'region_txt_Middle East & North Africa'}),0.07445165276490577,0.2794817855058819,0.046157769049335315,0.6199697029572548,2.218283033490235,1.0,0.025349888200735523,1.8959494021948347,0.5933789406095057,0.1499721182187525,0.47255976407262984,0.3925622705504758
"frozenset({'weaptype1_txt_Explosives', 'success_Failed', 'attacktype1_txt_Bombing/Explosion'})",frozenset({'casualty_level_0_None'}),0.058294226968925764,0.401135678244112,0.051821449411810855,0.8889636608344549,2.2161171619680116,1.0,0.028437555138914612,5.393408376540905,0.5827301215182129,0.12713536403445452,0.8145884883574576,0.5090752488319749
"frozenset({'targtype1_txt_Private Citizens & Property', 'attacktype1_txt_Bombing/Explosion', 'region_txt_Middle East & North Africa', 'decade_2010s'})","frozenset({'weaptype1_txt_Explosives', 'success_Success'})",0.04551049129362383,0.4268306436981136,0.04299983818056107,0.9448335308695183,2.213602853542481,1.0,0.02357456588668622,10.3898140543707,0.5743884835649671,0.10015304490840148,0.9037518867260834,0.5227878421316021
"frozenset({'attacktype1_txt_Bombing/Explosion', 'success_Failed'})",frozenset({'casualty_level_0_None'}),0.058902275769745646,0.401135678244112,0.05229710048987157,0.8878621378621379,2.213371150999506,1.0,0.02866929614885293,5.340429274633799,0.5825117589274817,0.1282606342677779,0.8127491352146834,0.5091173678895551
"frozenset({'targtype1_txt_Private Citizens & Property', 'attacktype1_txt_Bombing/Explosion', 'region_txt_Middle East & North Africa'})","frozenset({'weaptype1_txt_Explosives', 'success_Success'})",0.05983886706778273,0.4268306436981136,0.056332779224345486,0.9414078505285586,2.205576999748857,1.0,0.030791717075637933,9.78235755937332,0.58139385405148,0.1309039528709306,0.8977751534913162,0.5366935397121447
"frozenset({'weaptype1_txt_Explosives', 'decade_2010s', 'casualty_level_2_Medium_6_20'})","frozenset({'attacktype1_txt_Bombing/Explosion', 'success_Success'})",0.056102309114357304,0.41310050948605165,0.05106629203014745,0.9102351193077529,2.20342289202257,1.0,0.027890399551662493,6.538186047682659,0.5786227270336851,0.12212827338720081,0.8470523792521272,0.5169261157528271
"frozenset({'weaptype1_txt_Explosives', 'targtype1_txt_Business'})","frozenset({'success_Success', 'attacktype1_txt_Bombing/Explosion'})",0.061427639740892756,0.41310050948605165,0.055827706430116066,0.9088369122694978,2.2000382265328207,1.0,0.030451917156627633,6.437907108290916,0.5811618437290246,0.13333567563769236,0.8446700172619495,0.5219900339325743
"frozenset({'weaptype1_txt_Explosives', 'success_Failed'})","frozenset({'attacktype1_txt_Bombing/Explosion', 'decade_2010s'})",0.06985696142322648,0.25807748699314964,0.03961143720179865,0.5670363610838131,2.1971554655554453,1.0,0.021582928148714958,1.7135908106834616,0.5857873985488367,0.13738562536140686,0.416430110522621,0.3602614828409755
frozenset({'weaptype1_txt_Incendiary'}),frozenset({'casualty_level_0_None'}),0.06236913465829128,0.401135678244112,0.054876404273994636,0.879864769242865,2.193434333974704,1.0,0.02985791914134261,4.984918395558339,0.5802858698701977,0.1342941487063793,0.7993949106787747,0.5083336852913264
"frozenset({'success_Failed', 'decade_2010s'})","frozenset({'weaptype1_txt_Explosives', 'casualty_level_0_None'})",0.07591293133461809,0.23142631576366515,0.038527737322918046,0.5075253536593243,2.1930321622438744,1.0,0.02095948730532729,1.5606360448141001,0.5887003009789643,0.14332621901165654,0.35923561209358196,0.33700242680317627
"frozenset({'weaptype1_txt_Explosives', 'decade_2010s', 'success_Success', 'casualty_level_2_Medium_6_20'})",frozenset({'region_txt_Middle East & North Africa'}),0.05453315091869309,0.2794817855058819,0.03329557546425016,0.6105566046218864,2.1846024903438184,1.0,0.01805455307623209,1.8501230809025828,0.5735270569002776,0.1107197599713009,0.45949541934683075,0.3648449309625793
"frozenset({'success_Success', 'weaptype1_txt_Incendiary'})",frozenset({'casualty_level_0_None'}),0.05858354051125136,0.401135678244112,0.05131147299821999,0.8758684188499205,2.183471743734819,1.0,0.027811524741297763,4.824431592729329,0.5757428192123808,0.12563785464718383,0.7927216956486538,0.501891962102091
"frozenset({'weaptype1_txt_Explosives', 'decade_2010s', 'casualty_level_2_Medium_6_20'})",frozenset({'region_txt_Middle East & North Africa'}),0.056102309114357304,0.2794817855058819,0.03422726314292579,0.6100865308976487,2.1829205427228424,1.0,0.0185476896206423,1.8478926007682592,0.5741068415566113,0.11357719343920852,0.4588430087418224,0.3662767069787831
"frozenset({'attacktype1_txt_Bombing/Explosion', 'targtype1_txt_Police', 'decade_2010s'})","frozenset({'weaptype1_txt_Explosives', 'success_Success'})",0.03417822694931129,0.4268306436981136,0.0317803570815619,0.9298421807747488,2.1784803750697956,1.0,0.017192042472327147,8.169714546879634,0.5601079166332358,0.0740406475272183,0.8775967025210271,0.5021493887192525
frozenset({'attacktype1_txt_Assassination'}),frozenset({'weaptype1_txt_Firearms'}),0.10342713957171788,0.32280035894493725,0.07268634979478353,0.7027783045704532,2.1771298732983504,1.0,0.03930003201638487,2.278432737140434,0.6030515748464027,0.20559516214041998,0.5611018119169678,0.4639763099209191
"frozenset({'targtype1_txt_Private Citizens & Property', 'attacktype1_txt_Bombing/Explosion', 'decade_2010s'})","frozenset({'weaptype1_txt_Explosives', 'success_Success'})",0.07164678249015598,0.4268306436981136,0.06653230749616292,0.9286154267332832,2.1756062748626577,1.0,0.03595126520699091,8.029316840773609,0.5820607918633321,0.15402953897850988,0.8754564030999612,0.5422453081462932
"frozenset({'targtype1_txt_Private Citizens & Property', 'weaptype1_txt_Explosives', 'decade_2010s'})","frozenset({'attacktype1_txt_Bombing/Explosion', 'success_Success'})",0.07445165276490577,0.41310050948605165,0.06653230749616292,0.8936310347098729,2.163229079096661,1.0,0.035776291806901735,5.517582021345686,0.5809832725079981,0.15802653187202273,0.8187611899322323,0.5273435074788622
"frozenset({'weaptype1_txt_Explosives', 'region_txt_Middle East & North Africa', 'casualty_level_1_Low_1_5'})","frozenset({'attacktype1_txt_Bombing/Explosion', 'success_Success'})",0.06548783657217393,0.41310050948605165,0.058505082601468146,0.893373268438787,2.1626050995440655,1.0,0.031452023948363814,5.504243466161362,0.5752677693318171,0.13927020591119205,0.818321989906926,0.5174987988839393
"frozenset({'weaptype1_txt_Explosives', 'region_txt_South Asia', 'casualty_level_1_Low_1_5'})","frozenset({'attacktype1_txt_Bombing/Explosion', 'success_Success'})",0.04405411634327297,0.41310050948605165,0.03934664175628031,0.8931433659839715,2.1620485704439165,1.0,0.021147863849916453,5.492401065393032,0.562244903120408,0.09417398244213887,0.817930266181601,0.4941952526230574
"frozenset({'targtype1_txt_Private Citizens & Property', 'weaptype1_txt_Explosives'})","frozenset({'success_Success', 'attacktype1_txt_Bombing/Explosion'})",0.11353349907566775,0.41310050948605165,0.10134310134310134,0.8926273053168057,2.160799332896841,1.0,0.054442355031208825,5.466003179352155,0.6060108282493776,0.23829124870287097,0.8170509662750465,0.5689752071904763
"frozenset({'weaptype1_txt_Explosives', 'decade_2000s'})","frozenset({'success_Success', 'attacktype1_txt_Bombing/Explosion'})",0.0674885132716458,0.41310050948605165,0.060187024042445726,0.8918113783332122,2.158824203443216,1.0,0.03230748482547269,5.424780179948604,0.575633537398528,0.14316540888572662,0.8156607333701262,0.5187536071192199
"frozenset({'attacktype1_txt_Bombing/Explosion', 'weaptype1_txt_Explosives', 'casualty_level_2_Medium_6_20'})","frozenset({'success_Success', 'region_txt_Middle East & North Africa'})",0.07699172759413724,0.24364123159303883,0.04041563077707656,0.524934717533915,2.154539747240849,1.0,0.021657271443565208,1.5921154340739636,0.5805622391962579,0.14422959139032285,0.37190483893422027,0.34540822742211186
"frozenset({'weaptype1_txt_Explosives', 'region_txt_Middle East & North Africa', 'decade_2010s', 'casualty_level_1_Low_1_5'})","frozenset({'attacktype1_txt_Bombing/Explosion', 'success_Success'})",0.049129362382374434,0.41310050948605165,0.04360298336201951,0.8875137239245434,2.1484207923846927,1.0,0.023307618731135772,5.21752084778993,0.5621604177264803,0.10415714938328005,0.808338092137459,0.4965321337917195
"frozenset({'attacktype1_txt_Bombing/Explosion', 'decade_2010s', 'targtype1_txt_Military'})","frozenset({'weaptype1_txt_Explosives', 'success_Success'})",0.04628035953337158,0.4268306436981136,0.04241630747654844,0.9165077346895528,2.1472397734820916,1.0,0.02266243182633932,6.864939574590357,0.5602126685451538,0.09848346843974862,0.8543322939503554,0.5079413817053297
"frozenset({'targtype1_txt_Private Citizens & Property', 'attacktype1_txt_Bombing/Explosion'})","frozenset({'success_Success', 'weaptype1_txt_Explosives'})",0.11059132745879734,0.4268306436981136,0.10134310134310134,0.9163747616725048,2.1469282377031798,1.0,0.05413933385643401,6.854023591026746,0.6006442961694726,0.2323962667266389,0.8541002979170956,0.5769032027194378
"frozenset({'attacktype1_txt_Bombing/Explosion', 'casualty_level_2_Medium_6_20'})","frozenset({'success_Success', 'region_txt_Middle East & North Africa'})",0.07786947545983691,0.24364123159303883,0.040611775551534585,0.5215365239294709,2.1405922163478834,1.0,0.021639560646996008,1.5808077444462412,0.5778352918491256,0.144577892605265,0.3674120059740084,0.3441116584949452
"frozenset({'attacktype1_txt_Bombing/Explosion', 'decade_2000s'})","frozenset({'success_Success', 'weaptype1_txt_Explosives'})",0.06588993335981287,0.4268306436981136,0.060187024042445726,0.9134479422490139,2.140071140007165,1.0,0.032063181373250996,6.6222499059573945,0.5703030434977615,0.1391499540852767,0.8489939198609225,0.5272285435246724
"frozenset({'weaptype1_txt_Explosives', 'decade_2010s', 'region_txt_South Asia', 'casualty_level_1_Low_1_5'})","frozenset({'attacktype1_txt_Bombing/Explosion', 'success_Success'})",0.034192937807395636,0.41310050948605165,0.030221006124620583,0.8838376595439553,2.1395220757378373,1.0,0.01609588609556057,5.052407589325635,0.5514620036667168,0.07245984903708233,0.8020745590453294,0.4784971024086046
"frozenset({'attacktype1_txt_Bombing/Explosion', 'targtype1_txt_Business'})","frozenset({'success_Success', 'weaptype1_txt_Explosives'})",0.06135408545047099,0.4268306436981136,0.055827706430116066,0.9099264705882353,2.13182086155886,1.0,0.029639902643782468,6.363349588331147,0.5656205665703156,0.1291240884190947,0.8428500609437268,0.5203611949467071
"frozenset({'weaptype1_txt_Explosives', 'casualty_level_1_Low_1_5'})","frozenset({'success_Success', 'attacktype1_txt_Bombing/Explosion'})",0.15213969430836902,0.41310050948605165,0.1334569045412419,0.8771997679365693,2.123453609456727,1.0,0.07060791930940251,4.779302780232483,0.6240049905579147,0.3090830626660913,0.7907644595910375,0.6001306754786593
"frozenset({'attacktype1_txt_Bombing/Explosion', 'targtype1_txt_Police'})","frozenset({'success_Success', 'weaptype1_txt_Explosives'})",0.054297777189343456,0.4268306436981136,0.049207820292157645,0.906258466540233,2.1232272797667417,1.0,0.026031865103053428,6.11435865349787,0.5593926390942221,0.11392793079176222,0.8364505491630058,0.5107724941496716
"frozenset({'weaptype1_txt_Explosives', 'decade_2010s', 'casualty_level_1_Low_1_5'})","frozenset({'attacktype1_txt_Bombing/Explosion', 'success_Success'})",0.10319176584236825,0.41310050948605165,0.09049139169621097,0.876924539061015,2.122787357856368,1.0,0.0478628206519633,4.768615010955801,0.5897818919880911,0.2125204413017942,0.7902955055707958,0.5479893575130345
"frozenset({'attacktype1_txt_Bombing/Explosion', 'targtype1_txt_Military'})","frozenset({'success_Success', 'weaptype1_txt_Explosives'})",0.06615963242469267,0.4268306436981136,0.05986828878395144,0.9049066113252298,2.1200600863260584,1.0,0.031629330289289284,6.02743644210838,0.5657447181678121,0.13822500481166577,0.8340919875962718,0.5225845036774119
"frozenset({'weaptype1_txt_Explosives', 'decade_1980s'})","frozenset({'success_Success', 'attacktype1_txt_Bombing/Explosion'})",0.0685035624794661,0.41310050948605165,0.05994674669373465,0.8750894774516822,2.1183451904729003,1.0,0.031647890131857634,4.698559244974132,0.5667583731453477,0.1421693472420891,0.7871688005063122,0.5101018347801595
"frozenset({'weaptype1_txt_Explosives', 'region_txt_South America'})","frozenset({'success_Success', 'attacktype1_txt_Bombing/Explosion'})",0.046133250952528064,0.41310050948605165,0.0403322692479319,0.8742559523809523,2.116327461006125,1.0,0.02127459977519468,4.6674136997085585,0.5529947790454359,0.09628103526987956,0.7857485827617032,0.48594450911863724
"frozenset({'weaptype1_txt_Explosives', 'casualty_level_0_None', 'region_txt_South America'})","frozenset({'attacktype1_txt_Bombing/Explosion', 'success_Success'})",0.03669868730109694,0.41310050948605165,0.03207457424324894,0.8739978621058258,2.1157026971309905,1.0,0.016914327821696502,4.657853432668493,0.5474339043285903,0.07678401634052144,0.7853088306758724,0.4758206869049617
"frozenset({'targtype1_txt_Private Citizens & Property', 'attacktype1_txt_Bombing/Explosion', 'weaptype1_txt_Explosives'})","frozenset({'success_Success', 'region_txt_Middle East & North Africa'})",0.10932619366354306,0.24364123159303883,0.056332779224345486,0.5152724826194214,2.1148821127291635,1.0,0.02969641075478078,1.5603792672927916,0.5918669686168995,0.18990627014695916,0.3591301672862084,0.3732422470256065
"frozenset({'weaptype1_txt_Explosives', 'targtype1_txt_Unknown'})",frozenset({'attacktype1_txt_Bombing/Explosion'}),0.031466525442429054,0.4720027852557973,0.0314027783907302,0.997974131213963,2.1143394962661515,1.0,0.016550490739581272,260.6275482318158,0.5441619435770259,0.06652193333264084,0.9961631070591566,0.5322525243835772
"frozenset({'weaptype1_txt_Explosives', 'targtype1_txt_Business', 'casualty_level_0_None'})","frozenset({'attacktype1_txt_Bombing/Explosion', 'success_Success'})",0.03596314439687934,0.41310050948605165,0.03138806753264584,0.8727842923370601,2.1127649864748705,1.0,0.016531674259574546,4.613420003675555,0.5463344965184075,0.07514939478967325,0.7832410664532405,0.4743829823111634
"frozenset({'weaptype1_txt_Explosives', 'decade_1980s', 'casualty_level_0_None'})","frozenset({'attacktype1_txt_Bombing/Explosion', 'success_Success'})",0.050217965880616486,0.41310050948605165,0.04380403175583898,0.8722780978420075,2.1115396321520636,1.0,0.023058964465203155,4.595135842777783,0.5542449753740359,0.10441602767907236,0.7823785772140535,0.4891576615224946
"frozenset({'targtype1_txt_Private Citizens & Property', 'attacktype1_txt_Bombing/Explosion'})","frozenset({'success_Success', 'region_txt_Middle East & North Africa'})",0.11059132745879734,0.24364123159303883,0.05664661086347833,0.5122156697556866,2.1023357434477905,1.0,0.029702003637907894,1.5506007911900912,0.5895361700281644,0.19035378252343993,0.3550886819601732,0.3723578851938276
"frozenset({'weaptype1_txt_Explosives', 'targtype1_txt_Business', 'casualty_level_0_None', 'success_Success'})",frozenset({'attacktype1_txt_Bombing/Explosion'}),0.03171170641050159,0.4720027852557973,0.03138806753264584,0.9897943404979124,2.097009533453289,1.0,0.01642005378167497,51.73572708713217,0.5402631116343709,0.06645418492140943,0.9806709974653334,0.528147045581403
"frozenset({'weaptype1_txt_Explosives', 'targtype1_txt_Business', 'casualty_level_0_None'})",frozenset({'attacktype1_txt_Bombing/Explosion'}),0.03596314439687934,0.4720027852557973,0.03556104760924038,0.9888191982547041,2.094943566315659,1.0,0.01858634328735691,47.223555767487525,0.5421578747047309,0.07527663019784508,0.9788241274137921,0.5320799781167137
"frozenset({'decade_2010s', 'targtype1_txt_Private Citizens & Property', 'weaptype1_txt_Explosives', 'success_Success', 'region_txt_Middle East & North Africa'})",frozenset({'attacktype1_txt_Bombing/Explosion'}),0.04352942907159774,0.4720027852557973,0.04299983818056107,0.9878337276106793,2.0928557171020348,1.0,0.02245382641817226,43.398437734113955,0.5459488150515095,0.09099871321240298,0.9769576958938793,0.5394672710526801
"frozenset({'targtype1_txt_Private Citizens & Property', 'weaptype1_txt_Explosives', 'region_txt_Middle East & North Africa', 'success_Success'})",frozenset({'attacktype1_txt_Bombing/Explosion'}),0.05702909317367149,0.4720027852557973,0.056332779224345486,0.9877901977644022,2.0927634933956565,1.0,0.029414888405760165,43.24371554559856,0.5537423420998002,0.11917259694184527,0.9768752525683057,0.5535693010098607
"frozenset({'attacktype1_txt_Bombing/Explosion', 'decade_1980s', 'weaptype1_txt_Explosives'})","frozenset({'success_Success', 'casualty_level_0_None'})",0.06550745104961972,0.3199023199023199,0.04380403175583898,0.66868777603114,2.0902873609523045,1.0,0.022848046194177976,2.0527394732094235,0.5581605527814115,0.12822978870004592,0.5128461195143693,0.40280858650418094
"frozenset({'success_Success', 'targtype1_txt_Business', 'weaptype1_txt_Explosives'})",frozenset({'attacktype1_txt_Bombing/Explosion'}),0.05675449048943025,0.4720027852557973,0.055827706430116066,0.983670295489891,2.084034938388765,1.0,0.029039428843331327,32.33354372195433,0.5514593922149981,0.11804655503136502,0.9690723661903782,0.5509743182901583
"frozenset({'targtype1_txt_Private Citizens & Property', 'weaptype1_txt_Explosives', 'region_txt_Middle East & North Africa'})",frozenset({'attacktype1_txt_Bombing/Explosion'}),0.060540084636470176,0.4720027852557973,0.05948580647375828,0.9825854527782277,2.0817365563758807,1.0,0.03091071790572265,30.319319131311225,0.5531176071472819,0.12574763400400119,0.9670177290041027,0.5543069800460287
"frozenset({'targtype1_txt_Private Citizens & Property', 'weaptype1_txt_Explosives', 'region_txt_Middle East & North Africa', 'decade_2010s'})",frozenset({'attacktype1_txt_Bombing/Explosion'}),0.046157769049335315,0.4720027852557973,0.045353575474057405,0.9825772867311166,2.081719255530703,1.0,0.0235669799215773,30.30510842919014,0.5447733506341905,0.09592408214063472,0.9670022629242009,0.5393324016767285
"frozenset({'weaptype1_txt_Explosives', 'targtype1_txt_Business'})",frozenset({'attacktype1_txt_Bombing/Explosion'}),0.061427639740892756,0.4720027852557973,0.06027038557159039,0.9811606929033287,2.0787180151311992,1.0,0.0312763685221993,28.026360631782225,0.5528974554231182,0.1273784355179704,0.9643193059156604,0.5544257171298559
"frozenset({'weaptype1_txt_Explosives', 'decade_1980s', 'casualty_level_0_None', 'success_Success'})",frozenset({'attacktype1_txt_Bombing/Explosion'}),0.044667068763454304,0.4720027852557973,0.04380403175583898,0.9806784498847294,2.0776963198495966,1.0,0.022721050890276328,27.3268558471872,0.5429496790454055,0.09263522482163597,0.9634059620472974,0.5367415271365137
"frozenset({'weaptype1_txt_Explosives', 'casualty_level_2_Medium_6_20'})","frozenset({'success_Success', 'region_txt_Middle East & North Africa'})",0.08238080527237154,0.24364123159303883,0.04168076457233084,0.5059523809523809,2.0766287284144425,1.0,0.021609403716143928,1.5309430493056562,0.5649950160739865,0.14658710723278032,0.34680783817951955,0.33851336392545184
"frozenset({'weaptype1_txt_Explosives', 'casualty_level_0_None', 'region_txt_South America', 'success_Success'})",frozenset({'attacktype1_txt_Bombing/Explosion'}),0.03277088819257494,0.4720027852557973,0.03207457424324894,0.9787520574592249,2.0736150040487575,1.0,0.016606623741047252,24.849333705179614,0.5352924107605688,0.06785410485694725,0.959757472298279,0.5233531314556763
"frozenset({'weaptype1_txt_Firearms', 'attacktype1_txt_Assassination'})","frozenset({'success_Success', 'casualty_level_1_Low_1_5'})",0.07268634979478353,0.38037375386772976,0.057313503096635625,0.7885043513458814,2.0729725522021005,1.0,0.029665523370250926,2.929735198219662,0.5581724640774354,0.14482374078433805,0.6586722238215663,0.4695905796951142
"frozenset({'success_Success', 'weaptype1_txt_Explosives', 'decade_2000s'})",frozenset({'attacktype1_txt_Bombing/Explosion'}),0.06155513384429047,0.4720027852557973,0.060187024042445726,0.9777742372341273,2.0715433632541638,1.0,0.031132829421147232,23.756089737218513,0.551197144758681,0.12714559486196716,0.9579055302845861,0.5526441831117445
"frozenset({'attacktype1_txt_Bombing/Explosion', 'region_txt_South America'})","frozenset({'success_Success', 'weaptype1_txt_Explosives'})",0.0457213469261662,0.4268306436981136,0.0403322692479319,0.8821321321321323,2.066702907010683,1.0,0.020816997308691614,4.862812627987985,0.5408666697498036,0.09331427339663956,0.7943576945069841,0.48831228636844193
"frozenset({'attacktype1_txt_Bombing/Explosion', 'region_txt_Middle East & North Africa'})","frozenset({'success_Success', 'weaptype1_txt_Explosives'})",0.16837067439477077,0.4268306436981136,0.1484815942647268,0.8818732525629077,2.0660963911172088,1.0,0.07661583093292129,4.852155576425437,0.6204633004971866,0.3323819978046103,0.7939060311959955,0.6148716476499572
"frozenset({'weaptype1_txt_Explosives', 'decade_1990s'})","frozenset({'success_Success', 'attacktype1_txt_Bombing/Explosion'})",0.05435171700231941,0.41310050948605165,0.04637352830123914,0.8532118368819921,2.0653855836282884,1.0,0.023920806316139298,3.9982753244355287,0.5454764885545733,0.1101303117466898,0.7498921612805194,0.48273454481201356
"frozenset({'attacktype1_txt_Bombing/Explosion', 'decade_1980s'})","frozenset({'success_Success', 'casualty_level_0_None'})",0.06931265967410545,0.3199023199023199,0.04579490121658796,0.6607003891050583,2.0653191552558887,1.0,0.023621620588241653,2.0044163278108234,0.5542283747913979,0.13334951594939604,0.5011016493304179,0.4019265764158604
"frozenset({'targtype1_txt_Private Citizens & Property', 'success_Success', 'region_txt_Middle East & North Africa'})","frozenset({'attacktype1_txt_Bombing/Explosion', 'decade_2010s'})",0.0809734665156352,0.25807748699314964,0.043156754000127494,0.5329740204687216,2.0651705295118155,1.0,0.022259325248648414,1.5886107958094031,0.5612226278944327,0.14585197706406813,0.37051919662267174,0.35009901859461157
"frozenset({'weaptype1_txt_Explosives', 'casualty_level_0_None', 'region_txt_South Asia', 'success_Success'})",frozenset({'attacktype1_txt_Bombing/Explosion'}),0.03163815212007983,0.4720027852557973,0.03079472958991031,0.9733415995040298,2.062152237039315,1.0,0.015861433668886024,19.80603505540463,0.5318980204071042,0.06512631185962584,0.94951033878297,0.5192921428371212
"frozenset({'targtype1_txt_Private Citizens & Property', 'weaptype1_txt_Explosives'})","frozenset({'success_Success', 'region_txt_Middle East & North Africa'})",0.11353349907566775,0.24364123159303883,0.05702909317367149,0.5023107156739948,2.0616818934531542,1.0,0.029367651631808666,1.5197409151198795,0.5809121037344589,0.1900047378653466,0.341993105501724,0.3681903375093397
"frozenset({'weaptype1_txt_Explosives', 'casualty_level_0_None', 'region_txt_South America'})",frozenset({'attacktype1_txt_Bombing/Explosion'}),0.03669868730109694,0.4720027852557973,0.0357081561900839,0.9730090860502404,2.0614477635400554,1.0,0.018386273568734582,19.562035421512846,0.5345202216637001,0.07549399738746397,0.9488805751317536,0.5243307564559713
"frozenset({'targtype1_txt_Private Citizens & Property', 'success_Success', 'region_txt_Middle East & North Africa'})","frozenset({'attacktype1_txt_Bombing/Explosion', 'weaptype1_txt_Explosives', 'decade_2010s'})",0.0809734665156352,0.25763616125061906,0.04299983818056107,0.531036153333737,2.0611864062714567,1.0,0.02213814510431728,1.5829873539861217,0.5602041970940383,0.14546148231703274,0.36828301408605746,0.3489687808922206
"frozenset({'attacktype1_txt_Bombing/Explosion', 'casualty_level_0_None', 'region_txt_South America'})","frozenset({'weaptype1_txt_Explosives', 'success_Success'})",0.036463313571747306,0.4268306436981136,0.03207457424324894,0.8796395911780528,2.0608632584501114,1.0,0.01651091464005388,4.762108752470202,0.5342468582734934,0.0743811050842061,0.7900089955985822,0.47739274719970604
"frozenset({'weaptype1_txt_Explosives', 'decade_1980s', 'casualty_level_0_None'})",frozenset({'attacktype1_txt_Bombing/Explosion'}),0.050217965880616486,0.4720027852557973,0.04883024160132594,0.9723659798847768,2.060085258517728,1.0,0.02512722183579436,19.106782601397047,0.541790830486961,0.10315002227079212,0.9476625646053626,0.5379096355540905
"frozenset({'targtype1_txt_Private Citizens & Property', 'weaptype1_txt_Explosives', 'casualty_level_1_Low_1_5', 'success_Success'})",frozenset({'attacktype1_txt_Bombing/Explosion'}),0.04194065639848772,0.4720027852557973,0.04075888413237811,0.9718227522506724,2.0589343593046863,1.0,0.02096277749683553,18.738423973888725,0.5368267249002209,0.08613739287231727,0.9466337189619862,0.5290879053806553
"frozenset({'targtype1_txt_Private Citizens & Property', 'success_Success', 'weaptype1_txt_Explosives'})",frozenset({'attacktype1_txt_Bombing/Explosion'}),0.1042901765793332,0.4720027852557973,0.10134310134310134,0.9717415835997744,2.058762392838738,1.0,0.05211784752283715,18.684600271513684,0.5741494367594822,0.21337642090917538,0.9464799896455592,0.5932251385419085
"frozenset({'success_Success', 'decade_1980s', 'weaptype1_txt_Explosives'})",frozenset({'attacktype1_txt_Bombing/Explosion'}),0.061721856902579794,0.4720027852557973,0.05994674669373465,0.971240168427743,2.0577000788276893,1.0,0.030813858324557228,18.358842381174842,0.5478338494115289,0.1265292181581072,0.9455303346889998,0.5491226191207864
"frozenset({'weaptype1_txt_Explosives', 'decade_1990s', 'casualty_level_0_None'})",frozenset({'attacktype1_txt_Bombing/Explosion'}),0.03529625216372204,0.4720027852557973,0.03425178123973305,0.9704084467907752,2.05593796711363,1.0,0.01759185190936528,17.842835454125677,0.5323955699675603,0.07240667986607097,0.9439550960064043,0.5214876758554939
"frozenset({'targtype1_txt_Private Citizens & Property', 'weaptype1_txt_Explosives', 'decade_2010s', 'success_Success'})",frozenset({'attacktype1_txt_Bombing/Explosion'}),0.06859182762797221,0.4720027852557973,0.06653230749616292,0.969974263654561,2.055018093015898,1.0,0.034156773809974485,17.58482152343306,0.5511936599847879,0.14034507013115974,0.9431327751227144,0.5554658552315358
"frozenset({'success_Success', 'decade_1990s', 'weaptype1_txt_Explosives'})",frozenset({'attacktype1_txt_Bombing/Explosion'}),0.047815192393505644,0.4720027852557973,0.04637352830123914,0.9698492462311558,2.0547532271563935,1.0,0.023804624313962665,17.511907622349376,0.5391007595644658,0.09794924909373381,0.9428959984505765,0.5340488335544077
"frozenset({'weaptype1_txt_Explosives', 'region_txt_Middle East & North Africa', 'success_Success', 'casualty_level_2_Medium_6_20'})",frozenset({'attacktype1_txt_Bombing/Explosion'}),0.04168076457233084,0.4720027852557973,0.04041563077707656,0.9696470588235293,2.054324866532384,1.0,0.020742193807345242,17.395257074905842,0.535543954441944,0.08539693723190417,0.9425130657343037,0.5276364449702753
"frozenset({'success_Success', 'weaptype1_txt_Explosives', 'region_txt_South America'})",frozenset({'attacktype1_txt_Bombing/Explosion'}),0.041602306662547626,0.4720027852557973,0.0403322692479319,0.9694719471947195,2.0539538695080446,1.0,0.02069586463014361,17.295476331620936,0.5354083715789959,0.08521991400300472,0.9421814131726617,0.5274605829723598
"frozenset({'decade_2010s', 'casualty_level_2_Medium_6_20', 'weaptype1_txt_Explosives', 'success_Success', 'region_txt_Middle East & North Africa'})",frozenset({'attacktype1_txt_Bombing/Explosion'}),0.03329557546425016,0.4720027852557973,0.03224129730153827,0.968335787923417,2.051546766612059,1.0,0.016525692945717606,16.67488878192168,0.5302167758063495,0.06815519689854983,0.9400295850198315,0.5183216090547936
"frozenset({'weaptype1_txt_Explosives', 'region_txt_Middle East & North Africa', 'casualty_level_0_None', 'success_Success'})",frozenset({'attacktype1_txt_Bombing/Explosion'}),0.03649763890727746,0.4720027852557973,0.0353403847379751,0.968292355233105,2.0514547487433754,1.0,0.018113397518479783,16.652047751445362,0.5319561838900669,0.07469012975168926,0.9399473257027382,0.5215828049436801
"frozenset({'success_Success', 'weaptype1_txt_Explosives', 'casualty_level_0_None'})",frozenset({'attacktype1_txt_Bombing/Explosion'}),0.1745051022159456,0.4720027852557973,0.1688855544277231,0.9677972293253154,2.050405759366075,1.0,0.08651866014044918,16.396018220856842,0.6205873060161138,0.3535964353914704,0.93900958229432,0.662801747973828
frozenset({'attacktype1_txt_Assassination'}),frozenset({'casualty_level_1_Low_1_5'}),0.10342713957171788,0.40793209467908265,0.08649494191662867,0.8362886402427461,2.0500682617302974,1.0,0.044303692224471954,3.6165352618096698,0.5712992073952492,0.20358251676419328,0.7234922577529046,0.5241606682401373
"frozenset({'region_txt_Western Europe', 'weaptype1_txt_Explosives', 'casualty_level_0_None'})",frozenset({'attacktype1_txt_Bombing/Explosion'}),0.03306020173490053,0.4720027852557973,0.03198630909474283,0.9675170572530407,2.049812177969891,1.0,0.01638180179475124,16.25459918632613,0.5296611286937618,0.06761337133972531,0.9384789505704189,0.5176421306876906
"frozenset({'success_Success', 'region_txt_Middle East & North Africa', 'weaptype1_txt_Explosives'})",frozenset({'attacktype1_txt_Bombing/Explosion'}),0.15370885250403324,0.4720027852557973,0.1484815942647268,0.9659924711286926,2.046582141682029,1.0,0.07593058776435056,15.525891832431274,0.604260689188476,0.3111321181233431,0.9355914616182531,0.640285131840942
"frozenset({'region_txt_Western Europe', 'success_Success', 'weaptype1_txt_Explosives'})",frozenset({'attacktype1_txt_Bombing/Explosion'}),0.03450676944652848,0.4720027852557973,0.03332499718041887,0.9657524513286914,2.0460736281573237,1.0,0.01703770589147778,15.417080498568348,0.5295314545665224,0.0704270599085982,0.9351368762657196,0.518177921143069
"frozenset({'weaptype1_txt_Explosives', 'success_Failed', 'decade_2010s'})",frozenset({'casualty_level_0_None'}),0.046961962624613225,0.401135678244112,0.038527737322918046,0.8204030489714942,2.045200897019776,1.0,0.01968961859381918,3.334490470614034,0.5362330341948784,0.0940687706527465,0.7001041062157081,0.4582248485285812
"frozenset({'weaptype1_txt_Explosives', 'decade_2000s'})",frozenset({'attacktype1_txt_Bombing/Explosion'}),0.0674885132716458,0.4720027852557973,0.06508083616517352,0.9643246385235777,2.0430486188783217,1.0,0.03322606992818385,14.80005227398059,0.5474842884394545,0.13718254829607118,0.9324326710819757,0.5511034761766825
"frozenset({'attacktype1_txt_Bombing/Explosion', 'region_txt_Middle East & North Africa', 'decade_2010s'})","frozenset({'weaptype1_txt_Explosives', 'success_Success'})",0.12165879635759154,0.4268306436981136,0.10598192525903369,0.8711406690850463,2.040951562280945,1.0,0.05405422289818518,4.44802368778536,0.5806769235430227,0.23950310834321428,0.775181053386455,0.5597201897881461
"frozenset({'attacktype1_txt_Bombing/Explosion', 'targtype1_txt_Government (General)'})","frozenset({'success_Success', 'weaptype1_txt_Explosives'})",0.04234275318612668,0.4268306436981136,0.03688012121747061,0.8709901563404747,2.0405989335585377,1.0,0.018806936619085814,4.4428342833633625,0.5324951072874481,0.08531273395494451,0.7749184560530199,0.4786973666680086
"frozenset({'targtype1_txt_Private Citizens & Property', 'weaptype1_txt_Explosives'})",frozenset({'attacktype1_txt_Bombing/Explosion'}),0.11353349907566775,0.4720027852557973,0.10932619366354306,0.9629421673217293,2.0401196717512424,1.0,0.05573806587999139,14.247924840294303,0.5751290945997679,0.22957555038408467,0.9298143405998383,0.5972820460943753
"frozenset({'weaptype1_txt_Explosives', 'region_txt_Middle East & North Africa', 'casualty_level_1_Low_1_5', 'success_Success'})",frozenset({'attacktype1_txt_Bombing/Explosion'}),0.06080488008198852,0.4720027852557973,0.058505082601468146,0.9621774193548387,2.0384994525686877,1.0,0.029805009845624814,13.959841072128167,0.5424251846195657,0.12334970276557251,0.9283659466584779,0.5430640670577385
"frozenset({'weaptype1_txt_Explosives', 'decade_1980s'})","frozenset({'success_Success', 'casualty_level_0_None'})",0.0685035624794661,0.3199023199023199,0.044667068763454304,0.6520400858983536,2.0382474440868386,1.0,0.022752620204699585,1.9545288193714443,0.5468431369618532,0.12994479236508366,0.4883677385112237,0.39583364851648417
"frozenset({'weaptype1_txt_Explosives', 'region_txt_Middle East & North Africa'})","frozenset({'success_Success', 'attacktype1_txt_Bombing/Explosion'})",0.1763537667152125,0.41310050948605165,0.1484815942647268,0.8419530641752864,2.0381312654946386,1.0,0.07562976338488821,3.7134506116895913,0.6184141284781995,0.33671381549684193,0.7307086845716771,0.6006925949526544
"frozenset({'targtype1_txt_Private Citizens & Property', 'weaptype1_txt_Explosives', 'casualty_level_1_Low_1_5'})",frozenset({'attacktype1_txt_Bombing/Explosion'}),0.04299983818056107,0.4720027852557973,0.04135222207511364,0.9616832021895313,2.037452388481895,1.0,0.021056178688340237,13.779784452654502,0.5320699047562821,0.08730536690409142,0.9274299243623246,0.5246466625974252
"frozenset({'weaptype1_txt_Explosives', 'region_txt_Middle East & North Africa', 'decade_2010s', 'success_Success'})",frozenset({'attacktype1_txt_Bombing/Explosion'}),0.1102971102971103,0.4720027852557973,0.10598192525903369,0.960876717200907,2.035743743927632,1.0,0.05392138199313175,13.495728808228808,0.5718527432301279,0.22250247076264207,0.9259024826143316,0.5927066847307726
"frozenset({'targtype1_txt_Private Citizens & Property', 'weaptype1_txt_Explosives', 'decade_2010s'})",frozenset({'attacktype1_txt_Bombing/Explosion'}),0.07445165276490577,0.4720027852557973,0.07147515581250521,0.960021076203649,2.0339309559018277,1.0,0.036333768340572205,13.206889145735186,0.5492324929397265,0.15048057565840414,0.9242819418740315,0.5557252987401223
"frozenset({'weaptype1_txt_Explosives', 'region_txt_South America'})",frozenset({'attacktype1_txt_Bombing/Explosion'}),0.046133250952528064,0.4720027852557973,0.04428458645326115,0.9599277210884353,2.033733170807905,1.0,0.02250956351076324,13.176121475632483,0.5328767479123242,0.09345668663913984,0.9241051320110117,0.5268752219138985
"frozenset({'attacktype1_txt_Bombing/Explosion', 'decade_1990s'})","frozenset({'success_Success', 'weaptype1_txt_Explosives'})",0.05344945103981249,0.4268306436981136,0.04637352830123914,0.8676146788990825,2.0326906976077477,1.0,0.023559664708605172,4.329553696251254,0.536729114073362,0.10687445613479946,0.7690293110659764,0.48813044040997505
"frozenset({'weaptype1_txt_Explosives', 'region_txt_Middle East & North Africa', 'casualty_level_2_Medium_6_20'})",frozenset({'attacktype1_txt_Bombing/Explosion'}),0.042833115122271746,0.4720027852557973,0.0410874266295953,0.9592444190040069,2.0322855054428413,1.0,0.020870076990700828,12.955212558400607,0.5306735534281257,0.08672835672587256,0.9228109924486291,0.5231467690099821
"frozenset({'decade_2010s', 'weaptype1_txt_Explosives', 'success_Success', 'casualty_level_1_Low_1_5', 'region_txt_Middle East & North Africa'})",frozenset({'attacktype1_txt_Bombing/Explosion'}),0.04547126233873222,0.4720027852557973,0.04360298336201951,0.9589129731478486,2.0315832937896228,1.0,0.022140420889040863,12.850703864364817,0.5319620602043054,0.09201444581268045,0.9221832507732892,0.5256458150313711
"frozenset({'weaptype1_txt_Explosives', 'success_Failed'})",frozenset({'casualty_level_0_None'}),0.06985696142322648,0.401135678244112,0.05692121354771957,0.8148252140951846,2.031295789150226,1.0,0.02889909394714085,3.2340489491032525,0.5458336881085835,0.13746713720660333,0.6907900852034774,0.47836268283850714
"frozenset({'weaptype1_txt_Explosives', 'region_txt_Middle East & North Africa', 'decade_2010s', 'casualty_level_2_Medium_6_20'})",frozenset({'attacktype1_txt_Bombing/Explosion'}),0.03422726314292579,0.4720027852557973,0.032805213528105094,0.9584527220630373,2.0306081913131364,1.0,0.016649849992961027,12.70834675487773,0.5255239519600374,0.06929339382263378,0.921311558514393,0.5139774414836463
"frozenset({'targtype1_txt_Private Citizens & Property', 'weaptype1_txt_Explosives', 'casualty_level_0_None'})",frozenset({'attacktype1_txt_Bombing/Explosion'}),0.032584550656839815,0.4720027852557973,0.03121153723563362,0.9578630549285176,2.029358903908614,1.0,0.01583153856929661,12.530505328482942,0.5243182149880715,0.06593395210077069,0.9201947588077783,0.5119944014669184
"frozenset({'attacktype1_txt_Bombing/Explosion', 'decade_1980s'})","frozenset({'success_Success', 'weaptype1_txt_Explosives'})",0.06931265967410545,0.4268306436981136,0.05994674669373465,0.8648744251857093,2.0262706953098077,1.0,0.03036197954860794,4.241753325302184,0.5442026571980568,0.13743058209861278,0.7642484314127909,0.5026603181486655
"frozenset({'weaptype1_txt_Explosives', 'decade_1980s'})",frozenset({'attacktype1_txt_Bombing/Explosion'}),0.0685035624794661,0.4720027852557973,0.06550745104961972,0.9562634216177522,2.025969870282682,1.0,0.03317357875936719,12.072211276557278,0.5436512943641444,0.13791074359689057,0.9171651342830726,0.5475247876040888
"frozenset({'attacktype1_txt_Bombing/Explosion', 'targtype1_txt_Business', 'casualty_level_0_None'})","frozenset({'weaptype1_txt_Explosives', 'success_Success'})",0.03633581946834959,0.4268306436981136,0.03138806753264584,0.8638326585695006,2.0238299928167,1.0,0.01587882631967174,4.2093012192239625,0.524962285270035,0.07269485423551723,0.7624308767847308,0.46868508991155977
"frozenset({'targtype1_txt_Private Citizens & Property', 'region_txt_Middle East & North Africa'})","frozenset({'attacktype1_txt_Bombing/Explosion', 'decade_2010s'})",0.0871471232917016,0.25807748699314964,0.04551049129362383,0.5222259734413686,2.0235239405257786,1.0,0.0230197807158193,1.5528732659472084,0.5541009183468336,0.15184633759264413,0.3560324451911867,0.34928513188503924
"frozenset({'success_Success', 'targtype1_txt_Government (General)', 'casualty_level_1_Low_1_5'})",frozenset({'weaptype1_txt_Firearms'}),0.04634901020443189,0.32280035894493725,0.03026023507951219,0.6528776978417267,2.022543283333503,1.0,0.015298757948779015,1.9508963752674349,0.5301446853617245,0.08929243235421792,0.48741511200823423,0.3733102885599282
"frozenset({'weaptype1_txt_Explosives', 'decade_1990s'})",frozenset({'attacktype1_txt_Bombing/Explosion'}),0.05435171700231941,0.4720027852557973,0.051875389224786815,0.9544388307470227,2.0221042344692393,1.0,0.02622122741625718,11.588754709355927,0.5345176009761304,0.10933123882555987,0.913709451526084,0.5321718339240433
"frozenset({'weaptype1_txt_Explosives', 'casualty_level_0_None', 'region_txt_South Asia'})",frozenset({'attacktype1_txt_Bombing/Explosion'}),0.0503356527452913,0.4720027852557973,0.048021144406686575,0.9540185094982951,2.021213728603898,1.0,0.02426257611324046,11.48282078251957,0.5320277329876777,0.10124265982962534,0.9129133843556706,0.5278788109326582
"frozenset({'weaptype1_txt_Explosives', 'casualty_level_0_None'})",frozenset({'attacktype1_txt_Bombing/Explosion'}),0.23142631576366515,0.4720027852557973,0.22070700383953396,0.9536815340608116,2.020499801805138,1.0,0.11147313821759637,11.399281129850262,0.6571561888509281,0.45721338453099286,0.9122751699331819,0.7106391795968952
"frozenset({'targtype1_txt_Private Citizens & Property', 'region_txt_Middle East & North Africa'})","frozenset({'attacktype1_txt_Bombing/Explosion', 'weaptype1_txt_Explosives', 'decade_2010s'})",0.0871471232917016,0.25763616125061906,0.045353575474057405,0.5204253882511817,2.0200013294908974,1.0,0.022901325165148992,1.5479631752028629,0.5531568489916868,0.15146651818613566,0.35398980026191607,0.348231346580863
frozenset({'attacktype1_txt_Bombing/Explosion'}),"frozenset({'success_Success', 'weaptype1_txt_Explosives'})",0.4720027852557973,0.4268306436981136,0.4064904305868161,0.8612034574468085,2.017670170035673,1.0,0.20502517792878167,4.129565086840897,0.9552680220055356,0.8256244771124657,0.7578437489249026,0.906774698715592
"frozenset({'success_Success', 'weaptype1_txt_Explosives'})",frozenset({'attacktype1_txt_Bombing/Explosion'}),0.4268306436981136,0.4720027852557973,0.4064904305868161,0.9523459399843757,2.0176701700356725,1.0,0.20502517792878167,11.079794975938846,0.879982241561902,0.8256244771124657,0.9097456223538771,0.906774698715592
"frozenset({'weaptype1_txt_Explosives', 'targtype1_txt_Police'})","frozenset({'success_Success', 'attacktype1_txt_Bombing/Explosion'})",0.05911803502164948,0.41310050948605165,0.049207820292157645,0.8323656270736564,2.0149227801951217,1.0,0.0247861299049,3.5010689053123034,0.5353520247862125,0.11632759520083465,0.7143729452217685,0.4757419512795754
"frozenset({'attacktype1_txt_Bombing/Explosion', 'casualty_level_0_None', 'decade_2010s', 'region_txt_South Asia'})",frozenset({'weaptype1_txt_Explosives'}),0.03660061491386793,0.4966876051213401,0.036590807675145026,0.9997320471596999,2.012798460947031,1.0,0.01841173590760756,1878.361857687048,0.5222956108779794,0.07366820676855032,0.9994676212169088,0.5367008542640241
"frozenset({'attacktype1_txt_Bombing/Explosion', 'decade_2010s', 'region_txt_South Asia'})",frozenset({'weaptype1_txt_Explosives'}),0.08296433597638417,0.4966876051213401,0.08291039616340821,0.9993498433713577,2.0120289555589332,1.0,0.041703038816815724,774.1402189956848,0.5484947639273305,0.16690852015281193,0.9987082443522992,0.5831382448172812
"frozenset({'attacktype1_txt_Bombing/Explosion', 'decade_2010s', 'region_txt_South Asia', 'success_Success'})",frozenset({'weaptype1_txt_Explosives'}),0.06695892238060913,0.4966876051213401,0.06691478980635607,0.999340900768949,2.0120109510782163,1.0,0.03365712300762562,763.6367502296606,0.5390811022319969,0.13471011559837706,0.9986904768534262,0.5670314929355654
"frozenset({'weaptype1_txt_Explosives', 'casualty_level_0_None', 'decade_2010s', 'region_txt_South Asia'})",frozenset({'attacktype1_txt_Bombing/Explosion'}),0.03853754456164095,0.4720027852557973,0.036590807675145026,0.9494846672604657,2.0116081873243643,1.0,0.018400979305131095,10.45221690346268,0.5230420568515634,0.07720401849916712,0.9043265166389043,0.5135035537100201
"frozenset({'success_Failed', 'decade_2010s', 'attacktype1_txt_Bombing/Explosion'})",frozenset({'weaptype1_txt_Explosives'}),0.0396457625373288,0.4966876051213401,0.03961143720179865,0.9991341991341992,2.0115947908345975,1.0,0.019919878353923462,581.3258160849018,0.5236421833297343,0.07974569829313799,0.9982797942697008,0.5394427042664777
"frozenset({'attacktype1_txt_Bombing/Explosion', 'decade_2010s', 'region_txt_South Asia', 'casualty_level_1_Low_1_5'})",frozenset({'weaptype1_txt_Explosives'}),0.03090751283522368,0.4966876051213401,0.030878091119054974,0.9990480723465016,2.0114213885052266,1.0,0.015526712588670645,528.7296708200037,0.5188763099102376,0.06216435002369294,0.9981086743279433,0.5306080523643851
"frozenset({'success_Failed', 'casualty_level_0_None', 'decade_2010s', 'attacktype1_txt_Bombing/Explosion'})",frozenset({'weaptype1_txt_Explosives'}),0.03540413178967396,0.4966876051213401,0.0353698064541438,0.9990304709141274,2.0113859508736196,1.0,0.017785013024130342,519.1307844320002,0.5212860546448581,0.07120645231349397,0.9980737031399626,0.5351209220993779
"frozenset({'decade_2010s', 'region_txt_South Asia', 'attacktype1_txt_Bombing/Explosion', 'success_Success', 'casualty_level_1_Low_1_5'})",frozenset({'weaptype1_txt_Explosives'}),0.030250427840789285,0.4966876051213401,0.030221006124620583,0.9990273950397147,2.011379758098964,1.0,0.015195993566483042,517.4890273344162,0.5185141176462654,0.06084149423471805,0.9980675918769696,0.5299362466362558
"frozenset({'attacktype1_txt_Bombing/Explosion', 'region_txt_Middle East & North Africa', 'decade_2010s', 'casualty_level_1_Low_1_5'})",frozenset({'weaptype1_txt_Explosives'}),0.04592729893934713,0.4966876051213401,0.04586845550700972,0.9987187700192184,2.0107583916357905,1.0,0.02305693538713353,392.8353242027735,0.5268730641652591,0.09233776233440602,0.9974544040762388,0.5455337358833381
"frozenset({'decade_2010s', 'attacktype1_txt_Bombing/Explosion', 'success_Success', 'casualty_level_1_Low_1_5', 'region_txt_Middle East & North Africa'})",frozenset({'weaptype1_txt_Explosives'}),0.043661826794356914,0.4966876051213401,0.04360298336201951,0.9986522911051213,2.0106245471157913,1.0,0.021916695176307618,373.45779699997456,0.5255903354037135,0.08777714161615764,0.9973223212688738,0.5432199159148866
"frozenset({'attacktype1_txt_Bombing/Explosion', 'decade_2010s', 'casualty_level_1_Low_1_5'})",frozenset({'weaptype1_txt_Explosives'}),0.09400728677837111,0.4966876051213401,0.0938797926749734,0.9986437848834178,2.0106074212169047,1.0,0.04718753854106923,371.11545854690394,0.5547923923639462,0.18896324371274031,0.9973054207876021,0.5938277666642382
"frozenset({'attacktype1_txt_Bombing/Explosion', 'targtype1_txt_Police', 'decade_2010s', 'success_Success'})",frozenset({'weaptype1_txt_Explosives'}),0.031824489655814955,0.4966876051213401,0.0317803570815619,0.998613251155624,2.0105459465042705,1.0,0.015973527530206307,362.9441603069479,0.5191441552213417,0.06397891390833078,0.9972447552285887,0.5312989249163449
"frozenset({'attacktype1_txt_Bombing/Explosion', 'decade_2010s', 'casualty_level_1_Low_1_5', 'success_Success'})",frozenset({'weaptype1_txt_Explosives'}),0.0906188857996087,0.4966876051213401,0.09049139169621097,0.9985930735930735,2.0105053222520395,1.0,0.04548211432963911,357.7389637444949,0.5526974329827716,0.18214299814441942,0.9972046656882636,0.5903914128948683
"frozenset({'attacktype1_txt_Bombing/Explosion', 'targtype1_txt_Police', 'decade_2010s'})",frozenset({'weaptype1_txt_Explosives'}),0.03417822694931129,0.4966876051213401,0.03412919075569678,0.9985652797704447,2.0104493638944274,1.0,0.01715328906494971,350.8087392304193,0.520384585734255,0.06870681145113523,0.9971494438759031,0.5336394371998635
"frozenset({'weaptype1_txt_Explosives', 'region_txt_Middle East & North Africa', 'casualty_level_0_None'})",frozenset({'attacktype1_txt_Bombing/Explosion'}),0.05305716149089643,0.4720027852557973,0.0503454599840142,0.948890942698706,2.010350303726415,1.0,0.02530233198254445,10.330795413259063,0.5307334649350536,0.10605418917662612,0.9032020323704649,0.5277772117083955
"frozenset({'attacktype1_txt_Bombing/Explosion', 'decade_2010s', 'casualty_level_2_Medium_6_20'})",frozenset({'weaptype1_txt_Explosives'}),0.05184106388925666,0.4966876051213401,0.05176260597947345,0.9984865682936057,2.0102908910917496,1.0,0.026013792109376176,332.56366491606644,0.530037247547521,0.10419915898367324,0.9969930569527119,0.5513510934073419
"frozenset({'attacktype1_txt_Bombing/Explosion', 'decade_2010s', 'success_Success', 'casualty_level_2_Medium_6_20'})",frozenset({'weaptype1_txt_Explosives'}),0.051144749939930664,0.4966876051213401,0.05106629203014745,0.9984659635666348,2.010249406813184,1.0,0.02566332866795349,328.0967674115358,0.5296374629637706,0.10279746510571931,0.9969521187060469,0.5506398333974944
"frozenset({'weaptype1_txt_Explosives', 'region_txt_South America', 'attacktype1_txt_Bombing/Explosion'})",frozenset({'casualty_level_0_None'}),0.04428458645326115,0.401135678244112,0.0357081561900839,0.8063337393422655,2.0101272040219005,1.0,0.017944028567394972,3.09224910793449,0.5258040609561957,0.08715426136703647,0.676610788751116,0.4476756956454127
"frozenset({'attacktype1_txt_Bombing/Explosion', 'decade_2010s', 'casualty_level_0_None'})",frozenset({'weaptype1_txt_Explosives'}),0.09763106148648318,0.4966876051213401,0.09747414566691676,0.9983927674535409,2.0101020383015897,1.0,0.048982007551741126,313.1546806885568,0.5568817762222101,0.19618641558595368,0.9968066899150246,0.5973205815745343
"frozenset({'attacktype1_txt_Bombing/Explosion', 'decade_2010s'})",frozenset({'weaptype1_txt_Explosives'}),0.25807748699314964,0.4966876051213401,0.25763616125061906,0.9982899486984609,2.0098950294009854,1.0,0.12945227230025777,294.32590380514193,0.6772426632766589,0.5182481751824817,0.9966024057445448,0.7584993035031449
frozenset({'weaptype1_txt_Explosives'}),"frozenset({'attacktype1_txt_Bombing/Explosion', 'decade_2010s'})",0.4966876051213401,0.25807748699314964,0.25763616125061906,0.518708658307829,2.0098950294009854,1.0,0.12945227230025777,1.5415247454864383,0.9983095663177654,0.5182481751824817,0.3512916332170566,0.7584993035031449
"frozenset({'attacktype1_txt_Bombing/Explosion', 'decade_1980s', 'casualty_level_0_None'})","frozenset({'weaptype1_txt_Explosives', 'success_Success'})",0.051061388410786,0.4268306436981136,0.04380403175583898,0.8578699702295207,2.009860310864349,1.0,0.022009466472343798,4.032711153494284,0.5294894506206421,0.10091048755139848,0.7520278636535832,0.4802481141069942
"frozenset({'success_Success', 'decade_2010s', 'attacktype1_txt_Bombing/Explosion'})",frozenset({'weaptype1_txt_Explosives'}),0.21843172445582085,0.4966876051213401,0.21802472404882042,0.9981367156807722,2.0095865195527254,1.0,0.10953239394633431,270.12109192613934,0.6427911837509739,0.4385980487901117,0.9962979566206052,0.7185470822949226
"frozenset({'attacktype1_txt_Bombing/Explosion', 'casualty_level_0_None', 'decade_2010s', 'success_Success'})",frozenset({'weaptype1_txt_Explosives'}),0.062226929696809215,0.4966876051213401,0.06210433921277295,0.9980299448384554,2.0093715537649426,1.0,0.03119699452761078,255.48137164040023,0.5356647330766843,0.125006168879238,0.9960858202945317,0.5615334836246774
"frozenset({'attacktype1_txt_Bombing/Explosion', 'region_txt_Middle East & North Africa', 'decade_2010s', 'casualty_level_2_Medium_6_20'})",frozenset({'weaptype1_txt_Explosives'}),0.0328738641991654,0.4966876051213401,0.032805213528105094,0.9979116945107399,2.0091334758936688,1.0,0.01647717264793747,241.0147353761874,0.5193458952623263,0.06603885335228618,0.9958508760950271,0.5319798377776328
"frozenset({'decade_2010s', 'casualty_level_2_Medium_6_20', 'attacktype1_txt_Bombing/Explosion', 'success_Success', 'region_txt_Middle East & North Africa'})",frozenset({'weaptype1_txt_Explosives'}),0.03230994797259858,0.4966876051213401,0.03224129730153827,0.9978752466231599,2.00906009397875,1.0,0.016193346621433184,236.8803835611108,0.5190244624828225,0.06490365632156676,0.9957784600608683,0.5313939368667187
"frozenset({'attacktype1_txt_Bombing/Explosion', 'region_txt_Middle East & North Africa', 'decade_2010s'})",frozenset({'weaptype1_txt_Explosives'}),0.12165879635759154,0.4966876051213401,0.1213841936733503,0.9977428456267633,2.0087935260293364,1.0,0.06095777746855334,222.98536637391027,0.57174678356694,0.24425236319144317,0.9955154007805014,0.6210651240672073
"frozenset({'targtype1_txt_Private Citizens & Property', 'attacktype1_txt_Bombing/Explosion', 'decade_2010s'})",frozenset({'weaptype1_txt_Explosives'}),0.07164678249015598,0.4966876051213401,0.07147515581250521,0.9976045445212512,2.0085150791663864,1.0,0.03588908700282008,210.11135433064322,0.5408714435661237,0.14385393535652605,0.9952406189413905,0.5707540937632418
"frozenset({'attacktype1_txt_Bombing/Explosion', 'casualty_level_0_None', 'region_txt_Middle East & North Africa', 'decade_2010s'})",frozenset({'weaptype1_txt_Explosives'}),0.034305721052709,0.4966876051213401,0.034222359523564345,0.9975700400228704,2.0084456099506762,1.0,0.017183133091933575,207.127853798318,0.5199394206688923,0.06888961276121099,0.9951720641060005,0.5332356074336881
"frozenset({'attacktype1_txt_Bombing/Explosion', 'region_txt_Middle East & North Africa', 'decade_2010s', 'success_Success'})",frozenset({'weaptype1_txt_Explosives'}),0.10625162432391348,0.4966876051213401,0.10598192525903369,0.9974616946649436,2.008227474130878,1.0,0.05320806043333678,198.28678131328064,0.5617335431821676,0.2132616310622132,0.9949567994730818,0.6054195629016297
"frozenset({'targtype1_txt_Private Citizens & Property', 'attacktype1_txt_Bombing/Explosion', 'decade_2010s', 'success_Success'})",frozenset({'weaptype1_txt_Explosives'}),0.06670393417381369,0.4966876051213401,0.06653230749616292,0.9974270381533484,2.0081576988611953,1.0,0.03340129017919988,195.61595735811898,0.5379119856855354,0.1339057488280286,0.9948879426121187,0.5656895285544115
"frozenset({'attacktype1_txt_Bombing/Explosion', 'targtype1_txt_Unknown'})",frozenset({'weaptype1_txt_Explosives'}),0.03148613991987486,0.4966876051213401,0.0314027783907302,0.99735243731506,2.0080075021630712,1.0,0.01576400295941213,190.10405220681616,0.5183135866016603,0.06321379569032741,0.994739722860236,0.5302884212441624
"frozenset({'attacktype1_txt_Bombing/Explosion', 'decade_2010s', 'targtype1_txt_Military'})",frozenset({'weaptype1_txt_Explosives'}),0.04628035953337158,0.4966876051213401,0.046157769049335315,0.99735113371477,2.0080048775751482,1.0,0.023170888108550402,190.01049531458764,0.5263530499600672,0.09290825642797217,0.9947371328181406,0.5451411606968558
"frozenset({'weaptype1_txt_Explosives', 'region_txt_Middle East & North Africa'})",frozenset({'attacktype1_txt_Bombing/Explosion'}),0.1763537667152125,0.4720027852557973,0.1671251550769623,0.9476698921143365,2.0077633474149015,1.0,0.08388568599703088,10.089740611615559,0.6094040280945013,0.3472864741486478,0.9008894243674832,0.650873260551849
"frozenset({'attacktype1_txt_Bombing/Explosion', 'decade_2010s', 'success_Success', 'targtype1_txt_Military'})",frozenset({'weaptype1_txt_Explosives'}),0.04253889796058471,0.4966876051213401,0.04241630747654844,0.9971181556195965,2.0075358139368142,1.0,0.021287764124004564,174.64940102289194,0.5241746954524323,0.0853772886541973,0.9942742431743643,0.541258258380437
"frozenset({'success_Success', 'weaptype1_txt_Explosives', 'casualty_level_2_Medium_6_20'})",frozenset({'attacktype1_txt_Bombing/Explosion'}),0.08013494760482712,0.4720027852557973,0.07592273857334099,0.9474360543385144,2.0072679313217625,1.0,0.03809882010753521,10.044855044644686,0.5455261101378526,0.15942954229521702,0.9004465474558401,0.5541441824219168
"frozenset({'targtype1_txt_Private Citizens & Property', 'attacktype1_txt_Bombing/Explosion', 'region_txt_Middle East & North Africa', 'decade_2010s'})",frozenset({'weaptype1_txt_Explosives'}),0.04551049129362383,0.4966876051213401,0.045353575474057405,0.9965520956793449,2.006396143982471,1.0,0.02274907854553179,145.97632302715078,0.5255101642190573,0.09128323562503701,0.993149573990749,0.5439320849608098
"frozenset({'decade_2010s', 'targtype1_txt_Private Citizens & Property', 'attacktype1_txt_Bombing/Explosion', 'success_Success', 'region_txt_Middle East & North Africa'})",frozenset({'weaptype1_txt_Explosives'}),0.043156754000127494,0.4966876051213401,0.04299983818056107,0.996364049539825,2.0060175435551986,1.0,0.021564413391426934,138.4266371039725,0.5241191545317908,0.08654586368212235,0.9927759568467381,0.5414686275934883
"frozenset({'success_Success', 'weaptype1_txt_Explosives', 'region_txt_South Asia'})",frozenset({'attacktype1_txt_Bombing/Explosion'}),0.10363309158489882,0.4720027852557973,0.0981067125645439,0.9466736065108357,2.005652585286748,1.0,0.049191604691802525,9.901236145877538,0.5593793779151154,0.20544653584301162,0.8990025098617249,0.5772627922846731
"frozenset({'weaptype1_txt_Explosives', 'casualty_level_0_None', 'decade_2010s', 'success_Success'})",frozenset({'attacktype1_txt_Bombing/Explosion'}),0.06566436686918614,0.4720027852557973,0.06210433921277295,0.9457844821148533,2.003768858275475,1.0,0.031110575158458588,9.738857717134474,0.536146139148399,0.13059124373595102,0.8973185532590123,0.5386803477728522
"frozenset({'attacktype1_txt_Bombing/Explosion', 'region_txt_Middle East & North Africa', 'success_Success', 'casualty_level_2_Medium_6_20'})",frozenset({'weaptype1_txt_Explosives'}),0.040611775551534585,0.4966876051213401,0.04041563077707656,0.9951702487321903,2.0036140190957084,1.0,0.020244265238659454,104.21083135962645,0.522105506730616,0.08133820191453665,0.9904040684931391,0.5382702857838066
"frozenset({'attacktype1_txt_Bombing/Explosion', 'region_txt_Middle East & North Africa', 'casualty_level_2_Medium_6_20'})",frozenset({'weaptype1_txt_Explosives'}),0.04128847502341478,0.4966876051213401,0.0410874266295953,0.9951306413301663,2.003534276010486,1.0,0.02057995285110315,103.36317963117835,0.5224533108442723,0.08268940403232969,0.9903253750168268,0.5389267581218903
"frozenset({'targtype1_txt_Private Citizens & Property', 'attacktype1_txt_Bombing/Explosion', 'region_txt_Middle East & North Africa', 'success_Success'})",frozenset({'weaptype1_txt_Explosives'}),0.05664661086347833,0.4966876051213401,0.056332779224345486,0.9944598337950138,2.0021837137491456,1.0,0.028197109736323948,90.84788727559717,0.5306021463174603,0.11334530457604039,0.9889925893712157,0.5539383777524778
"frozenset({'attacktype1_txt_Bombing/Explosion', 'region_txt_Middle East & North Africa', 'casualty_level_1_Low_1_5', 'success_Success'})",frozenset({'weaptype1_txt_Explosives'}),0.05883852871804679,0.4966876051213401,0.058505082601468146,0.994332861071756,2.0019280747479935,1.0,0.029280714683638295,88.81243273748625,0.5317701262981007,0.11771147812703486,0.9887403151881242,0.55606168179464
"frozenset({'targtype1_txt_Private Citizens & Property', 'attacktype1_txt_Bombing/Explosion', 'region_txt_Middle East & North Africa'})",frozenset({'weaptype1_txt_Explosives'}),0.05983886706778273,0.4966876051213401,0.05948580647375828,0.994099811521757,2.0014588672469484,1.0,0.02976458289668705,85.30446048200437,0.5322113767970675,0.1196799589589787,0.9882772835752127,0.5569324213102911
"frozenset({'attacktype1_txt_Bombing/Explosion', 'region_txt_South Asia', 'casualty_level_1_Low_1_5'})",frozenset({'weaptype1_txt_Explosives'}),0.04048918506749832,0.4966876051213401,0.04024890771878724,0.9940656412740705,2.0013900709908428,1.0,0.02013843135429677,84.81327437781832,0.5214607991818192,0.08099547064802297,0.9882093928416759,0.5375501471253361
"frozenset({'attacktype1_txt_Bombing/Explosion', 'casualty_level_1_Low_1_5', 'region_txt_South Asia', 'success_Success'})",frozenset({'weaptype1_txt_Explosives'}),0.039582015485629944,0.4966876051213401,0.03934664175628031,0.9940535183349851,2.001365663417631,1.0,0.019686745278846975,84.64036773876113,0.5209619050781423,0.07918056405297125,0.9881853065302544,0.5366358025083949
"frozenset({'attacktype1_txt_Bombing/Explosion', 'region_txt_Middle East & North Africa', 'casualty_level_1_Low_1_5'})",frozenset({'weaptype1_txt_Explosives'}),0.06169733880577254,0.4966876051213401,0.06130995287621794,0.9937211890001589,2.000696572159062,1.0,0.030665649422418853,80.16046268814273,0.5330626279719677,0.12334145547455337,0.987525022106092,0.5585794216301022
"frozenset({'weaptype1_txt_Explosives', 'targtype1_txt_Military'})","frozenset({'success_Success', 'attacktype1_txt_Bombing/Explosion'})",0.0724705905428797,0.41310050948605165,0.05986828878395144,0.8261046078895731,1.9997666159195733,1.0,0.029930650907932798,3.3750146187959706,0.5390035529581717,0.14063399912456517,0.7037049871041009,0.4855144377466003
"frozenset({'weaptype1_txt_Explosives', 'region_txt_Middle East & North Africa', 'decade_2010s'})",frozenset({'attacktype1_txt_Bombing/Explosion'}),0.12861703223149007,0.4720027852557973,0.1213841936733503,0.943764535437874,1.9994893354843446,1.0,0.06067659622875233,9.389043352898753,0.5736539727711034,0.25328708393447313,0.8934928764929749,0.6004664598731924
"frozenset({'attacktype1_txt_Bombing/Explosion', 'region_txt_South Asia'})",frozenset({'weaptype1_txt_Explosives'}),0.11733870770015348,0.4966876051213401,0.11650018878934541,0.9928538593338627,1.998950344434929,1.0,0.05821950707372323,70.43135846228964,0.5661712512760203,0.23415893791703216,0.9858017788974576,0.613704054753317
"frozenset({'attacktype1_txt_Bombing/Explosion', 'casualty_level_0_None', 'region_txt_South Asia'})",frozenset({'weaptype1_txt_Explosives'}),0.04836930138134957,0.4966876051213401,0.048021144406686575,0.9928021086780211,1.9988461528760737,1.0,0.023996711942191728,69.92497835328325,0.5251106048049041,0.09661506891210622,0.9856989587476497,0.5447424503307176
"frozenset({'attacktype1_txt_Bombing/Explosion', 'region_txt_Middle East & North Africa'})",frozenset({'weaptype1_txt_Explosives'}),0.16837067439477077,0.4966876051213401,0.1671251550769623,0.9926025163094129,1.9984443059877073,1.0,0.08349752803915866,68.03832437225866,0.6007613709086632,0.3356377530922555,0.9853024011213343,0.6645409659244764
"frozenset({'success_Success', 'region_txt_Middle East & North Africa', 'attacktype1_txt_Bombing/Explosion'})",frozenset({'weaptype1_txt_Explosives'}),0.1495947158597761,0.4966876051213401,0.1484815942647268,0.9925590848002097,1.9983568636824125,1.0,0.07417975310552725,67.6411948482957,0.5874715120815374,0.2982751657357881,0.9852161097650214,0.6457513560046068
"frozenset({'weaptype1_txt_Explosives', 'casualty_level_0_None', 'region_txt_Middle East & North Africa', 'decade_2010s'})",frozenset({'attacktype1_txt_Bombing/Explosion'}),0.036286783274735085,0.4720027852557973,0.034222359523564345,0.9431081081081081,1.9980986078228327,1.0,0.017094896749915905,9.28071113802161,0.5183328307061568,0.07218883498660487,0.8922496363556498,0.5078063396258625
"frozenset({'success_Success', 'region_txt_South Asia', 'attacktype1_txt_Bombing/Explosion'})",frozenset({'weaptype1_txt_Explosives'}),0.0989010989010989,0.4966876051213401,0.0981067125645439,0.9919678714859439,1.997166551485833,1.0,0.04898376260748829,62.66239316239412,0.5540908243090529,0.19720656073808301,0.9840414649116827,0.5947449190582055
"frozenset({'targtype1_txt_Private Citizens & Property', 'attacktype1_txt_Bombing/Explosion', 'casualty_level_1_Low_1_5', 'success_Success'})",frozenset({'weaptype1_txt_Explosives'}),0.041097233868318206,0.4966876051213401,0.04075888413237811,0.9917670922324305,1.996762314997056,1.0,0.020346397465211514,61.13422002142129,0.5205838213533114,0.08200554464823055,0.9836425491377888,0.5369142500356545
"frozenset({'region_txt_Western Europe', 'weaptype1_txt_Explosives'})",frozenset({'attacktype1_txt_Bombing/Explosion'}),0.04312733228395879,0.4720027852557973,0.040641197267703294,0.9423536100056851,1.9965001043266848,1.0,0.020284976309022477,9.159241624606045,0.5216195519829908,0.0856525738143712,0.8908206551387914,0.5142286667049702
"frozenset({'targtype1_txt_Private Citizens & Property', 'attacktype1_txt_Bombing/Explosion', 'casualty_level_1_Low_1_5'})",frozenset({'weaptype1_txt_Explosives'}),0.041724897146583895,0.4966876051213401,0.04135222207511364,0.9910682806440239,1.995355371112809,1.0,0.020627982837442646,56.351120631874494,0.5205562979188185,0.08319357575518416,0.9822541239857018,0.5371621391372948
"frozenset({'success_Failed', 'casualty_level_0_None', 'attacktype1_txt_Bombing/Explosion'})",frozenset({'weaptype1_txt_Explosives'}),0.05229710048987157,0.4966876051213401,0.051821449411810855,0.9909048288795124,1.9950262874738653,1.0,0.025846127814706483,55.338419498771906,0.5262761907662644,0.10423427066586446,0.9819293718711609,0.5476194595577343
"frozenset({'weaptype1_txt_Explosives', 'region_txt_Middle East & North Africa', 'decade_2010s'})","frozenset({'attacktype1_txt_Bombing/Explosion', 'success_Success'})",0.12861703223149007,0.41310050948605165,0.10598192525903369,0.8240115902245605,1.9947000095684542,1.0,0.052850163715621214,3.334875809508307,0.5722759111327762,0.24322529822192213,0.7001387586461758,0.5402819928236899
"frozenset({'attacktype1_txt_Bombing/Explosion', 'casualty_level_0_None', 'region_txt_South Asia', 'success_Success'})",frozenset({'weaptype1_txt_Explosives'}),0.031103657609681708,0.4966876051213401,0.03079472958991031,0.9900677912659623,1.9933410478888238,1.0,0.015345928381243358,50.67477017008405,0.5143271565268216,0.06196165875701754,0.980266314052464,0.5260339943594102
"frozenset({'attacktype1_txt_Bombing/Explosion', 'region_txt_Middle East & North Africa', 'casualty_level_0_None'})",frozenset({'weaptype1_txt_Explosives'}),0.05085053277824362,0.4966876051213401,0.0503454599840142,0.9900675024108004,1.993340466325767,1.0,0.025088630639244172,50.673296455259525,0.5250274815469166,0.10125945578097106,0.980265740144162,0.5457149635659492
"frozenset({'success_Failed', 'attacktype1_txt_Bombing/Explosion'})",frozenset({'weaptype1_txt_Explosives'}),0.058902275769745646,0.4966876051213401,0.058294226968925764,0.9896769896769897,1.9925542322225114,1.0,0.02903819668065406,48.75635876840704,0.5293091136046438,0.11722247421460548,0.9794898547541253,0.5535214842747669
"frozenset({'success_Success', 'weaptype1_txt_Explosives', 'casualty_level_1_Low_1_5'})",frozenset({'attacktype1_txt_Bombing/Explosion'}),0.14199410584952754,0.4720027852557973,0.1334569045412419,0.9398763684083297,1.9912517420823541,1.0,0.0664352910903584,8.78185832702349,0.580186372125619,0.27772278743226836,0.886128884939671,0.6113111895233138
"frozenset({'attacktype1_txt_Bombing/Explosion', 'casualty_level_2_Medium_6_20'})",frozenset({'weaptype1_txt_Explosives'}),0.07786947545983691,0.4966876051213401,0.07699172759413724,0.988727959697733,1.9906435141585386,1.0,0.038314924315935875,44.65140128867655,0.5396740167286507,0.1547369147227232,0.977604286290258,0.5718691629863923
"frozenset({'weaptype1_txt_Explosives', 'casualty_level_1_Low_1_5', 'region_txt_South Asia', 'success_Success'})",frozenset({'attacktype1_txt_Bombing/Explosion'}),0.041876909346788865,0.4720027852557973,0.03934664175628031,0.9395784543325527,1.9906205719175096,1.0,0.019580623906691436,8.738558554099791,0.519394740937507,0.08291654610837845,0.885564650759153,0.5114697457832976
"frozenset({'success_Success', 'attacktype1_txt_Bombing/Explosion', 'casualty_level_2_Medium_6_20'})",frozenset({'weaptype1_txt_Explosives'}),0.07679067920031775,0.4966876051213401,0.07592273857334099,0.988697318007663,1.9905818220813576,1.0,0.03778176002569406,44.53035086892627,0.5390265285337354,0.152591482945194,0.9775434062277327,0.5707777240645483
"frozenset({'targtype1_txt_Private Citizens & Property', 'success_Success', 'attacktype1_txt_Bombing/Explosion'})",frozenset({'weaptype1_txt_Explosives'}),0.10251016275112661,0.4966876051213401,0.10134310134310134,0.9886151638364028,1.9904164179713837,1.0,0.05042757410564547,44.20901518881685,0.5544269672288668,0.20355960917185403,0.9773801792297566,0.5963265373925819
"frozenset({'targtype1_txt_Private Citizens & Property', 'attacktype1_txt_Bombing/Explosion'})",frozenset({'weaptype1_txt_Explosives'}),0.11059132745879734,0.4966876051213401,0.10932619366354306,0.9885602802287944,1.9903059187218706,1.0,0.05439685208084311,43.99691644069151,0.5594331277907645,0.2195513451766652,0.9772711344135214,0.6043354269146737
"frozenset({'attacktype1_txt_Bombing/Explosion', 'region_txt_Middle East & North Africa', 'casualty_level_0_None', 'success_Success'})",frozenset({'weaptype1_txt_Explosives'}),0.03577190324178276,0.4966876051213401,0.0353403847379751,0.9879369431117203,1.9890509304543018,1.0,0.017572923786181718,41.723453643634215,0.5156950585975576,0.0710903746374953,0.9760326647803141,0.5295445402694547
"frozenset({'success_Success', 'decade_2000s', 'attacktype1_txt_Bombing/Explosion'})",frozenset({'weaptype1_txt_Explosives'}),0.060922566946663335,0.4966876051213401,0.060187024042445726,0.9879265936896329,1.9890300935701501,1.0,0.029927540167863004,41.68768795981614,0.5295009554837761,0.12099763406940062,0.9760121021591811,0.5545517063620442
"frozenset({'success_Success', 'casualty_level_1_Low_1_5', 'attacktype1_txt_Bombing/Explosion'})",frozenset({'weaptype1_txt_Explosives'}),0.13509471340796642,0.4966876051213401,0.1334569045412419,0.9878765880217787,1.988929415261816,1.0,0.06635703487408527,41.51573796080001,0.5748802285307225,0.26781075336534677,0.9759127490171504,0.628285218682624
"frozenset({'targtype1_txt_Private Citizens & Property', 'attacktype1_txt_Bombing/Explosion', 'weaptype1_txt_Explosives', 'success_Success'})",frozenset({'region_txt_Middle East & North Africa'}),0.10134310134310134,0.2794817855058819,0.056332779224345486,0.5558620022257705,1.988902429614942,1.0,0.028009228312271987,1.6222845559374592,0.5532813777325299,0.17360292562033428,0.3835853295033458,0.37871177135588907
"frozenset({'attacktype1_txt_Bombing/Explosion', 'decade_2000s'})",frozenset({'weaptype1_txt_Explosives'}),0.06588993335981287,0.4966876051213401,0.06508083616517352,0.9877204733199376,1.9886151036095192,1.0,0.03235412296308337,40.987931212028045,0.5322043931613913,0.13081661820511556,0.9756025744547324,0.5593750949875431
"frozenset({'attacktype1_txt_Bombing/Explosion', 'region_txt_South America'})",frozenset({'casualty_level_0_None'}),0.0457213469261662,0.401135678244112,0.036463313571747306,0.7975117975117976,1.9881347902104833,1.0,0.01812285006228528,2.957526978841049,0.520828997931371,0.08884959135879175,0.6618796693473056,0.44420599899549584
"frozenset({'attacktype1_txt_Bombing/Explosion', 'casualty_level_1_Low_1_5'})",frozenset({'weaptype1_txt_Explosives'}),0.14036120060216445,0.4966876051213401,0.13860080125140367,0.9874580771380661,1.9880868114210974,1.0,0.06888513267235861,40.1304010891558,0.5781542857179357,0.27806471288453405,0.9750812358496405,0.6332541644452301
"frozenset({'attacktype1_txt_Bombing/Explosion', 'region_txt_Sub-Saharan Africa'})",frozenset({'weaptype1_txt_Explosives'}),0.03149594715859776,0.4966876051213401,0.031074235893513002,0.9866106180912345,1.9863805899690348,1.0,0.015430589328280803,37.59041293378612,0.5127204176601604,0.06250986426767677,0.9733974723352611,0.5245867780948817
"frozenset({'success_Success', 'weaptype1_txt_Explosives', 'decade_2010s'})",frozenset({'attacktype1_txt_Bombing/Explosion'}),0.23279932918487134,0.4720027852557973,0.21802472404882042,0.936535018430753,1.9841726525473933,1.0,0.10814279226787993,8.319504736137082,0.6465213328287098,0.44789410591423306,0.8798005372054971,0.6992245404653765
"frozenset({'weaptype1_txt_Explosives', 'decade_2010s', 'success_Success', 'casualty_level_2_Medium_6_20'})",frozenset({'attacktype1_txt_Bombing/Explosion'}),0.05453315091869309,0.4720027852557973,0.05106629203014745,0.9364265803434942,1.9839429121927892,1.0,0.025326492907749572,8.305314038430373,0.5245590989544451,0.10740179243629014,0.8795951609568528,0.5223086192940876
"frozenset({'weaptype1_txt_Explosives', 'decade_2010s', 'region_txt_South Asia', 'success_Success'})",frozenset({'attacktype1_txt_Bombing/Explosion'}),0.07147025219314376,0.4720027852557973,0.06691478980635607,0.9362607204116637,1.9835915161057076,1.0,0.033180631708257954,8.283702265766143,0.5340312973370832,0.14041261511550135,0.8792810306410123,0.5390142531579596
"frozenset({'weaptype1_txt_Explosives', 'region_txt_Middle East & North Africa', 'casualty_level_1_Low_1_5'})",frozenset({'attacktype1_txt_Bombing/Explosion'}),0.06548783657217393,0.4720027852557973,0.06130995287621794,0.9362036690378135,1.9834706452641948,1.0,0.03039951161377538,8.276294369611291,0.5305797438100205,0.12875355274539688,0.879172978226611,0.5330484352502898
"frozenset({'attacktype1_txt_Bombing/Explosion', 'targtype1_txt_Military'})",frozenset({'weaptype1_txt_Explosives'}),0.06615963242469267,0.4966876051213401,0.06517400493304108,0.9851022828342723,1.9833438013690983,1.0,0.032313335548312325,33.784531501009575,0.5309269096795514,0.13095742479628739,0.9704006551054254,0.5581597898523223
"frozenset({'weaptype1_txt_Explosives', 'region_txt_South America'})",frozenset({'casualty_level_0_None'}),0.046133250952528064,0.401135678244112,0.03669868730109694,0.7954931972789115,1.983102577065739,1.0,0.018192994390648767,2.9283344797709945,0.5197158306355295,0.08938467418306897,0.658508955548615,0.4434900830656452
"frozenset({'weaptype1_txt_Explosives', 'decade_2010s', 'casualty_level_1_Low_1_5', 'success_Success'})",frozenset({'attacktype1_txt_Bombing/Explosion'}),0.09667975933036174,0.4720027852557973,0.09049139169621097,0.9359910732400081,1.9830202330962028,1.0,0.04485827601442007,8.24880593177234,0.5487740541037401,0.18923685883631736,0.8787703325461629,0.5638544960614934
"frozenset({'weaptype1_txt_Explosives', 'targtype1_txt_Police', 'decade_2010s'})","frozenset({'attacktype1_txt_Bombing/Explosion', 'success_Success'})",0.038802340007159285,0.41310050948605165,0.0317803570815619,0.8190319727031466,1.982645757861989,1.0,0.015751090655353392,3.243111500305078,0.5156311592915392,0.07564545496988655,0.6916541414299414,0.4479816337567298
frozenset({'attacktype1_txt_Bombing/Explosion'}),frozenset({'weaptype1_txt_Explosives'}),0.4720027852557973,0.4966876051213401,0.4647846575557419,0.9847074468085106,1.9825488630181298,1.0,0.23034672453643776,32.912253995543665,0.9386390667517209,0.9223642980868416,0.9696161800363049,0.9602380160293911
frozenset({'weaptype1_txt_Explosives'}),frozenset({'attacktype1_txt_Bombing/Explosion'}),0.4966876051213401,0.4720027852557973,0.4647846575557419,0.9357685852502714,1.9825488630181298,1.0,0.23034672453643776,8.220233304863235,0.9846743651415277,0.9223642980868416,0.8783489515548929,0.9602380160293911
"frozenset({'attacktype1_txt_Bombing/Explosion', 'weaptype1_txt_Explosives', 'region_txt_South America', 'success_Success'})",frozenset({'casualty_level_0_None'}),0.0403322692479319,0.401135678244112,0.03207457424324894,0.795258358662614,1.982517142687711,1.0,0.01589586206335564,2.9249756807851415,0.5164190965068172,0.07834658873131468,0.658116815613464,0.43760888692506766
"frozenset({'weaptype1_txt_Explosives', 'decade_2010s', 'casualty_level_0_None'})",frozenset({'attacktype1_txt_Bombing/Explosion'}),0.10419210419210419,0.4720027852557973,0.09747414566691676,0.9355233433734941,1.9820292858367272,1.0,0.04829518228658135,8.188967021083823,0.5530946863097974,0.20361379140802655,0.8778844758532623,0.5710175726175981
"frozenset({'success_Success', 'attacktype1_txt_Bombing/Explosion', 'targtype1_txt_Military'})",frozenset({'weaptype1_txt_Explosives'}),0.060814687320711415,0.4966876051213401,0.05986828878395144,0.9844379938719562,1.9820063631977676,1.0,0.02966238738242416,32.34238508437907,0.5275431220236552,0.12030586403634107,0.9690808208055445,0.5524865455587444
"frozenset({'success_Success', 'attacktype1_txt_Bombing/Explosion'})",frozenset({'weaptype1_txt_Explosives'}),0.41310050948605165,0.4966876051213401,0.4064904305868161,0.9839988604529699,1.981122239224352,1.0,0.20130852785578368,31.45478441703097,0.8438166962248005,0.8076540852315905,0.968208334009164,0.9012007334153486
frozenset({'weaptype1_txt_Explosives'}),"frozenset({'success_Success', 'attacktype1_txt_Bombing/Explosion'})",0.4966876051213401,0.41310050948605165,0.4064904305868161,0.8184026063777272,1.9811222392243517,1.0,0.20130852785578368,3.2318717730867568,0.9839526984446536,0.8076540852315905,0.6905817834954195,0.9012007334153486
"frozenset({'targtype1_txt_Private Citizens & Property', 'attacktype1_txt_Bombing/Explosion', 'casualty_level_0_None'})",frozenset({'weaptype1_txt_Explosives'}),0.03172151364922449,0.4966876051213401,0.03121153723563362,0.9839233266347194,1.9809701641222721,1.0,0.015455854590376406,31.30699886990423,0.5114198511395548,0.06277491764798705,0.9680582605775951,0.5233813493673153
"frozenset({'weaptype1_txt_Explosives', 'casualty_level_2_Medium_6_20'})",frozenset({'attacktype1_txt_Bombing/Explosion'}),0.08238080527237154,0.4720027852557973,0.07699172759413724,0.9345833333333333,1.9800377508934508,1.0,0.038107758053962396,8.071295002459149,0.5393949112629401,0.1612757434132813,0.8761041444160669,0.5488502188608156
"frozenset({'success_Success', 'targtype1_txt_Business', 'attacktype1_txt_Bombing/Explosion'})",frozenset({'weaptype1_txt_Explosives'}),0.056788815824960405,0.4966876051213401,0.055827706430116066,0.9830757274846731,1.979263660595092,1.0,0.027621405500339622,29.739085944335372,0.5245501864864213,0.11218296119661825,0.9663742187008784,0.5477378834876223
"frozenset({'attacktype1_txt_Bombing/Explosion', 'decade_2010s'})","frozenset({'success_Success', 'weaptype1_txt_Explosives'})",0.25807748699314964,0.4268306436981136,0.21802472404882042,0.844803344100323,1.9792471711516355,1.0,0.10786934415154283,3.693181099677801,0.666858579777122,0.4669789522329118,0.7292307165529354,0.6778012400847186
"frozenset({'success_Success', 'weaptype1_txt_Explosives'})","frozenset({'attacktype1_txt_Bombing/Explosion', 'decade_2010s'})",0.4268306436981136,0.25807748699314964,0.21802472404882042,0.5107991360691144,1.9792471711516355,1.0,0.10786934415154283,1.516600986852855,0.8631958214246095,0.4669789522329118,0.3406307864304306,0.6778012400847186
"frozenset({'weaptype1_txt_Explosives', 'region_txt_Middle East & North Africa', 'decade_2010s', 'casualty_level_1_Low_1_5'})",frozenset({'attacktype1_txt_Bombing/Explosion'}),0.049129362382374434,0.4720027852557973,0.04586845550700972,0.9336261103902584,1.9780097481507208,1.0,0.022679259624687594,7.954893375221296,0.5199879973945934,0.09651159191506485,0.8742912126119878,0.5154022340515122
"frozenset({'attacktype1_txt_Bombing/Explosion', 'targtype1_txt_Business'})",frozenset({'weaptype1_txt_Explosives'}),0.06135408545047099,0.4966876051213401,0.06027038557159039,0.9823369565217391,1.977776264986028,1.0,0.0297965718047859,28.49522481774568,0.526696625494143,0.12108047403729644,0.964906400760269,0.5518408052428027
"frozenset({'attacktype1_txt_Bombing/Explosion', 'casualty_level_0_None'})",frozenset({'weaptype1_txt_Explosives'}),0.2247181644772006,0.4966876051213401,0.22070700383953396,0.9821502607633055,1.9774003833322307,1.0,0.10909227689808979,28.197184743403845,0.6375559192726101,0.44079797861088255,0.9645354666041994,0.7132540226711186
"frozenset({'targtype1_txt_Private Citizens & Property', 'success_Success', 'attacktype1_txt_Bombing/Explosion'})",frozenset({'region_txt_Middle East & North Africa'}),0.10251016275112661,0.2794817855058819,0.05664661086347833,0.5525950729490552,1.9772131910092776,1.0,0.027996887545294922,1.6104387120709438,0.5506888483828932,0.17411225658648338,0.37905119114154306,0.3776397594765453
"frozenset({'targtype1_txt_Government (General)', 'casualty_level_1_Low_1_5'})",frozenset({'weaptype1_txt_Firearms'}),0.0535181017108728,0.32280035894493725,0.034143901613781134,0.6379879054425509,1.9764163445412335,1.0,0.016868239171459735,1.8706547411984196,0.5219684960008155,0.09978503869303526,0.4654278109281897,0.37188097819637
frozenset({'targtype1_txt_Unknown'}),"frozenset({'attacktype1_txt_Bombing/Explosion', 'weaptype1_txt_Explosives'})",0.03420764866547999,0.4647846575557419,0.0314027783907302,0.9180045871559633,1.975118094438964,1.0,0.015503588119957949,6.527381519040465,0.511187688903341,0.06715885733461974,0.846799210819379,0.4927843665016819
"frozenset({'decade_2010s', 'region_txt_South Asia', 'weaptype1_txt_Explosives', 'success_Success', 'casualty_level_1_Low_1_5'})",frozenset({'attacktype1_txt_Bombing/Explosion'}),0.032452152934080644,0.4720027852557973,0.030221006124620583,0.9312481112118465,1.9729716440278326,1.0,0.014903499552187425,7.679748499290403,0.5096909109205887,0.06372594637631707,0.8697874025311638,0.4976376443692211
"frozenset({'attacktype1_txt_Bombing/Explosion', 'targtype1_txt_Business', 'casualty_level_0_None', 'success_Success'})",frozenset({'weaptype1_txt_Explosives'}),0.03204515252708024,0.4966876051213401,0.03138806753264584,0.9794950267788828,1.9720545000103105,1.0,0.015471637468222298,24.545869406955358,0.5092330743372918,0.06311129515696481,0.9592599478380407,0.5213449070117141
"frozenset({'success_Success', 'casualty_level_0_None', 'attacktype1_txt_Bombing/Explosion'})",frozenset({'weaptype1_txt_Explosives'}),0.17242106398732904,0.4966876051213401,0.1688855544277231,0.9794949092770605,1.9720542634394336,1.0,0.0832461490833833,24.54572874996322,0.5956103285354468,0.33762045269627783,0.959259714381,0.6597593018100181
"frozenset({'attacktype1_txt_Bombing/Explosion', 'casualty_level_0_None', 'region_txt_South America'})",frozenset({'weaptype1_txt_Explosives'}),0.036463313571747306,0.4966876051213401,0.0357081561900839,0.9792899408284023,1.9716415926851307,1.0,0.01759728029734427,24.30279849556946,0.5114578763218146,0.07178344702495958,0.9588524753566011,0.5255912632367897
"frozenset({'attacktype1_txt_Bombing/Explosion', 'targtype1_txt_Police'})",frozenset({'weaptype1_txt_Explosives'}),0.054297777189343456,0.4966876051213401,0.053155233878125444,0.9789578253409194,1.9709729319735316,1.0,0.026186200962538313,23.919219521422324,0.5209212251799585,0.10677383450055652,0.958192615812385,0.5429886372237226
"frozenset({'attacktype1_txt_Bombing/Explosion', 'targtype1_txt_Business', 'casualty_level_0_None'})",frozenset({'weaptype1_txt_Explosives'}),0.03633581946834959,0.4966876051213401,0.03556104760924038,0.9786774628879892,1.970408467609937,1.0,0.017513496457384457,23.604714215511812,0.5110608297748603,0.07148489866729753,0.9576355811440896,0.5251369346229856
"frozenset({'success_Success', 'targtype1_txt_Police', 'attacktype1_txt_Bombing/Explosion'})",frozenset({'weaptype1_txt_Explosives'}),0.05028171293231534,0.4966876051213401,0.049207820292157645,0.9786424809830311,1.9703380372134516,1.0,0.024233516714407224,23.56605158486665,0.5185462693025039,0.09885822931956773,0.9575660777793523,0.5388572262749097
"frozenset({'attacktype1_txt_Bombing/Explosion', 'casualty_level_0_None', 'region_txt_South America', 'success_Success'})",frozenset({'weaptype1_txt_Explosives'}),0.03278069543129784,0.4966876051213401,0.03207457424324894,0.9784592370979805,1.9699691053473025,1.0,0.015792809135265564,23.365578887248898,0.5090653419122363,0.06448528106946388,0.9572020019351747,0.5215180971747184
"frozenset({'weaptype1_txt_Explosives', 'region_txt_South Asia'})",frozenset({'attacktype1_txt_Bombing/Explosion'}),0.12537083621420972,0.4720027852557973,0.11650018878934541,0.929244729534165,1.9687272163671024,1.0,0.057324804906390046,7.462302260566617,0.5625899915111576,0.2422678835466272,0.8659930990353546,0.588032853463891
"frozenset({'attacktype1_txt_Bombing/Explosion', 'targtype1_txt_Government (General)'})",frozenset({'weaptype1_txt_Explosives'}),0.04234275318612668,0.4966876051213401,0.041396354649366696,0.9776491024898668,1.968338030603821,1.0,0.02036523397510544,22.51866595739495,0.5137090368790705,0.08318634648167673,0.9555923960197291,0.5304969769532956
"frozenset({'success_Success', 'targtype1_txt_Government (General)', 'attacktype1_txt_Bombing/Explosion'})",frozenset({'weaptype1_txt_Explosives'}),0.037743158225085935,0.4966876051213401,0.03688012121747061,0.9771339482915421,1.9673008511110917,1.0,0.01813356234893687,22.011338087392247,0.5109751530236031,0.074123351664597,0.9545688682791716,0.5256930477956872
"frozenset({'attacktype1_txt_Bombing/Explosion', 'decade_1990s', 'casualty_level_0_None'})",frozenset({'weaptype1_txt_Explosives'}),0.03505597481501096,0.4966876051213401,0.03425178123973305,0.9770597286333753,1.9671514218573685,1.0,0.016839913063671243,21.940123847485015,0.5095121703630164,0.06884893646381611,0.954421405870294,0.5230100696676601
frozenset({'attacktype1_txt_Assassination'}),"frozenset({'weaptype1_txt_Firearms', 'success_Success'})",0.10342713957171788,0.29607072980566956,0.060236060236060235,0.5824009102977432,1.9671006001843232,1.0,0.029614311541348876,1.685658057100229,0.5483520778126864,0.1775503714624346,0.4067598729244883,0.39292624931230863
"frozenset({'weaptype1_txt_Explosives', 'decade_2010s', 'targtype1_txt_Military'})","frozenset({'attacktype1_txt_Bombing/Explosion', 'success_Success'})",0.052282389631787225,0.41310050948605165,0.04241630747654844,0.8112924404426937,1.9639105297934447,1.0,0.020818425682508874,3.1101005804471757,0.5178882707940357,0.1002828788721944,0.6784669903324417,0.4569851879816621
"frozenset({'success_Success', 'weaptype1_txt_Explosives', 'region_txt_South America'})",frozenset({'casualty_level_0_None'}),0.041602306662547626,0.401135678244112,0.03277088819257494,0.7877180575200378,1.9637197592797273,1.0,0.016082718692974358,2.821079903263162,0.5120654728996583,0.07993541056156929,0.6455258148330739,0.4347066645724486
"frozenset({'region_txt_Western Europe', 'attacktype1_txt_Bombing/Explosion'})",frozenset({'casualty_level_0_None'}),0.04233784956676523,0.401135678244112,0.03332499718041887,0.787120685661339,1.962230557767377,1.0,0.016341775179057317,2.8131635223288023,0.5120552071544476,0.08125104612515244,0.6445283069886472,0.435098653915702
"frozenset({'region_txt_Western Europe', 'attacktype1_txt_Bombing/Explosion', 'weaptype1_txt_Explosives'})",frozenset({'casualty_level_0_None'}),0.040641197267703294,0.401135678244112,0.03198630909474283,0.7870415057915058,1.96203316851948,1.0,0.015683674864109917,2.8121175630100845,0.5110961810946612,0.07805525972549628,0.6443960902795252,0.4333904414195415
"frozenset({'success_Success', 'region_txt_South America', 'attacktype1_txt_Bombing/Explosion'})",frozenset({'casualty_level_0_None'}),0.04169057181105374,0.401135678244112,0.03278069543129784,0.7862855798635615,1.9601487040628325,1.0,0.016057119631485945,2.8021708660256244,0.5111445321414803,0.07994403319740258,0.6431338245200158,0.43400265008531846
"frozenset({'attacktype1_txt_Bombing/Explosion', 'region_txt_South Asia'})","frozenset({'success_Success', 'weaptype1_txt_Explosives'})",0.11733870770015348,0.4268306436981136,0.0981067125645439,0.8360984579380669,1.9588529321465917,1.0,0.048022956426182595,3.4970345555705897,0.5545696368633619,0.2199393179869402,0.7140434319108876,0.5329738647854022
"frozenset({'targtype1_txt_Private Citizens & Property', 'success_Success', 'weaptype1_txt_Explosives'})",frozenset({'region_txt_Middle East & North Africa'}),0.1042901765793332,0.2794817855058819,0.05702909317367149,0.5468309196915554,1.9565887583756223,1.0,0.02788188841255574,1.5899544911663108,0.5458312315540373,0.17453814176158963,0.3710511806747059,0.3754419533978437
"frozenset({'success_Success', 'weaptype1_txt_Explosives', 'targtype1_txt_Government (General)'})",frozenset({'attacktype1_txt_Bombing/Explosion'}),0.039935076079654394,0.4720027852557973,0.03688012121747061,0.9235019646365421,1.9565604133798897,1.0,0.018030654078471573,6.902101632225969,0.509235343942839,0.07763292354380207,0.8551165929908955,0.5008186767996541
"frozenset({'weaptype1_txt_Explosives', 'decade_2010s', 'casualty_level_2_Medium_6_20'})",frozenset({'attacktype1_txt_Bombing/Explosion'}),0.056102309114357304,0.4720027852557973,0.05176260597947345,0.9226466217987939,1.9547482570442345,1.0,0.0252821598182151,6.82578094224681,0.5174556294032272,0.10866678333556377,0.8534966169496153,0.5161562563781203
"frozenset({'success_Success', 'decade_1990s', 'attacktype1_txt_Bombing/Explosion'})",frozenset({'weaptype1_txt_Explosives'}),0.04777596343861404,0.4966876051213401,0.04637352830123914,0.9706455917068665,1.9542375966272385,1.0,0.02264379943854923,17.146058263296457,0.512790557402712,0.09310270142553358,0.941677557334525,0.5320055878368471
"frozenset({'attacktype1_txt_Bombing/Explosion', 'decade_1990s'})",frozenset({'weaptype1_txt_Explosives'}),0.05344945103981249,0.4966876051213401,0.051875389224786815,0.9705504587155963,1.9540460617665145,1.0,0.02532770939277203,17.09067010647162,0.5158111603669645,0.10411274369900896,0.9414885435287094,0.537496574011762
"frozenset({'success_Success', 'weaptype1_txt_Explosives', 'targtype1_txt_Police'})",frozenset({'attacktype1_txt_Bombing/Explosion'}),0.05341022208492088,0.4720027852557973,0.049207820292157645,0.9213183988248256,1.951934241925132,1.0,0.02399804670694429,6.710555032664944,0.5152048657923688,0.10333323036050787,0.8509810298652938,0.5127858200906042
"frozenset({'weaptype1_txt_Explosives', 'decade_2010s'})",frozenset({'attacktype1_txt_Bombing/Explosion'}),0.27976129180948456,0.4720027852557973,0.25763616125061906,0.9209142536633247,1.951078007228801,1.0,0.12558805230978248,6.67626265416362,0.6768073204025036,0.521395681168625,0.8502155993853305,0.7333751786933644
frozenset({'attacktype1_txt_Bombing/Explosion'}),"frozenset({'weaptype1_txt_Explosives', 'decade_2010s'})",0.4720027852557973,0.27976129180948456,0.25763616125061906,0.5458361037234042,1.951078007228801,1.0,0.12558805230978248,1.5858563705642386,0.9232299272198684,0.521395681168625,0.3694258707399801,0.7333751786933644
frozenset({'targtype1_txt_Unknown'}),frozenset({'attacktype1_txt_Bombing/Explosion'}),0.03420764866547999,0.4720027852557973,0.03148613991987486,0.9204415137614679,1.9500764455503024,1.0,0.015340034472716545,6.6365920181181215,0.5044558385059944,0.06632510768404418,0.8493202539390751,0.49357452184084033
"frozenset({'attacktype1_txt_Bombing/Explosion', 'region_txt_South America'})",frozenset({'weaptype1_txt_Explosives'}),0.0457213469261662,0.4966876051213401,0.04428458645326115,0.9685757185757186,1.9500702425201388,1.0,0.021575360145581715,16.016671569449226,0.5105405613605508,0.0889026707224634,0.9375650555320472,0.5288677783321875
"frozenset({'success_Success', 'region_txt_South America', 'attacktype1_txt_Bombing/Explosion'})",frozenset({'weaptype1_txt_Explosives'}),0.04169057181105374,0.4966876051213401,0.0403322692479319,0.9674194307221831,1.9477422443143992,1.0,0.01962507897896037,15.448238199488712,0.5077535804209462,0.08098102730217491,0.9352676993268334,0.5243109593140978
"frozenset({'targtype1_txt_Private Citizens & Property', 'weaptype1_txt_Explosives', 'attacktype1_txt_Bombing/Explosion'})",frozenset({'region_txt_Middle East & North Africa'}),0.10932619366354306,0.2794817855058819,0.05948580647375828,0.5441130298273156,1.9468640106274988,1.0,0.028931126666109436,1.5804755600301421,0.5460511328485014,0.18063103977128903,0.3672790486042515,0.3784781308448798
"frozenset({'weaptype1_txt_Explosives', 'decade_2010s', 'region_txt_South Asia'})",frozenset({'attacktype1_txt_Bombing/Explosion'}),0.09028543968303004,0.4720027852557973,0.08291039616340821,0.9183141429502498,1.9455693305974422,1.0,0.04029541716497374,6.463753136881821,0.5342462963699535,0.17295417348608838,0.8452911213000919,0.5469853626985292
"frozenset({'success_Failed', 'casualty_level_0_None', 'weaptype1_txt_Explosives', 'decade_2010s'})",frozenset({'attacktype1_txt_Bombing/Explosion'}),0.038527737322918046,0.4720027852557973,0.0353698064541438,0.9180348733613338,1.94497766123099,1.0,0.01718460712812275,6.441729994169565,0.5053242785153019,0.074437564499484,0.8447621988339927,0.4964852308960924
"frozenset({'decade_1980s', 'casualty_level_1_Low_1_5'})",frozenset({'weaptype1_txt_Firearms'}),0.0496295315572424,0.32280035894493725,0.03114779018393476,0.6276059677897441,1.9442542438337254,1.0,0.015127359582987825,1.8185029363540168,0.5110259533506615,0.0912669904307595,0.45009712109404865,0.3620491975696962
"frozenset({'region_txt_Middle East & North Africa', 'decade_2010s', 'casualty_level_2_Medium_6_20'})","frozenset({'attacktype1_txt_Bombing/Explosion', 'weaptype1_txt_Explosives', 'success_Success'})",0.04082263118407697,0.4064904305868161,0.03224129730153827,0.7897897897897899,1.9429480508302168,1.0,0.015647288373836037,2.8234098087798616,0.5059733640865481,0.07767644070599912,0.6458183304136955,0.4345530207393265
"frozenset({'targtype1_txt_Private Citizens & Property', 'attacktype1_txt_Bombing/Explosion'})",frozenset({'region_txt_Middle East & North Africa'}),0.11059132745879734,0.2794817855058819,0.05983886706778273,0.5410810091783798,1.9360152870033542,1.0,0.028930605408132387,1.5700335547329318,0.5435916782457889,0.18120127700645927,0.3630709375698002,0.3775937548743026
"frozenset({'weaptype1_txt_Explosives', 'region_txt_South Asia', 'casualty_level_1_Low_1_5'})",frozenset({'attacktype1_txt_Bombing/Explosion'}),0.04405411634327297,0.4720027852557973,0.04024890771878724,0.9136242208370436,1.9356331135671454,1.0,0.019455242102779456,6.112792496471544,0.5056490937492872,0.08459065050704923,0.8364086461993884,0.4994484136100112
"frozenset({'region_txt_Western Europe', 'attacktype1_txt_Bombing/Explosion'})",frozenset({'weaptype1_txt_Explosives'}),0.04233784956676523,0.4966876051213401,0.040641197267703294,0.9599258744498494,1.9326551831615386,1.0,0.019612512160399106,12.559535310353619,0.5039116617808302,0.08154590892990674,0.9203792198286478,0.5208751694294859
"frozenset({'region_txt_Western Europe', 'attacktype1_txt_Bombing/Explosion', 'casualty_level_0_None'})",frozenset({'weaptype1_txt_Explosives'}),0.03332499718041887,0.4966876051213401,0.03198630909474283,0.9598293113596232,1.9324607690283278,1.0,0.01543419605452517,12.529344452730284,0.4991595615936601,0.06422614534820752,0.9201873646484282,0.5121142805193811
"frozenset({'weaptype1_txt_Explosives', 'casualty_level_1_Low_1_5'})",frozenset({'attacktype1_txt_Bombing/Explosion'}),0.15213969430836902,0.4720027852557973,0.13860080125140367,0.9110101205440598,1.9300947981701988,1.0,0.06679044178988792,5.933227665575384,0.5683610028039139,0.2854560328024481,0.8314576725578887,0.6023270765619235
"frozenset({'weaptype1_txt_Explosives', 'success_Failed', 'casualty_level_0_None'})",frozenset({'attacktype1_txt_Bombing/Explosion'}),0.05692121354771957,0.4720027852557973,0.051821449411810855,0.9104066161268091,1.9288161946616968,1.0,0.024954478077147194,5.893261219952599,0.5106119321259333,0.10861700378227264,0.8303146657381593,0.5100985873187237
"frozenset({'weaptype1_txt_Explosives', 'decade_2010s', 'casualty_level_1_Low_1_5'})",frozenset({'attacktype1_txt_Bombing/Explosion'}),0.10319176584236825,0.4720027852557973,0.0938797926749734,0.9097605018057404,1.9274473164659496,1.0,0.04517299178191154,5.851065501357035,0.5365462274703452,0.1950486475472467,0.8290909579173109,0.5543285969799978
"frozenset({'region_txt_Western Europe', 'success_Success', 'attacktype1_txt_Bombing/Explosion'})",frozenset({'weaptype1_txt_Explosives'}),0.03481569746629987,0.4966876051213401,0.03332499718041887,0.9571830985915495,1.927133048463553,1.0,0.01603247178525328,11.754993433021387,0.49844829283505093,0.06689371419572021,0.9149297695742761,0.5121387898920824
"frozenset({'attacktype1_txt_Bombing/Explosion', 'decade_1980s', 'casualty_level_0_None', 'success_Success'})",frozenset({'weaptype1_txt_Explosives'}),0.04579490121658796,0.4966876051213401,0.04380403175583898,0.9565263946889389,1.9258108815807087,1.0,0.021058271943803563,11.57742476791085,0.5038101488933319,0.08784022970421647,0.9136250055563564,0.5223593568863788
"frozenset({'attacktype1_txt_Bombing/Explosion', 'decade_1980s', 'casualty_level_0_None'})",frozenset({'weaptype1_txt_Explosives'}),0.051061388410786,0.4966876051213401,0.04883024160132594,0.9563046192259675,1.9253643726268217,1.0,0.02346868287740209,11.51866366565162,0.5064793292651384,0.09787213130866382,0.9131843737236658,0.5273081986444775
"frozenset({'targtype1_txt_Private Citizens & Property', 'success_Success', 'region_txt_Middle East & North Africa'})","frozenset({'weaptype1_txt_Explosives', 'decade_2010s'})",0.0809734665156352,0.27976129180948456,0.04352942907159774,0.5375764549143098,1.9215540914802307,1.0,0.0208761874768916,1.5575303546817678,0.521843366357811,0.13722792480831064,0.357957938351501,0.34658567539938306
"frozenset({'region_txt_Middle East & North Africa', 'decade_2010s', 'casualty_level_2_Medium_6_20'})","frozenset({'attacktype1_txt_Bombing/Explosion', 'success_Success'})",0.04082263118407697,0.41310050948605165,0.03230994797259858,0.7914714714714716,1.9159295457082839,1.0,0.015446098231895203,2.8144805636685613,0.4984064000524674,0.07663410095371016,0.6446946506191037,0.4348423783452985
"frozenset({'success_Success', 'weaptype1_txt_Explosives', 'targtype1_txt_Military'})",frozenset({'attacktype1_txt_Bombing/Explosion'}),0.06621847585703007,0.4720027852557973,0.05986828878395144,0.9041024881516588,1.9154600701385465,1.0,0.028612983744039477,5.505848948189744,0.511824447788877,0.12515504710356634,0.8183749664384113,0.5154706672806166
"frozenset({'weaptype1_txt_Explosives', 'targtype1_txt_Police', 'decade_2010s', 'success_Success'})",frozenset({'attacktype1_txt_Bombing/Explosion'}),0.03516875806032432,0.4720027852557973,0.0317803570815619,0.9036530953708868,1.9145079724077492,1.0,0.015180605323101545,5.480167907591059,0.4950840772496425,0.06685095980277883,0.8175238392577693,0.4854919815285285
"frozenset({'weaptype1_txt_Explosives', 'decade_2010s', 'region_txt_South Asia', 'casualty_level_1_Low_1_5'})",frozenset({'attacktype1_txt_Bombing/Explosion'}),0.034192937807395636,0.4720027852557973,0.030878091119054974,0.9030546393231035,1.913240064534157,1.0,0.01473892923788598,5.446338133744569,0.4942254580851906,0.06496306689225437,0.8163903937942867,0.48423696893016877
"frozenset({'region_txt_Western Europe', 'weaptype1_txt_Explosives'})",frozenset({'casualty_level_0_None'}),0.04312733228395879,0.401135678244112,0.03306020173490053,0.7665719158612847,1.9110040752714739,1.0,0.01576029004831553,2.565519585895291,0.498200956548334,0.08039877410353338,0.6102154099708308,0.42449421180575847
"frozenset({'region_txt_Middle East & North Africa', 'decade_2010s', 'casualty_level_2_Medium_6_20'})","frozenset({'weaptype1_txt_Explosives', 'success_Success'})",0.04082263118407697,0.4268306436981136,0.03329557546425016,0.8156156156156156,1.9108647133416214,1.0,0.015871225518499905,3.108556932386452,0.49696409648700657,0.07665473757888437,0.6783073233816258,0.4468110705255138
"frozenset({'targtype1_txt_Government (General)', 'casualty_level_1_Low_1_5'})","frozenset({'weaptype1_txt_Firearms', 'success_Success'})",0.0535181017108728,0.29607072980566956,0.03026023507951219,0.5654205607476636,1.9097482588663384,1.0,0.014415091648160027,1.6197942346407175,0.5033067998934878,0.09476205832220022,0.38263763469820744,0.33381333115391726
"frozenset({'attacktype1_txt_Bombing/Explosion', 'weaptype1_txt_Explosives', 'casualty_level_2_Medium_6_20'})",frozenset({'region_txt_Middle East & North Africa'}),0.07699172759413724,0.2794817855058819,0.0410874266295953,0.533660276415515,1.9094635289006472,1.0,0.019569641132403354,1.545050052686718,0.5160221295593195,0.13027659872195532,0.3527717770300837,0.34033658614178675
"frozenset({'targtype1_txt_Private Citizens & Property', 'weaptype1_txt_Explosives'})",frozenset({'region_txt_Middle East & North Africa'}),0.11353349907566775,0.2794817855058819,0.060540084636470176,0.5332354338530644,1.907943420670046,1.0,0.028809539600072168,1.5436437697957173,0.536822815726308,0.18208902392259815,0.3521821423006566,0.3749254632200667
"frozenset({'weaptype1_txt_Explosives', 'targtype1_txt_Military'})",frozenset({'attacktype1_txt_Bombing/Explosion'}),0.0724705905428797,0.4720027852557973,0.06517400493304108,0.8993165978753638,1.9053205319286155,1.0,0.030967684347669423,5.244133626817593,0.5122790950073369,0.13597765591749877,0.8093107324942727,0.5186981509988521
"frozenset({'weaptype1_txt_Explosives', 'targtype1_txt_Police'})",frozenset({'attacktype1_txt_Bombing/Explosion'}),0.05911803502164948,0.4720027852557973,0.053155233878125444,0.8991373589913736,1.9049407907711706,1.0,0.02525135668905712,5.234814490917852,0.5048978708366888,0.11121142481943531,0.8089712631202212,0.5058768576871762
"frozenset({'attacktype1_txt_Bombing/Explosion', 'weaptype1_txt_Explosives', 'success_Success', 'casualty_level_2_Medium_6_20'})",frozenset({'region_txt_Middle East & North Africa'}),0.07592273857334099,0.2794817855058819,0.04041563077707656,0.5323257766582703,1.9046886211018113,1.0,0.019196608240102928,1.5406412809021446,0.5140044239165893,0.12830811383025095,0.35091963820777566,0.3384674764509002
"frozenset({'attacktype1_txt_Bombing/Explosion', 'decade_1980s'})",frozenset({'weaptype1_txt_Explosives'}),0.06931265967410545,0.4966876051213401,0.06550745104961972,0.9451008135833039,1.9028073256477118,1.0,0.0310807121114978,9.167939048466318,0.5097960348066994,0.1308858973605314,0.8909242312025091,0.5384947250856592
"frozenset({'success_Success', 'decade_1980s', 'attacktype1_txt_Bombing/Explosion'})",frozenset({'weaptype1_txt_Explosives'}),0.06345773815653334,0.4966876051213401,0.05994674669373465,0.9446719727996291,1.9019439242274772,1.0,0.028428074702349024,9.096879472241259,0.5063542379706815,0.11984589141815187,0.8900721942011589,0.532682516165833
"frozenset({'weaptype1_txt_Firearms', 'success_Success', 'targtype1_txt_Government (General)'})",frozenset({'casualty_level_1_Low_1_5'}),0.03906713545267762,0.40793209467908265,0.03026023507951219,0.7745701016693862,1.8987721529455415,1.0,0.014323496681189957,2.626394767088947,0.49258786353335643,0.07261195961687808,0.619249926731927,0.424374845281141
"frozenset({'attacktype1_txt_Bombing/Explosion', 'casualty_level_2_Medium_6_20'})",frozenset({'region_txt_Middle East & North Africa'}),0.07786947545983691,0.2794817855058819,0.04128847502341478,0.5302267002518891,1.8971780192835863,1.0,0.01952537498549311,1.5337572716041012,0.5128355726919029,0.1306337755022884,0.34800635112612294,0.33897947873371714
"frozenset({'weaptype1_txt_Explosives', 'region_txt_South Asia'})","frozenset({'success_Success', 'attacktype1_txt_Bombing/Explosion'})",0.12537083621420972,0.41310050948605165,0.0981067125645439,0.7825321703758752,1.894290015157431,1.0,0.04631595624976153,2.6987876392032595,0.5397690233078107,0.2227851766068327,0.6294632502855164,0.5100104468041952
"frozenset({'targtype1_txt_Private Citizens & Property', 'region_txt_Middle East & North Africa'})","frozenset({'weaptype1_txt_Explosives', 'decade_2010s'})",0.0871471232917016,0.27976129180948456,0.046157769049335315,0.5296533873508891,1.8932332772883365,1.0,0.021777377259768454,1.5312934946718317,0.5168445919308168,0.14390545932641302,0.3469573249807948,0.347321610593344
"frozenset({'success_Success', 'attacktype1_txt_Bombing/Explosion', 'casualty_level_2_Medium_6_20'})",frozenset({'region_txt_Middle East & North Africa'}),0.07679067920031775,0.2794817855058819,0.040611775551534585,0.5288633461047254,1.8922998690145234,1.0,0.019150179418420395,1.5293189535074396,0.5107644821629418,0.1286564242772591,0.34611416558557984,0.3370871691485115
"frozenset({'attacktype1_txt_Bombing/Explosion', 'decade_2010s', 'region_txt_South Asia'})","frozenset({'weaptype1_txt_Explosives', 'success_Success'})",0.08296433597638417,0.4268306436981136,0.06691478980635607,0.8065488504048702,1.8896226461549974,1.0,0.03150306887756945,2.9628635317053518,0.5133865879560596,0.15109004949234364,0.6624886737782267,0.48166006924452875
"frozenset({'decade_1990s', 'casualty_level_1_Low_1_5'})",frozenset({'weaptype1_txt_Firearms'}),0.05168905168905169,0.32280035894493725,0.031500850777959215,0.6094298453657149,1.8879466161611995,1.0,0.014815606339209916,1.73387452425587,0.49595969246227944,0.09184227832899666,0.4232569969680063,0.35350800779732067
"frozenset({'weaptype1_txt_Explosives', 'decade_2010s'})","frozenset({'success_Success', 'attacktype1_txt_Bombing/Explosion'})",0.27976129180948456,0.41310050948605165,0.21802472404882042,0.7793241253593214,1.8865242415917072,1.0,0.10245519186784638,2.6595543870374736,0.6524568082884543,0.4591569076977095,0.623997161000374,0.6535502921084627
"frozenset({'success_Success', 'attacktype1_txt_Bombing/Explosion'})","frozenset({'weaptype1_txt_Explosives', 'decade_2010s'})",0.41310050948605165,0.27976129180948456,0.21802472404882042,0.527776458857604,1.886524241591707,1.0,0.10245519186784638,1.525207122135684,0.8006901630469464,0.4591569076977095,0.344351343836015,0.6535502921084627
"frozenset({'weaptype1_txt_Explosives', 'decade_2010s', 'success_Success', 'targtype1_txt_Military'})",frozenset({'attacktype1_txt_Bombing/Explosion'}),0.04787893944520451,0.4720027852557973,0.04241630747654844,0.885907414993855,1.8769114138039378,1.0,0.019817314703318253,4.627796054544339,0.49070420073108506,0.0888363972476122,0.7839144188262069,0.4878859714596934
"frozenset({'region_txt_Western Europe', 'weaptype1_txt_Explosives'})","frozenset({'success_Success', 'attacktype1_txt_Bombing/Explosion'})",0.04312733228395879,0.41310050948605165,0.03332499718041887,0.7727117680500285,1.8705175866555526,1.0,0.01550907424114125,2.5821816003352565,0.48636420440824213,0.07880059830942802,0.6127305686516527,0.4266911007763556
"frozenset({'weaptype1_txt_Explosives', 'decade_2010s', 'targtype1_txt_Military'})",frozenset({'attacktype1_txt_Bombing/Explosion'}),0.052282389631787225,0.4720027852557973,0.046157769049335315,0.8828549990620896,1.8704444690588742,1.0,0.021480335523302925,4.507210811531375,0.49104048521832616,0.09653863904415158,0.7781332975503228,0.49032315278902355
"frozenset({'weaptype1_txt_Explosives', 'targtype1_txt_Police', 'decade_2010s'})",frozenset({'attacktype1_txt_Bombing/Explosion'}),0.038802340007159285,0.4720027852557973,0.03412919075569678,0.8795652723366612,1.8634747501754452,1.0,0.015814378197875144,4.384094396926416,0.48207368476481693,0.07159830879856803,0.7719027216427922,0.4759362265938625
"frozenset({'success_Success', 'weaptype1_txt_Explosives', 'casualty_level_2_Medium_6_20'})",frozenset({'region_txt_Middle East & North Africa'}),0.08013494760482712,0.2794817855058819,0.04168076457233084,0.5201321747644108,1.8610592952343374,1.0,0.019284506334313462,1.5014930708062841,0.5029776987425263,0.13109798417570218,0.33399626049355535,0.3346340319387454
"frozenset({'weaptype1_txt_Explosives', 'casualty_level_2_Medium_6_20'})",frozenset({'region_txt_Middle East & North Africa'}),0.08238080527237154,0.2794817855058819,0.042833115122271746,0.5199404761904761,1.8603733880164925,1.0,0.01980918057333698,1.5008934908246971,0.5039928332822762,0.134260682446972,0.3337302039663526,0.33659976700128247
"frozenset({'weaptype1_txt_Explosives', 'decade_1980s', 'attacktype1_txt_Bombing/Explosion'})",frozenset({'casualty_level_0_None'}),0.06550745104961972,0.401135678244112,0.04883024160132594,0.7454150759787409,1.858261721424632,1.0,0.022552865794493764,2.3523165170058533,0.49423900829298806,0.11687107564110086,0.5748871409223235,0.43357253236617355
frozenset({'attacktype1_txt_Hostage Taking (Kidnapping)'}),"frozenset({'success_Success', 'casualty_level_0_None'})",0.06619886137958426,0.3199023199023199,0.0392583766077742,0.593037037037037,1.8538066157760815,1.0,0.018081207277553104,1.6711537461446453,0.4932200112640603,0.1131878074987276,0.40161101137043687,0.35787846210967705
frozenset({'targtype1_txt_Unknown'}),frozenset({'weaptype1_txt_Explosives'}),0.03420764866547999,0.4966876051213401,0.031466525442429054,0.9198681192660549,1.8520053848360731,1.0,0.014476010349939592,6.281050566500049,0.4763392108780129,0.06300503686830503,0.8407909649170004,0.4916104343985522
"frozenset({'region_txt_Western Europe', 'attacktype1_txt_Bombing/Explosion'})","frozenset({'success_Success', 'weaptype1_txt_Explosives'})",0.04233784956676523,0.4268306436981136,0.03332499718041887,0.787120685661339,1.8441053782868724,1.0,0.015253905597042566,2.6924614920078835,0.477967766954593,0.07646092572174344,0.6285926454404897,0.4325980708762556
"frozenset({'attacktype1_txt_Bombing/Explosion', 'decade_1980s'})",frozenset({'casualty_level_0_None'}),0.06931265967410545,0.401135678244112,0.051061388410786,0.7366819950477539,1.8364908309139345,1.0,0.0232576076615104,2.2743006953303277,0.489405238925836,0.12175244954750603,0.5603044038753388,0.43198702950275325
"frozenset({'weaptype1_txt_Firearms', 'targtype1_txt_Government (General)'})",frozenset({'casualty_level_1_Low_1_5'}),0.045672310732551694,0.40793209467908265,0.034143901613781134,0.7475842817264334,1.8326194272959886,1.0,0.015512700227817373,2.3456063250357406,0.4760764830744787,0.08139956278275914,0.5736709995507184,0.41564212283220336
"frozenset({'weaptype1_txt_Explosives', 'decade_1980s'})",frozenset({'casualty_level_0_None'}),0.0685035624794661,0.401135678244112,0.050217965880616486,0.7330708661417323,1.8274885678346977,1.0,0.02273874288327795,2.2435330048081945,0.48610057564475706,0.11973156559456584,0.5542744422048328,0.4291301717144533
"frozenset({'region_txt_Middle East & North Africa', 'casualty_level_2_Medium_6_20'})","frozenset({'attacktype1_txt_Bombing/Explosion', 'weaptype1_txt_Explosives', 'success_Success'})",0.05455276539613889,0.4064904305868161,0.04041563077707656,0.7408539325842696,1.8225618042588627,1.0,0.018240453681498497,2.290251113326975,0.47736324689093373,0.09608412315368563,0.5633666569656932,0.42013985955598343
"frozenset({'attacktype1_txt_Bombing/Explosion', 'decade_1980s', 'weaptype1_txt_Explosives', 'success_Success'})",frozenset({'casualty_level_0_None'}),0.05994674669373465,0.401135678244112,0.04380403175583898,0.7307157464212678,1.821617437820101,1.0,0.019757252862319753,2.223911401417293,0.47979974884790394,0.10497555701795616,0.5503417989751288,0.4199578927695797
"frozenset({'success_Failed', 'decade_2010s'})",frozenset({'casualty_level_0_None'}),0.07591293133461809,0.401135678244112,0.05540599516503131,0.7298624119888896,1.8194901415493892,1.0,0.024954609966620578,2.216886313989216,0.4873950718607043,0.13140511246016792,0.5489168778346003,0.43399262108417147
"frozenset({'weaptype1_txt_Explosives', 'region_txt_Sub-Saharan Africa'})",frozenset({'attacktype1_txt_Bombing/Explosion'}),0.03618871088750607,0.4720027852557973,0.031074235893513002,0.8586720867208673,1.8192097876191944,1.0,0.01399306355979334,3.7359726220634872,0.4672188322849249,0.06512913801786246,0.7323320856008654,0.4622534718843698
"frozenset({'success_Success', 'decade_1980s', 'weaptype1_txt_Explosives'})",frozenset({'casualty_level_0_None'}),0.061721856902579794,0.401135678244112,0.044667068763454304,0.7236831651704139,1.8040857605541007,1.0,0.019908229832351933,2.1673102984305235,0.4750218568205889,0.1068103468492765,0.5385986027362308,0.417517344161658
frozenset({'attacktype1_txt_Assassination'}),"frozenset({'success_Success', 'casualty_level_1_Low_1_5'})",0.10342713957171788,0.38037375386772976,0.07091614320529983,0.6856628105442822,1.8026028441034683,1.0,0.03157517387460388,1.9712152011194337,0.4966095351082409,0.17175771971496437,0.4926987173028547,0.43605043324687365
"frozenset({'region_txt_Middle East & North Africa', 'casualty_level_2_Medium_6_20'})","frozenset({'success_Success', 'attacktype1_txt_Bombing/Explosion'})",0.05455276539613889,0.41310050948605165,0.040611775551534585,0.7444494382022472,1.8021024450646037,1.0,0.01807600037251656,2.2966081012900723,0.47077464918303347,0.09510030199685372,0.5645752536367564,0.4213795550538324
"frozenset({'success_Success', 'decade_1980s', 'attacktype1_txt_Bombing/Explosion'})",frozenset({'casualty_level_0_None'}),0.06345773815653334,0.401135678244112,0.04579490121658796,0.7216598408160111,1.7990417705423933,1.0,0.020339738381329693,2.151555576858119,0.474242920134117,0.10934828934735263,0.5352200004704116,0.4179114812118782
"frozenset({'weaptype1_txt_Explosives', 'targtype1_txt_Government (General)'})","frozenset({'success_Success', 'attacktype1_txt_Bombing/Explosion'})",0.04972270032510996,0.41310050948605165,0.03688012121747061,0.7417159763313609,1.7954855036469155,1.0,0.01633964838014542,2.2723027238684366,0.46622978167336593,0.08658462176070363,0.5599177919843488,0.4154961819836378
"frozenset({'weaptype1_txt_Explosives', 'decade_2010s', 'region_txt_South Asia'})","frozenset({'attacktype1_txt_Bombing/Explosion', 'success_Success'})",0.09028543968303004,0.41310050948605165,0.06691478980635607,0.7411470779926135,1.7941083609765878,1.0,0.029617828674124172,2.2673087325519967,0.4865482924127458,0.15330861700932477,0.5589484635934701,0.45156447010119255
"frozenset({'region_txt_Middle East & North Africa', 'casualty_level_2_Medium_6_20'})","frozenset({'success_Success', 'weaptype1_txt_Explosives'})",0.05455276539613889,0.4268306436981136,0.04168076457233084,0.7640449438202247,1.7900423858991112,1.0,0.0183959726027847,2.4291463195651377,0.4668203515755856,0.09479307229923385,0.5883327439167935,0.4308483530736618
"frozenset({'weaptype1_txt_Explosives', 'success_Failed', 'decade_2010s'})",frozenset({'attacktype1_txt_Bombing/Explosion'}),0.046961962624613225,0.4720027852557973,0.03961143720179865,0.8434791688420173,1.7870215922240842,1.0,0.01744526004190255,3.373335107141581,0.4621113262355443,0.08263515932688864,0.7035574681320774,0.4637006050327108
"frozenset({'success_Success', 'region_txt_Middle East & North Africa', 'decade_2010s', 'casualty_level_2_Medium_6_20'})","frozenset({'attacktype1_txt_Bombing/Explosion', 'weaptype1_txt_Explosives'})",0.03901809925906311,0.4647846575557419,0.03224129730153827,0.8263164509237151,1.777847950638548,1.0,0.014106283398938674,3.0815546163740697,0.45528662081774574,0.06837135786036645,0.675488471083256,0.44784234936462597
"frozenset({'weaptype1_txt_Firearms', 'attacktype1_txt_Armed Assault', 'decade_2010s', 'success_Success'})",frozenset({'casualty_level_1_Low_1_5'}),0.09338943073882833,0.40793209467908265,0.06736592278760953,0.7213441848254134,1.768294758452114,1.0,0.029269376685432176,2.124728331795151,0.479239308612086,0.15523690068589893,0.5293515951965893,0.44324211284785514
"frozenset({'weaptype1_txt_Explosives', 'success_Failed'})",frozenset({'attacktype1_txt_Bombing/Explosion'}),0.06985696142322648,0.4720027852557973,0.058294226968925764,0.8344798539941036,1.7679553597165012,1.0,0.02532154660765608,3.1899271930644244,0.4669979140525213,0.1205508345671,0.6865132213129468,0.4789919216779029
"frozenset({'weaptype1_txt_Explosives', 'casualty_level_0_None'})","frozenset({'success_Success', 'attacktype1_txt_Bombing/Explosion'})",0.23142631576366515,0.41310050948605165,0.1688855544277231,0.7297595084225024,1.7665422619071902,1.0,0.07328322547727316,2.1717674027603726,0.5645813942349661,0.35506917668405535,0.5395455338684179,0.5692919378682475
"frozenset({'attacktype1_txt_Bombing/Explosion', 'decade_1990s'})","frozenset({'success_Success', 'casualty_level_0_None'})",0.05344945103981249,0.3199023199023199,0.030167066311644626,0.5644036697247706,1.7643000210098747,1.0,0.013068462926503148,1.5613025933160727,0.4576649152461339,0.08790329494470324,0.3595091660764581,0.32935226865863904
"frozenset({'weaptype1_txt_Explosives', 'targtype1_txt_Government (General)'})",frozenset({'attacktype1_txt_Bombing/Explosion'}),0.04972270032510996,0.4720027852557973,0.041396354649366696,0.8325443786982248,1.763854800659779,1.0,0.017927101605475455,3.153057572147359,0.45571951453191256,0.08618331053351573,0.6828475290671715,0.4601240011842188
"frozenset({'attacktype1_txt_Bombing/Explosion', 'casualty_level_0_None'})","frozenset({'success_Success', 'weaptype1_txt_Explosives'})",0.2247181644772006,0.4268306436981136,0.1688855544277231,0.7515438496955943,1.7607542026133018,1.0,0.072968955633261,2.3069235983880687,0.5572961178699037,0.34990348470994614,0.5665222720428468,0.5736086511011862
"frozenset({'attacktype1_txt_Bombing/Explosion', 'weaptype1_txt_Explosives', 'region_txt_Middle East & North Africa', 'casualty_level_2_Medium_6_20'})","frozenset({'success_Success', 'decade_2010s'})",0.0410874266295953,0.4457193854784216,0.03224129730153827,0.7846998448502209,1.7605243801723993,1.0,0.013927834753305314,2.5744552489336523,0.4504971874877505,0.07092772384034521,0.6115683112323652,0.4285176305750841
"frozenset({'weaptype1_txt_Firearms', 'success_Success', 'targtype1_txt_Police'})",frozenset({'casualty_level_1_Low_1_5'}),0.05357204152384875,0.40793209467908265,0.03843456855505048,0.7174370709382151,1.7587169048383355,1.0,0.016580813439992063,2.095348838882741,0.45582302741570335,0.09084692328198707,0.5227524976064563,0.40582756299645456
frozenset({'success_Failed'}),frozenset({'casualty_level_0_None'}),0.1152301513747297,0.401135678244112,0.08123335834179207,0.7049661687731392,1.757425746468083,1.0,0.03501043341591818,2.029815764739883,0.48711641499011565,0.18668650055782815,0.5073444509737818,0.45373730178425187
"frozenset({'attacktype1_txt_Bombing/Explosion', 'region_txt_Middle East & North Africa', 'casualty_level_2_Medium_6_20'})","frozenset({'success_Success', 'decade_2010s'})",0.04128847502341478,0.4457193854784216,0.03230994797259858,0.7825415676959621,1.7556821470890385,1.0,0.01390687425782098,2.548903754381044,0.4489575930453831,0.07105805213152588,0.6076744764170854,0.42751550308755154
"frozenset({'success_Success', 'region_txt_Middle East & North Africa', 'decade_2010s', 'casualty_level_2_Medium_6_20'})",frozenset({'attacktype1_txt_Bombing/Explosion'}),0.03901809925906311,0.4720027852557973,0.03230994797259858,0.8280759080055298,1.7543877575992737,1.0,0.013893296446933625,3.0711066065201917,0.4474596057551859,0.06749364910267967,0.6743844717480909,0.4482643918352117
"frozenset({'weaptype1_txt_Explosives', 'region_txt_Middle East & North Africa', 'casualty_level_2_Medium_6_20'})","frozenset({'success_Success', 'decade_2010s'})",0.042833115122271746,0.4457193854784216,0.03329557546425016,0.7773325701202061,1.7439954272705482,1.0,0.01420402571382471,2.489275664702307,0.44569448431139236,0.07313579129910276,0.5982767139132459,0.4260166635146005
"frozenset({'weaptype1_txt_Firearms', 'targtype1_txt_Government (General)'})","frozenset({'success_Success', 'casualty_level_1_Low_1_5'})",0.045672310732551694,0.38037375386772976,0.03026023507951219,0.6625509984968865,1.7418420481432069,1.0,0.012887686798358097,1.8362070812841127,0.44627766362434096,0.07645608514117926,0.45539911582267123,0.37105247488335363
"frozenset({'region_txt_Middle East & North Africa', 'decade_2010s', 'casualty_level_2_Medium_6_20'})","frozenset({'attacktype1_txt_Bombing/Explosion', 'weaptype1_txt_Explosives'})",0.04082263118407697,0.4647846575557419,0.032805213528105094,0.8036036036036036,1.7289804870704601,1.0,0.013831480872689532,2.7251790372161766,0.4395688294246112,0.06938466484821457,0.6330516320786325,0.4370925681758734
"frozenset({'weaptype1_txt_Firearms', 'targtype1_txt_Police'})","frozenset({'success_Success', 'casualty_level_1_Low_1_5'})",0.058451142788492186,0.38037375386772976,0.03843456855505048,0.6575503355704697,1.7286953394768785,1.0,0.016201287954733027,1.8093936437767417,0.4476975009680812,0.09599274971831676,0.44732866535736077,0.37929727684801684
"frozenset({'weaptype1_txt_Explosives', 'decade_1990s'})","frozenset({'success_Success', 'casualty_level_0_None'})",0.05435171700231941,0.3199023199023199,0.030044475827608358,0.5527787802237459,1.7279611488673585,1.0,0.012657235467892016,1.5207187182172053,0.4454968008851932,0.08728541918940096,0.342416195697034,0.3233482177889937
"frozenset({'weaptype1_txt_Firearms', 'success_Success', 'region_txt_Middle East & North Africa'})",frozenset({'casualty_level_1_Low_1_5'}),0.05861296222742006,0.40793209467908265,0.04123943882980027,0.7035890571404668,1.7247700446172922,1.0,0.01732933037302286,1.9974563003954064,0.4463759837523,0.09696424659587469,0.4993632652679085,0.4023414693083029
"frozenset({'targtype1_txt_Private Citizens & Property', 'region_txt_Middle East & North Africa', 'decade_2010s'})","frozenset({'attacktype1_txt_Bombing/Explosion', 'weaptype1_txt_Explosives', 'success_Success'})",0.06155023022492902,0.4064904305868161,0.04299983818056107,0.6986137667304015,1.7186475108943438,1.0,0.017980258593712013,1.9692656926445373,0.4455721933634574,0.10116637247776279,0.4921965056644567,0.4021984583507248
"frozenset({'success_Success', 'region_txt_Middle East & North Africa', 'decade_2010s', 'casualty_level_2_Medium_6_20'})",frozenset({'weaptype1_txt_Explosives'}),0.03901809925906311,0.4966876051213401,0.03329557546425016,0.8533366846801558,1.7180551233439514,1.0,0.013915769186879368,3.4317538355179913,0.43491609816955507,0.06627170422713917,0.7086038078692612,0.460185965007666
"frozenset({'weaptype1_txt_Firearms', 'attacktype1_txt_Armed Assault', 'decade_2010s'})","frozenset({'success_Success', 'casualty_level_1_Low_1_5'})",0.10364780244298316,0.38037375386772976,0.06736592278760953,0.6499503240762643,1.7087149611859824,1.0,0.02794101909223117,1.7701094694550337,0.46272534865719256,0.16168249596911813,0.4350631883191543,0.41352743740231934
"frozenset({'weaptype1_txt_Firearms', 'targtype1_txt_Police'})",frozenset({'casualty_level_1_Low_1_5'}),0.058451142788492186,0.40793209467908265,0.040739269654932304,0.696979865771812,1.7085683496419208,1.0,0.016895172540836532,1.9538896543259507,0.4404600580992532,0.09571208036681182,0.4882003710977332,0.3984238191703152
"frozenset({'weaptype1_txt_Firearms', 'success_Success', 'decade_2010s', 'region_txt_South Asia'})",frozenset({'casualty_level_1_Low_1_5'}),0.0467462033727094,0.40793209467908265,0.03254532170194821,0.6962131543060947,1.7066888420578938,1.0,0.013476045041824466,1.9489583361271774,0.43437551959665505,0.0770973212833678,0.4869053989183143,0.38799718900543345
"frozenset({'region_txt_Middle East & North Africa', 'decade_2010s', 'casualty_level_2_Medium_6_20'})",frozenset({'attacktype1_txt_Bombing/Explosion'}),0.04082263118407697,0.4720027852557973,0.0328738641991654,0.8052852852852852,1.7061028248993673,1.0,0.013605468578810908,2.7116451651730324,0.431483133122042,0.06849413038814021,0.6312201858696401,0.43746644583413197
frozenset({'targtype1_txt_Business'}),"frozenset({'success_Success', 'casualty_level_0_None'})",0.1074235893513002,0.3199023199023199,0.05833835954317882,0.5430684256173826,1.6976070251169326,1.0,0.02397330409746374,1.488401586203784,0.4603925387225719,0.15810386987029557,0.3281383134302268,0.36271573278171315
"frozenset({'targtype1_txt_Private Citizens & Property', 'region_txt_Middle East & North Africa', 'decade_2010s'})","frozenset({'attacktype1_txt_Bombing/Explosion', 'success_Success'})",0.06155023022492902,0.41310050948605165,0.043156754000127494,0.7011631612492033,1.697318558433969,1.0,0.01773032253522554,1.9639462556467822,0.4377809221759007,0.10001704642309223,0.49082109700060383,0.4028167546429294
"frozenset({'targtype1_txt_Police', 'casualty_level_1_Low_1_5'})","frozenset({'weaptype1_txt_Firearms', 'success_Success'})",0.07677106472287196,0.29607072980566956,0.03843456855505048,0.5006387327542156,1.690943015821987,1.0,0.015704903394591487,1.4096593315633712,0.4425922975033974,0.11493342718047979,0.29060874666011804,0.31522711423228683
"frozenset({'region_txt_Middle East & North Africa', 'decade_2010s', 'casualty_level_2_Medium_6_20'})",frozenset({'weaptype1_txt_Explosives'}),0.04082263118407697,0.4966876051213401,0.03422726314292579,0.8384384384384383,1.6880599189375967,1.0,0.013951168225354867,3.115297908821444,0.42495160949674665,0.06800798947727382,0.6790034117866073,0.45367474296292537
"frozenset({'attacktype1_txt_Bombing/Explosion', 'weaptype1_txt_Explosives', 'region_txt_South Asia', 'casualty_level_1_Low_1_5'})","frozenset({'success_Success', 'decade_2010s'})",0.04024890771878724,0.4457193854784216,0.030221006124620583,0.7508528265107213,1.684586425840058,1.0,0.012281287710025034,2.224711630314482,0.42342487855839467,0.06631088540041533,0.5505035410550528,0.4093277950543397
"frozenset({'success_Success', 'attacktype1_txt_Armed Assault', 'decade_2010s'})",frozenset({'casualty_level_1_Low_1_5'}),0.10997347141925455,0.40793209467908265,0.07544218387591882,0.6860034779506845,1.6816609599947234,1.0,0.030580475320732083,1.8855874627424334,0.4554356556338648,0.17050492064899372,0.46966130197663625,0.4354707857357702
"frozenset({'success_Success', 'attacktype1_txt_Armed Assault', 'region_txt_Middle East & North Africa'})",frozenset({'casualty_level_1_Low_1_5'}),0.046589287553142976,0.40793209467908265,0.03192256204304397,0.6851910325228924,1.6796693407071277,1.0,0.012917296381884245,1.8807212198107779,0.4244180614444064,0.07553869182302364,0.46828908534322194,0.38172281521564744
"frozenset({'attacktype1_txt_Bombing/Explosion', 'region_txt_South Asia', 'casualty_level_1_Low_1_5'})","frozenset({'success_Success', 'decade_2010s'})",0.04048918506749832,0.4457193854784216,0.030250427840789285,0.7471236526583505,1.6762197853620628,1.0,0.012203613153981847,2.1919037519658393,0.4204429133988564,0.06634474748343801,0.5437755881830413,0.40749621288083865
"frozenset({'weaptype1_txt_Firearms', 'attacktype1_txt_Armed Assault', 'region_txt_South Asia', 'success_Success'})",frozenset({'casualty_level_1_Low_1_5'}),0.05113003908184631,0.40793209467908265,0.034923577092251794,0.6830344298455933,1.674382669946408,1.0,0.01406599314857087,1.867924976938338,0.42446802734100997,0.08234001965431528,0.46464659322716956,0.3843228405989596
frozenset({'region_txt_Western Europe'}),"frozenset({'success_Success', 'casualty_level_0_None'})",0.08431773492014456,0.3199023199023199,0.045049551073647456,0.5342832218668216,1.6701448805684236,1.0,0.01807611206378436,1.4603246265334175,0.4381973579556267,0.12542664445840046,0.31522075172159236,0.33755302759241324
frozenset({'region_txt_South America'}),"frozenset({'success_Success', 'casualty_level_0_None'})",0.09651303627207242,0.3199023199023199,0.05143406348225625,0.5329234833858347,1.6658944003549567,1.0,0.02055931927800354,1.4560733753597888,0.44242127589464747,0.14092246510190648,0.31322142350628124,0.3468520050363675
"frozenset({'weaptype1_txt_Firearms', 'success_Success', 'decade_2010s'})",frozenset({'casualty_level_1_Low_1_5'}),0.1357223766862321,0.40793209467908265,0.0920703571305981,0.6783727147915312,1.6629549957945875,1.0,0.03670484371415994,1.8408509866852785,0.46126476651292636,0.20388307344829082,0.4567729776973169,0.45203645957150784
"frozenset({'weaptype1_txt_Firearms', 'region_txt_Middle East & North Africa'})","frozenset({'success_Success', 'casualty_level_1_Low_1_5'})",0.06522794474601704,0.38037375386772976,0.04123943882980027,0.6322357540219515,1.6621434775486734,1.0,0.016428440629680914,1.684846346290159,0.4261650938929012,0.10198636947927531,0.4064740667884126,0.3703269784677245
"frozenset({'weaptype1_txt_Firearms', 'region_txt_Middle East & North Africa'})",frozenset({'casualty_level_1_Low_1_5'}),0.06522794474601704,0.40793209467908265,0.04420122492411649,0.6776424597804841,1.661164857140208,1.0,0.017592652792262298,1.8366808014409612,0.4257859297122615,0.10304305082420723,0.45553958030407155,0.39299841464802543
"frozenset({'weaptype1_txt_Firearms', 'success_Success', 'region_txt_South Asia'})",frozenset({'casualty_level_1_Low_1_5'}),0.07643271498693185,0.40793209467908265,0.051723377024581844,0.6767177776352088,1.6588981020666638,1.0,0.02054401949795342,1.8314273546809163,0.4300609456557041,0.11955252808033641,0.45397779636515984,0.40175593173141616
"frozenset({'success_Success', 'attacktype1_txt_Armed Assault', 'targtype1_txt_Police'})",frozenset({'casualty_level_1_Low_1_5'}),0.04544674424192496,0.40793209467908265,0.030735886157572903,0.6763055675442382,1.6578876150362307,1.0,0.012196700582619915,1.829095115504754,0.415715732326055,0.07272305371852883,0.45328157539579794,0.37582558098332236
"frozenset({'success_Success', 'region_txt_Middle East & North Africa', 'casualty_level_2_Medium_6_20'})","frozenset({'attacktype1_txt_Bombing/Explosion', 'weaptype1_txt_Explosives'})",0.0524736307868838,0.4647846575557419,0.04041563077707656,0.7702083917390897,1.6571295528332242,1.0,0.016026692261088334,2.3291335418853207,0.41850748667435134,0.08475674341597852,0.5706557902255153,0.4285819980302471
"frozenset({'targtype1_txt_Private Citizens & Property', 'region_txt_Middle East & North Africa', 'decade_2010s'})","frozenset({'weaptype1_txt_Explosives', 'success_Success'})",0.06155023022492902,0.4268306436981136,0.04352942907159774,0.7072179732313575,1.6569053409659937,1.0,0.017257904684924205,1.957665785115994,0.42246823754991697,0.09785160771172521,0.48918757859337614,0.40460043921436445
"frozenset({'weaptype1_txt_Firearms', 'attacktype1_txt_Armed Assault', 'region_txt_South Asia'})","frozenset({'success_Success', 'casualty_level_1_Low_1_5'})",0.05543541688120002,0.38037375386772976,0.034923577092251794,0.6299867315347192,1.656230812796272,1.0,0.013837399475927228,1.674605477534142,0.4194730858455845,0.08711606913507762,0.4028444231100325,0.36090028854678463
"frozenset({'attacktype1_txt_Armed Assault', 'region_txt_Middle East & North Africa'})","frozenset({'success_Success', 'casualty_level_1_Low_1_5'})",0.05068871333931575,0.38037375386772976,0.03192256204304397,0.6297765309083874,1.6556781967858496,1.0,0.012641905871443173,1.673654691996153,0.4171633710385745,0.07997837758148335,0.40250518533945084,0.35685036420371025
"frozenset({'weaptype1_txt_Explosives', 'region_txt_South Asia', 'casualty_level_1_Low_1_5'})","frozenset({'success_Success', 'decade_2010s'})",0.04405411634327297,0.4457193854784216,0.032452152934080644,0.7366429207479964,1.6527055917868736,1.0,0.012816379269762125,2.104673305520651,0.4131317088588302,0.07096137762432717,0.5248668772597838,0.40472570258487656
"frozenset({'success_Success', 'targtype1_txt_Police', 'casualty_level_1_Low_1_5'})",frozenset({'weaptype1_txt_Firearms'}),0.07228425300714457,0.32280035894493725,0.03843456855505048,0.5317142663319991,1.6471923019847017,1.0,0.015101185738277553,1.4461248600308096,0.42352018201553604,0.10776549524280922,0.30849677808685555,0.3253901657200411
"frozenset({'attacktype1_txt_Armed Assault', 'targtype1_txt_Police'})","frozenset({'success_Success', 'casualty_level_1_Low_1_5'})",0.04909013342748283,0.38037375386772976,0.030735886157572903,0.6261112775946458,1.6460422708670068,1.0,0.012063287827893537,1.6572477558189036,0.4127438373523855,0.07708484498173723,0.3965899205542352,0.353457856149392
"frozenset({'attacktype1_txt_Bombing/Explosion', 'decade_1990s', 'weaptype1_txt_Explosives'})",frozenset({'casualty_level_0_None'}),0.051875389224786815,0.401135678244112,0.03425178123973305,0.660270346913697,1.6460025440865622,1.0,0.013442711798870889,1.7627672954522928,0.41394086833607524,0.08179348462493267,0.43271014694913607,0.37282868477658837
"frozenset({'targtype1_txt_Police', 'casualty_level_1_Low_1_5'})",frozenset({'weaptype1_txt_Firearms'}),0.07677106472287196,0.32280035894493725,0.040739269654932304,0.5306591722023505,1.6439237364443868,1.0,0.01595754240580423,1.4428739222044176,0.4242710128260101,0.11353294067808191,0.30693875285222183,0.328432473886194
"frozenset({'weaptype1_txt_Firearms', 'attacktype1_txt_Armed Assault', 'decade_2010s'})",frozenset({'casualty_level_1_Low_1_5'}),0.10364780244298316,0.40793209467908265,0.06940582844197302,0.6696314519562852,1.64152676558357,1.0,0.027124563282523155,1.7921436796173893,0.4360016417575722,0.15696494516096837,0.44200902451443325,0.41988604693018006
"frozenset({'success_Success', 'region_txt_Middle East & North Africa', 'casualty_level_2_Medium_6_20'})",frozenset({'attacktype1_txt_Bombing/Explosion'}),0.0524736307868838,0.4720027852557973,0.040611775551534585,0.7739463601532566,1.6397071888756416,1.0,0.015844075667641077,2.335716492342997,0.41174053595392135,0.08393210032936406,0.5718658478979686,0.4299938748904581
"frozenset({'attacktype1_txt_Bombing/Explosion', 'decade_1990s'})",frozenset({'casualty_level_0_None'}),0.05344945103981249,0.401135678244112,0.03505597481501096,0.6558715596330275,1.635036710032797,1.0,0.013615493020380318,1.7402348992639771,0.4103245595285559,0.0835602828589796,0.42536493181297275,0.37163168710711075
"frozenset({'attacktype1_txt_Bombing/Explosion', 'targtype1_txt_Business'})","frozenset({'success_Success', 'casualty_level_0_None'})",0.06135408545047099,0.3199023199023199,0.03204515252708024,0.5222985933503838,1.6326814807403218,1.0,0.0124178382559894,1.423687832254003,0.4128400875844362,0.09176437548269327,0.2975988293607977,0.31123513621656346
frozenset({'region_txt_Western Europe'}),frozenset({'casualty_level_0_None'}),0.08431773492014456,0.401135678244112,0.055077452667814115,0.6532131433556266,1.628409485326589,1.0,0.02125460088261468,1.726894518294901,0.42143859501452574,0.1279752070823886,0.42092583570919034,0.39525847134042147
"frozenset({'attacktype1_txt_Bombing/Explosion', 'region_txt_Middle East & North Africa', 'casualty_level_0_None'})","frozenset({'weaptype1_txt_Explosives', 'success_Success'})",0.05085053277824362,0.4268306436981136,0.0353403847379751,0.6949855351976857,1.6282465784936266,1.0,0.013635819099845351,1.8791546711509846,0.406513852656528,0.07989402152826276,0.4678458269816082,0.3888913706042194
"frozenset({'attacktype1_txt_Armed Assault', 'decade_2010s'})","frozenset({'success_Success', 'casualty_level_1_Low_1_5'})",0.12181571217715796,0.38037375386772976,0.07544218387591882,0.6193140648901055,1.628172445108987,1.0,0.02910668415502233,1.6276573127226246,0.4393319812320709,0.17678421639261382,0.38562006130929727,0.4088255254191407
"frozenset({'weaptype1_txt_Firearms', 'decade_2010s', 'region_txt_South Asia'})","frozenset({'success_Success', 'casualty_level_1_Low_1_5'})",0.05255699231602846,0.38037375386772976,0.03254532170194821,0.6192386639298377,1.627974216499623,1.0,0.012554021242703037,1.6273349929050904,0.4071375842702602,0.0812849812004752,0.3854983735003343,0.3524000461585504
"frozenset({'attacktype1_txt_Bombing/Explosion', 'targtype1_txt_Business', 'weaptype1_txt_Explosives'})","frozenset({'success_Success', 'casualty_level_0_None'})",0.06027038557159039,0.3199023199023199,0.03138806753264584,0.5207875681392888,1.6279580851377007,1.0,0.01210743136688677,1.4191987412700484,0.410472932620402,0.08999268923630638,0.2953770526141429,0.309452614812463
"frozenset({'targtype1_txt_Private Citizens & Property', 'success_Success', 'region_txt_Middle East & North Africa', 'decade_2010s'})","frozenset({'attacktype1_txt_Bombing/Explosion', 'weaptype1_txt_Explosives'})",0.056935924405803924,0.4647846575557419,0.04299983818056107,0.7552321074842822,1.624907567852983,1.0,0.016536894052989887,2.1866239764673754,0.40779877919949054,0.08982238338147625,0.5426739984734088,0.42387386096698915
"frozenset({'weaptype1_txt_Firearms', 'decade_2010s', 'region_txt_South Asia'})",frozenset({'casualty_level_1_Low_1_5'}),0.05255699231602846,0.40793209467908265,0.03481079384693843,0.6623437208434411,1.623661706158478,1.0,0.013371109881428488,1.7534633349625848,0.4054155809513025,0.08177723507931206,0.42970007980159,0.3738392483289209
"frozenset({'weaptype1_txt_Firearms', 'region_txt_South Asia'})","frozenset({'success_Success', 'casualty_level_1_Low_1_5'})",0.08382246936463804,0.38037375386772976,0.051723377024581844,0.6170586170586171,1.6222428881704376,1.0,0.0198395096938917,1.6180707380667627,0.4186628506948161,0.12539825954634076,0.3819800479212799,0.37651951092714275
"frozenset({'targtype1_txt_Private Citizens & Property', 'attacktype1_txt_Bombing/Explosion', 'weaptype1_txt_Explosives', 'region_txt_Middle East & North Africa'})","frozenset({'success_Success', 'decade_2010s'})",0.05948580647375828,0.4457193854784216,0.04299983818056107,0.7228587915258429,1.6217800146833377,1.0,0.016485861074389218,1.9999934963596868,0.40764250391017465,0.09303189119225956,0.49999837408463454,0.4096658418111524
"frozenset({'region_txt_Middle East & North Africa', 'casualty_level_2_Medium_6_20'})","frozenset({'attacktype1_txt_Bombing/Explosion', 'weaptype1_txt_Explosives'})",0.05455276539613889,0.4647846575557419,0.0410874266295953,0.7531685393258427,1.6204677307695226,1.0,0.015732138246232163,2.1683432937699822,0.4049874047047176,0.08591202706859427,0.5388184136371905,0.420784767637263
"frozenset({'weaptype1_txt_Explosives', 'decade_1990s'})",frozenset({'casualty_level_0_None'}),0.05435171700231941,0.401135678244112,0.03529625216372204,0.6494045470949116,1.618914951513525,1.0,0.013493839300264612,1.7081348796557545,0.404275387419442,0.08400046679892637,0.4145661376568032,0.3686976771951992
"frozenset({'targtype1_txt_Private Citizens & Property', 'attacktype1_txt_Bombing/Explosion', 'region_txt_Middle East & North Africa'})","frozenset({'success_Success', 'decade_2010s'})",0.05983886706778273,0.4457193854784216,0.043156754000127494,0.7212160944030157,1.61809451843537,1.0,0.016485410942950415,1.988208800413528,0.40630176816220814,0.09333177798044497,0.49703471798736143,0.40902051859738886
"frozenset({'weaptype1_txt_Explosives', 'targtype1_txt_Business'})","frozenset({'success_Success', 'casualty_level_0_None'})",0.061427639740892756,0.3199023199023199,0.03171170641050159,0.5162449109922567,1.613757946956711,1.0,0.012060861951266058,1.4058718875550558,0.4052200947908576,0.09070380655838874,0.2886976339365498,0.30768712639345813
"frozenset({'targtype1_txt_Private Citizens & Property', 'weaptype1_txt_Explosives', 'region_txt_Middle East & North Africa'})","frozenset({'success_Success', 'decade_2010s'})",0.060540084636470176,0.4457193854784216,0.04352942907159774,0.7190183055240563,1.613163638266,1.0,0.016545539750618624,1.972657384515251,0.40459425694905543,0.09407089492926402,0.493069598476811,0.40833968435857804
"frozenset({'weaptype1_txt_Explosives', 'region_txt_Middle East & North Africa', 'casualty_level_0_None'})","frozenset({'attacktype1_txt_Bombing/Explosion', 'success_Success'})",0.05305716149089643,0.41310050948605165,0.0353403847379751,0.6660813308687615,1.6123953264968118,1.0,0.013422444294202064,1.7576120917135127,0.4010851411099818,0.08203102769272796,0.43104624466648345,0.37581522504693476
"frozenset({'targtype1_txt_Private Citizens & Property', 'success_Success', 'region_txt_Middle East & North Africa', 'decade_2010s'})",frozenset({'attacktype1_txt_Bombing/Explosion'}),0.056935924405803924,0.4720027852557973,0.043156754000127494,0.7579881147188011,1.60589754636303,1.0,0.016282839099474516,2.1816995232722194,0.4000738428368354,0.08883976339006318,0.5416417387761303,0.4247106880109963
"frozenset({'weaptype1_txt_Firearms', 'region_txt_South Asia'})",frozenset({'casualty_level_1_Low_1_5'}),0.08382246936463804,0.40793209467908265,0.05491072960952479,0.6550836550836551,1.6058644652586231,1.0,0.020716854100434764,1.7165550837102714,0.41180058265594927,0.12569876299306287,0.4174378617442696,0.39484559001327846
"frozenset({'region_txt_Middle East & North Africa', 'casualty_level_2_Medium_6_20'})","frozenset({'success_Success', 'decade_2010s'})",0.05455276539613889,0.4457193854784216,0.03901809925906311,0.7152359550561798,1.6046776926439206,1.0,0.014702874190547582,1.9464557564875502,0.3985647040627987,0.08459134206497705,0.4862457075291883,0.4013877803797005
"frozenset({'region_txt_Middle East & North Africa', 'casualty_level_2_Medium_6_20'})",frozenset({'attacktype1_txt_Bombing/Explosion'}),0.05455276539613889,0.4720027852557973,0.04128847502341478,0.7568539325842697,1.6034946322914176,1.0,0.01553941781303115,2.171522740861093,0.39807839285513213,0.08508402299895919,0.5394936552202713,0.4221644995368157
"frozenset({'attacktype1_txt_Armed Assault', 'region_txt_Middle East & North Africa'})",frozenset({'casualty_level_1_Low_1_5'}),0.05068871333931575,0.40793209467908265,0.03311414154787649,0.6532843184676405,1.6014535923719724,1.0,0.012436588538781854,1.7076467458990854,0.3956208036432246,0.07782285016249108,0.41439879038126554,0.3672299702688004
"frozenset({'success_Success', 'attacktype1_txt_Armed Assault', 'region_txt_South Asia'})",frozenset({'casualty_level_1_Low_1_5'}),0.05866199842103457,0.40793209467908265,0.03827765273548406,0.6525119117278274,1.5995601234591605,1.0,0.01434754084153039,1.7038509385023173,0.3981865444138204,0.08936769436843851,0.4130941989097951,0.3731726525822693
"frozenset({'success_Success', 'region_txt_Middle East & North Africa', 'casualty_level_2_Medium_6_20'})",frozenset({'weaptype1_txt_Explosives'}),0.0524736307868838,0.4966876051213401,0.04168076457233084,0.7943182880104662,1.5992311461374507,1.0,0.015617762564772101,2.4470449512024253,0.3954502315131921,0.08213274584263366,0.5913438371826305,0.4391178763578839
"frozenset({'attacktype1_txt_Bombing/Explosion', 'weaptype1_txt_Explosives', 'region_txt_Middle East & North Africa', 'casualty_level_1_Low_1_5'})","frozenset({'success_Success', 'decade_2010s'})",0.06130995287621794,0.4457193854784216,0.04360298336201951,0.7111893145645045,1.595598795419534,1.0,0.016275948842320663,1.9191831967220423,0.39765632799567235,0.09408826859386077,0.4789450002959612,0.4045077007605131
"frozenset({'weaptype1_txt_Firearms', 'attacktype1_txt_Armed Assault', 'region_txt_South Asia'})",frozenset({'casualty_level_1_Low_1_5'}),0.05543541688120002,0.40793209467908265,0.03606121678410835,0.6505086245024325,1.5946492884169439,1.0,0.013447331056352246,1.6940844519496254,0.3947881084308392,0.0843919624516588,0.4097106558948954,0.3694543362925674
"frozenset({'attacktype1_txt_Armed Assault', 'targtype1_txt_Police'})",frozenset({'casualty_level_1_Low_1_5'}),0.04909013342748283,0.40793209467908265,0.03190785118495962,0.6499850164818699,1.5933657217954587,1.0,0.011882410227810895,1.6915501712807373,0.39162249536675653,0.07505709737698112,0.40882628432897034,0.36410177618179324
"frozenset({'attacktype1_txt_Armed Assault', 'region_txt_South Asia'})","frozenset({'success_Success', 'casualty_level_1_Low_1_5'})",0.06316842461420774,0.38037375386772976,0.03827765273548406,0.6059618071727992,1.5930694508000016,1.0,0.014250041939067159,1.5725030147115653,0.39738303692600135,0.09445103211286693,0.3640711714734461,0.35329674734042826
"frozenset({'targtype1_txt_Private Citizens & Property', 'region_txt_Middle East & North Africa'})","frozenset({'attacktype1_txt_Bombing/Explosion', 'weaptype1_txt_Explosives', 'success_Success'})",0.0871471232917016,0.4064904305868161,0.056332779224345486,0.6464100832770651,1.5902221421151221,1.0,0.020908307553099352,1.678525153980125,0.40659020613477737,0.12881812065485534,0.40423889530115387,0.39249668417858274
"frozenset({'attacktype1_txt_Bombing/Explosion', 'region_txt_Middle East & North Africa', 'casualty_level_1_Low_1_5'})","frozenset({'success_Success', 'decade_2010s'})",0.06169733880577254,0.4457193854784216,0.043661826794356914,0.7076776347162613,1.587720116675342,1.0,0.016162126856194003,1.8961279749620716,0.3945060435498682,0.09414849747287839,0.47260943712409337,0.4028178703417603
"frozenset({'targtype1_txt_Private Citizens & Property', 'region_txt_Middle East & North Africa', 'decade_2010s'})","frozenset({'attacktype1_txt_Bombing/Explosion', 'weaptype1_txt_Explosives'})",0.06155023022492902,0.4647846575557419,0.045353575474057405,0.7368546845124284,1.585367917236074,1.0,0.016745972796486697,2.0339155247836302,0.393448431825421,0.09429384118180799,0.5083374959211343,0.4172172224047625
"frozenset({'weaptype1_txt_Firearms', 'decade_2010s'})","frozenset({'success_Success', 'casualty_level_1_Low_1_5'})",0.15288014083194806,0.38037375386772976,0.0920703571305981,0.602238829906662,1.5832817690047118,1.0,0.03391876407052282,1.5577846525010717,0.4348859011840954,0.20868946660590632,0.35806274738008953,0.4221455848643791
"frozenset({'region_txt_Middle East & North Africa', 'casualty_level_2_Medium_6_20'})",frozenset({'weaptype1_txt_Explosives'}),0.05455276539613889,0.4966876051213401,0.042833115122271746,0.7851685393258426,1.5808096099640478,1.0,0.01573743272491721,2.3428244322280714,0.3886126470577704,0.08424961419753085,0.5731647722962403,0.43570303755708656
"frozenset({'weaptype1_txt_Firearms', 'decade_2010s'})",frozenset({'casualty_level_1_Low_1_5'}),0.15288014083194806,0.40793209467908265,0.09834698991325497,0.6432947365044744,1.5769652471462192,1.0,0.035982273828845245,1.659823854346753,0.43189946797219053,0.21265812047375168,0.39752643186733566,0.4421907027876381
"frozenset({'success_Success', 'decade_1990s', 'attacktype1_txt_Bombing/Explosion'})",frozenset({'casualty_level_0_None'}),0.04777596343861404,0.401135678244112,0.030167066311644626,0.6314276916760752,1.574100051234581,1.0,0.011002422813930286,1.6248218008542514,0.3830152910684625,0.07204168862345571,0.384547893514077,0.3533159190862895
"frozenset({'targtype1_txt_Private Citizens & Property', 'region_txt_Middle East & North Africa'})","frozenset({'success_Success', 'attacktype1_txt_Bombing/Explosion'})",0.0871471232917016,0.41310050948605165,0.05664661086347833,0.6500112536574386,1.5734941950716386,1.0,0.020646089831432644,1.676909605372008,0.3992667022690326,0.1276972055182172,0.4036649341166134,0.3935683731370617
"frozenset({'weaptype1_txt_Firearms', 'targtype1_txt_Private Citizens & Property'})","frozenset({'success_Success', 'casualty_level_1_Low_1_5'})",0.0817678528521902,0.38037375386772976,0.0488841814143019,0.5978410794602699,1.5717201131289456,1.0,0.01778183627921016,1.5407497247622437,0.3961464485948223,0.11828990459917416,0.35096532296683547,0.3631786291977126
"frozenset({'attacktype1_txt_Armed Assault', 'decade_2010s'})",frozenset({'casualty_level_1_Low_1_5'}),0.12181571217715796,0.40793209467908265,0.0780999455698251,0.6411319539489575,1.5716634271037966,1.0,0.02840740693657281,1.6498206286014843,0.4141857937015253,0.17292220834916674,0.39387350196507276,0.41629262681219964
"frozenset({'region_txt_Western Europe', 'success_Success'})",frozenset({'casualty_level_0_None'}),0.07157322819973422,0.401135678244112,0.045049551073647456,0.6294190189092902,1.5690925864895415,1.0,0.016338975635626467,1.6160147236733113,0.3906489870367153,0.10533980025913567,0.38119375686941015,0.3708620203343087
"frozenset({'targtype1_txt_Private Citizens & Property', 'region_txt_Middle East & North Africa', 'decade_2010s'})",frozenset({'attacktype1_txt_Bombing/Explosion'}),0.06155023022492902,0.4720027852557973,0.04551049129362383,0.7394040790312302,1.566524821734934,1.0,0.016458611194321772,2.0261146559062166,0.38536354637211295,0.09325107759703398,0.5064445158199935,0.41791202123104065
"frozenset({'success_Success', 'decade_1990s', 'weaptype1_txt_Explosives'})",frozenset({'casualty_level_0_None'}),0.047815192393505644,0.401135678244112,0.030044475827608358,0.6283458106860835,1.5664171619850336,1.0,0.010864096196466767,1.6113482343933954,0.37975869215755104,0.07172121552652527,0.37940168446800215,0.3516221743274435
"frozenset({'weaptype1_txt_Explosives', 'region_txt_Middle East & North Africa', 'casualty_level_1_Low_1_5'})","frozenset({'success_Success', 'decade_2010s'})",0.06548783657217393,0.4457193854784216,0.04547126233873222,0.6943466866342194,1.5578112804964246,1.0,0.016282064065471554,1.8134291050797842,0.3831664628472306,0.09763313609467457,0.4485585363117884,0.3981821885908291
"frozenset({'weaptype1_txt_Firearms', 'success_Success'})",frozenset({'casualty_level_1_Low_1_5'}),0.29607072980566956,0.40793209467908265,0.18785275411781435,0.6344860710854947,1.5553717870241137,1.0,0.06707600113502286,1.6198230997084755,0.507248267873411,0.3639498760201027,0.3826486360270001,0.5474930655944362
"frozenset({'region_txt_Sub-Saharan Africa', 'casualty_level_1_Low_1_5'})","frozenset({'success_Success', 'decade_2010s'})",0.0464176608754922,0.4457193854784216,0.03191275480432107,0.6875132051552927,1.5424799269552456,1.0,0.011223503523550914,1.7737729198990069,0.3688127723942658,0.06934174355914505,0.4362299769144424,0.3795557576559776
"frozenset({'weaptype1_txt_Firearms', 'success_Success', 'targtype1_txt_Private Citizens & Property'})",frozenset({'casualty_level_1_Low_1_5'}),0.0778106320274995,0.40793209467908265,0.0488841814143019,0.6282455255860853,1.5400737862519047,1.0,0.017142727303020716,1.5926315513870686,0.3802694693446421,0.11189933661843775,0.37210838305377586,0.37403982013166504
"frozenset({'targtype1_txt_Private Citizens & Property', 'success_Success', 'region_txt_Middle East & North Africa', 'decade_2010s'})",frozenset({'weaptype1_txt_Explosives'}),0.056935924405803924,0.4966876051213401,0.04352942907159774,0.7645336319007837,1.5392645679450954,1.0,0.015250061133109335,2.1375128811031896,0.3714902433694959,0.0853360762900869,0.5321665619699605,0.42608654149091907
"frozenset({'targtype1_txt_Private Citizens & Property', 'region_txt_Middle East & North Africa'})","frozenset({'success_Success', 'weaptype1_txt_Explosives'})",0.0871471232917016,0.4268306436981136,0.05702909317367149,0.6544001800585191,1.5331611957115234,1.0,0.01983203044263563,1.6584770107777806,0.38095170884002466,0.12480415513059905,0.3970371651211328,0.39400538390362194
"frozenset({'weaptype1_txt_Explosives', 'region_txt_Middle East & North Africa', 'casualty_level_2_Medium_6_20'})",frozenset({'decade_2010s'}),0.042833115122271746,0.5216323168130397,0.03422726314292579,0.799084144247281,1.5318915613383746,1.0,0.011884126065375533,2.3809354487966368,0.3627499919117371,0.06455073428772241,0.5799970131464858,0.43234991592446215
"frozenset({'weaptype1_txt_Explosives', 'region_txt_Middle East & North Africa', 'success_Success', 'casualty_level_2_Medium_6_20'})",frozenset({'decade_2010s'}),0.04168076457233084,0.5216323168130397,0.03329557546425016,0.7988235294117646,1.531391947286261,1.0,0.011553541673846361,2.377851056777287,0.362091561998962,0.06281976555922544,0.5794522128920451,0.4313265583172833
"frozenset({'attacktype1_txt_Bombing/Explosion', 'weaptype1_txt_Explosives', 'region_txt_Middle East & North Africa', 'casualty_level_2_Medium_6_20'})",frozenset({'decade_2010s'}),0.0410874266295953,0.5216323168130397,0.032805213528105094,0.7984246330110992,1.5306272392959615,1.0,0.011372683983423514,2.3731455402152406,0.3615272930054089,0.061906612625617675,0.5786183430160371,0.43065708370146605
"frozenset({'attacktype1_txt_Armed Assault', 'region_txt_South Asia'})",frozenset({'casualty_level_1_Low_1_5'}),0.06316842461420774,0.40793209467908265,0.03942509966606352,0.624126688402422,1.529976916607697,1.0,0.013656671895612035,1.5751794209715113,0.36975202032642557,0.09133042529989094,0.3651516857786032,0.36038645996031665
frozenset({'weaptype1_txt_Firearms'}),"frozenset({'success_Success', 'casualty_level_1_Low_1_5'})",0.32280035894493725,0.38037375386772976,0.18785275411781435,0.5819471661425816,1.5299351236125152,1.0,0.06506796983607797,1.4821720987151608,0.511485081047492,0.36453516033875727,0.32531451586029553,0.5379053866035842
"frozenset({'casualty_level_2_Medium_6_20', 'attacktype1_txt_Bombing/Explosion', 'weaptype1_txt_Explosives', 'success_Success', 'region_txt_Middle East & North Africa'})",frozenset({'decade_2010s'}),0.04041563077707656,0.5216323168130397,0.03224129730153827,0.797743266197525,1.529321018819176,1.0,0.011159198183831435,2.365150836728812,0.360692670435185,0.060854836918292556,0.5771939850639387,0.42977586991687167
"frozenset({'attacktype1_txt_Bombing/Explosion', 'region_txt_Middle East & North Africa', 'casualty_level_2_Medium_6_20'})",frozenset({'decade_2010s'}),0.04128847502341478,0.5216323168130397,0.0328738641991654,0.7961995249406175,1.5263615755347968,1.0,0.011336461315024228,2.3472353685514014,0.3596986479674725,0.0620206673882675,0.5739668831689636,0.429610333364393
"frozenset({'attacktype1_txt_Bombing/Explosion', 'region_txt_Middle East & North Africa', 'success_Success', 'casualty_level_2_Medium_6_20'})",frozenset({'decade_2010s'}),0.040611775551534585,0.5216323168130397,0.03230994797259858,0.7955807775899543,1.5251754002716469,1.0,0.01112553340176043,2.34013062738004,0.3589138352296929,0.060969741833996484,0.5726734275857163,0.42876042931125413
frozenset({'weaptype1_txt_Firearms'}),frozenset({'casualty_level_1_Low_1_5'}),0.32280035894493725,0.40793209467908265,0.2003373690120678,0.6206231296237221,1.5213883333008207,1.0,0.06865674242449979,1.560632583461627,0.5060629097571706,0.37771347213490625,0.35923419093179015,0.5558639148539334
"frozenset({'weaptype1_txt_Firearms', 'targtype1_txt_Private Citizens & Property'})",frozenset({'casualty_level_1_Low_1_5'}),0.0817678528521902,0.40793209467908265,0.0506740024812314,0.6197301349325338,1.5191992564842716,1.0,0.017318270989826447,1.5569677213730166,0.3721918246291388,0.11542370798941148,0.357725926958751,0.37197589809494824
"frozenset({'decade_2010s', 'casualty_level_2_Medium_6_20'})","frozenset({'success_Success', 'weaptype1_txt_Explosives'})",0.08445013264290373,0.4268306436981136,0.05453315091869309,0.6457438160492394,1.5128806368128467,1.0,0.01848724644233142,1.617951590596802,0.3702794710288036,0.1193944924579956,0.38193453635337915,0.38675339325048247
"frozenset({'success_Success', 'attacktype1_txt_Hostage Taking (Kidnapping)'})",frozenset({'casualty_level_0_None'}),0.06477190814540212,0.401135678244112,0.0392583766077742,0.6061019002195472,1.5109648258480328,1.0,0.013276053302702994,1.5203534165046173,0.36159224448653154,0.09201558495293481,0.342258195269453,0.3519849875651548
"frozenset({'targtype1_txt_Private Citizens & Property', 'region_txt_Middle East & North Africa', 'decade_2010s'})",frozenset({'weaptype1_txt_Explosives'}),0.06155023022492902,0.4966876051213401,0.046157769049335315,0.7499203314212874,1.5098430556528242,1.0,0.0155865326042482,2.012608212971309,0.35982693573022007,0.09013779697210544,0.5031323068469185,0.4214257595501145
"frozenset({'weaptype1_txt_Firearms', 'attacktype1_txt_Armed Assault'})","frozenset({'success_Success', 'casualty_level_1_Low_1_5'})",0.20298041984788973,0.38037375386772976,0.11645605621509236,0.5737304923418853,1.5083335443312238,1.0,0.03924763195590271,1.4536020874128193,0.42284615801383146,0.24942498555899809,0.31205382225348816,0.4399463342204464
frozenset({'attacktype1_txt_Hostage Taking (Kidnapping)'}),frozenset({'casualty_level_0_None'}),0.06619886137958426,0.401135678244112,0.04004295570560631,0.6048888888888889,1.5079408830864016,1.0,0.013488230547118823,1.5156858537128775,0.36072351534247943,0.09371342009226744,0.34023267582107153,0.35235642918846677
"frozenset({'weaptype1_txt_Firearms', 'success_Success', 'attacktype1_txt_Armed Assault'})",frozenset({'casualty_level_1_Low_1_5'}),0.1900152502562141,0.40793209467908265,0.11645605621509236,0.6128774193548387,1.5024005890906553,1.0,0.03894273715710485,1.5294067949593726,0.41284549758198547,0.24186534407430416,0.34615172150679235,0.4491782216379916
