antecedents,consequents,antecedent support,consequent support,support,confidence,lift,representativity,leverage,conviction,zhangs_metric,jaccard,certainty,kulczynski
"targtype1_txt_Military, weaptype1_txt_Unknown",attacktype1_txt_Unknown,0.014695279347903859,0.040046012185523776,0.012262577673082321,0.8344569288389513,20.83745380122016,1.0,0.011674090337246487,5.798817075711881,0.9662081909550405,0.2886758227520083,0.8275510355054204,0.5703345666734614
attacktype1_txt_Unknown,"targtype1_txt_Military, weaptype1_txt_Unknown",0.040046012185523776,0.014695279347903859,0.012262577673082321,0.3062122045079714,20.83745380122016,1.0,0.011674090337246487,1.4201816853139166,0.9917240865347722,0.2886758227520083,0.2958647401660019,0.5703345666734614
"weaptype1_txt_Incendiary, targtype1_txt_Business",attacktype1_txt_Facility/Infrastructure Attack,0.015548376089074308,0.056997870010072046,0.013913732655992868,0.8948672566371682,15.700012236931606,1.0,0.013027508336800098,8.969633054618003,0.9510937453778778,0.2373040458086924,0.8885127190922095,0.5694884757500248
attacktype1_txt_Facility/Infrastructure Attack,"weaptype1_txt_Incendiary, targtype1_txt_Business",0.056997870010072046,0.015548376089074308,0.013913732655992868,0.24410969486288142,15.700012236931606,1.0,0.013027508336800098,1.302373660861209,0.992898904839989,0.2373040458086924,0.2321712039701888,0.5694884757500248
weaptype1_txt_Incendiary,"attacktype1_txt_Facility/Infrastructure Attack, region_txt_Western Europe",0.06128536911569643,0.014480629200125487,0.013484432360436125,0.22002694207453974,15.194570555859066,1.0,0.012596981654878903,1.2635300165638,0.9951767951252831,0.21650759985860724,0.20856648683382775,0.5756159035724275
"attacktype1_txt_Facility/Infrastructure Attack, region_txt_Western Europe",weaptype1_txt_Incendiary,0.014480629200125487,0.06128536911569643,0.013484432360436125,0.9312048650703154,15.194570555859064,1.0,0.012596981654878903,13.645072894235362,0.9479134003651724,0.21650759985860724,0.9267134732257482,0.5756159035724275
attacktype1_txt_Facility/Infrastructure Attack,"weaptype1_txt_Incendiary, region_txt_Western Europe",0.056997870010072046,0.01681976542591543,0.013484432360436125,0.2365778292777134,14.065465438251644,1.0,0.012525741557089893,1.28785915877172,0.9850496110079132,0.2234993614303959,0.22351757706662762,0.5191396999791708
"weaptype1_txt_Incendiary, region_txt_Western Europe",attacktype1_txt_Facility/Infrastructure Attack,0.01681976542591543,0.056997870010072046,0.013484432360436125,0.8017015706806282,14.065465438251643,1.0,0.012525741557089893,4.755469487209932,0.9447951135110186,0.2234993614303959,0.7897158203433858,0.5191396999791708
weaptype1_txt_Incendiary,"attacktype1_txt_Facility/Infrastructure Attack, targtype1_txt_Business",0.06128536911569643,0.016451007479732074,0.013913732655992868,0.22703188145487202,13.800484969360037,1.0,0.012905526590272404,1.2724315129212482,0.9880945154692873,0.21800620903759918,0.21410308543506593,0.5363998483888612
"attacktype1_txt_Facility/Infrastructure Attack, targtype1_txt_Business",weaptype1_txt_Incendiary,0.016451007479732074,0.06128536911569643,0.013913732655992868,0.8457678153228504,13.800484969360037,1.0,0.012905526590272404,6.086373170744429,0.9430529494934569,0.21800620903759918,0.8356985396809495,0.5363998483888612
"weaptype1_txt_Unknown, region_txt_South Asia",attacktype1_txt_Unknown,0.02084858358421716,0.040046012185523776,0.011101265335101904,0.5324709609292502,13.29647902174222,1.0,0.010266362702837432,2.053249975065633,0.9444832580508219,0.22294683320437714,0.5129672411329094,0.4048418575949164
attacktype1_txt_Unknown,"weaptype1_txt_Unknown, region_txt_South Asia",0.040046012185523776,0.02084858358421716,0.011101265335101904,0.2772127542605827,13.29647902174222,1.0,0.010266362702837432,1.354688287857242,0.9633712986670605,0.22294683320437714,0.26182280531727703,0.4048418575949164
weaptype1_txt_Incendiary,attacktype1_txt_Facility/Infrastructure Attack,0.06128536911569643,0.056997870010072046,0.045759008426394264,0.7466546924113157,13.099694642613398,1.0,0.04226587292401852,3.722200892392005,0.983965001011592,0.6309478637019048,0.7313417440622427,0.7747371569433944
attacktype1_txt_Facility/Infrastructure Attack,weaptype1_txt_Incendiary,0.056997870010072046,0.06128536911569643,0.045759008426394264,0.8028196214754731,13.099694642613398,1.0,0.04226587292401852,4.760689871419122,0.9794912581348417,0.6309478637019048,0.78994640965724,0.7747371569433944
attacktype1_txt_Unknown,"region_txt_Middle East & North Africa, weaptype1_txt_Unknown",0.040046012185523776,0.02049633718786291,0.01040227639233644,0.259758108851017,12.673391663601004,1.0,0.009581479823552678,1.32322106398461,0.9595194517970654,0.2074643249176729,0.24426837871768436,0.38363845292174914
"region_txt_Middle East & North Africa, weaptype1_txt_Unknown",attacktype1_txt_Unknown,0.02049633718786291,0.040046012185523776,0.01040227639233644,0.5075187969924813,12.673391663601004,1.0,0.009581479823552678,1.9492195477759597,0.940368636798874,0.2074643249176729,0.48697415786693177,0.38363845292174914
weaptype1_txt_Unknown,"attacktype1_txt_Unknown, targtype1_txt_Military",0.08342185358658381,0.012262577673082321,0.012262577673082321,0.146994787886785,11.987266609487367,1.0,0.011239610713844337,1.1579500433296535,1.0,0.146994787886785,0.13640488571983003,0.5734973939433925
"attacktype1_txt_Unknown, targtype1_txt_Military",weaptype1_txt_Unknown,0.012262577673082321,0.08342185358658381,0.012262577673082321,1.0,11.987266609487365,1.0,0.011239610713844337,inf,0.9279572948184306,0.146994787886785,1.0,0.5734973939433925
"region_txt_Middle East & North Africa, attacktype1_txt_Unknown",weaptype1_txt_Unknown,0.010407780242279474,0.08342185358658381,0.01040227639233644,0.9994711792702274,11.980927494410958,1.0,0.009534040072803661,1733.2492748679206,0.9261734172596242,0.12468663412059638,0.9994230489436805,0.5620830198653703
weaptype1_txt_Unknown,"region_txt_Middle East & North Africa, attacktype1_txt_Unknown",0.08342185358658381,0.010407780242279474,0.01040227639233644,0.1246948604605133,11.980927494410958,1.0,0.009534040072803661,1.130568272772124,0.9999518442076718,0.12468663412059638,0.11548906502742559,0.5620830198653703
"attacktype1_txt_Unknown, targtype1_txt_Private Citizens & Property",weaptype1_txt_Unknown,0.01027568784364663,0.08342185358658381,0.01026468014376056,0.9989287627209428,11.974425402621286,1.0,0.009407463216966432,855.6256996769933,0.9260040141722129,0.12302922356355961,0.9988312646518478,0.5609871101326559
weaptype1_txt_Unknown,"attacktype1_txt_Unknown, targtype1_txt_Private Citizens & Property",0.08342185358658381,0.01027568784364663,0.01026468014376056,0.12304545754436895,11.974425402621286,1.0,0.009407463216966432,1.1285924916757333,0.9999023973753349,0.12302922356355961,0.11394058761174225,0.5609871101326559
weaptype1_txt_Unknown,attacktype1_txt_Unknown,0.08342185358658381,0.040046012185523776,0.03999647753603646,0.47944843966484135,11.972439039464636,1.0,0.036655764970769146,1.8441093274149576,0.9998872808548919,0.4791639192931559,0.45773280079777934,0.7391057481446802
attacktype1_txt_Unknown,weaptype1_txt_Unknown,0.040046012185523776,0.08342185358658381,0.03999647753603646,0.998763056624519,11.972439039464636,1.0,0.036655764970769146,741.002510367151,0.9547070402768599,0.4791639192931559,0.9986504769066106,0.7391057481446802
"attacktype1_txt_Unknown, region_txt_South Asia",weaptype1_txt_Unknown,0.011123280734874045,0.08342185358658381,0.011101265335101904,0.9980207817911925,11.963541193140038,1.0,0.010173340638234774,463.10110847537607,0.9267208854971514,0.13303871776268056,0.9978406443394355,0.5655473045328595
weaptype1_txt_Unknown,"attacktype1_txt_Unknown, region_txt_South Asia",0.08342185358658381,0.011123280734874045,0.011101265335101904,0.13307382727452663,11.963541193140038,1.0,0.010173340638234774,1.1406700482421244,0.9998195053098659,0.13303871776268056,0.12332229504834427,0.5655473045328595
"targtype1_txt_Private Citizens & Property, weaptype1_txt_Unknown",attacktype1_txt_Unknown,0.02385918950305739,0.040046012185523776,0.01026468014376056,0.43021914648212223,10.743120800368784,1.0,0.009309214750184404,1.6847775454152851,0.9290843783578955,0.19136055817771394,0.4064498291057722,0.3432706507561793
attacktype1_txt_Unknown,"targtype1_txt_Private Citizens & Property, weaptype1_txt_Unknown",0.040046012185523776,0.02385918950305739,0.01026468014376056,0.25632215503023636,10.743120800368782,1.0,0.009309214750184404,1.3125855733091396,0.9447506751600658,0.19136055817771394,0.23814491006562327,0.3432706507561793
"weaptype1_txt_Firearms, targtype1_txt_Military","region_txt_Central America & Caribbean, attacktype1_txt_Armed Assault",0.06397675173784062,0.024002289601576302,0.014062336604454816,0.2198038540949759,9.157620283047528,1.0,0.012526748081475015,1.250964536957909,0.9516871795330301,0.19024571854058078,0.20061682769057843,0.40283932672646067
"region_txt_Central America & Caribbean, attacktype1_txt_Armed Assault","weaptype1_txt_Firearms, targtype1_txt_Military",0.024002289601576302,0.06397675173784062,0.014062336604454816,0.5858747993579454,9.157620283047526,1.0,0.012526748081475015,2.2602421847570744,0.9127084168592108,0.19024571854058078,0.557569535360443,0.40283932672646067
"targtype1_txt_Military, attacktype1_txt_Armed Assault","weaptype1_txt_Firearms, region_txt_Central America & Caribbean",0.06110374206757627,0.03125636382649664,0.014062336604454816,0.23013871374527115,7.36293943283889,1.0,0.012152455811230244,1.2583353046446981,0.9204261592610999,0.1796007310558133,0.20529925822723485,0.34002093285432244
"weaptype1_txt_Firearms, region_txt_Central America & Caribbean","targtype1_txt_Military, attacktype1_txt_Armed Assault",0.03125636382649664,0.06110374206757627,0.014062336604454816,0.44990315196337377,7.362939432838889,1.0,0.012152455811230244,1.7067835623553886,0.892067461776423,0.1796007310558133,0.41410263020111115,0.34002093285432244
"region_txt_South America, attacktype1_txt_Bombing/Explosion",targtype1_txt_Utilities,0.04974929963509475,0.03314968820690073,0.010088556945583436,0.20278791901759044,6.117340161750793,1.0,0.008439383174168365,1.2127893378154073,0.8803258557093723,0.13855922594300402,0.17545449253264694,0.2535606538471648
targtype1_txt_Utilities,"region_txt_South America, attacktype1_txt_Bombing/Explosion",0.03314968820690073,0.04974929963509475,0.010088556945583436,0.30433338867673915,6.117340161750792,1.0,0.008439383174168365,1.3659570330066406,0.8652117610488792,0.13855922594300402,0.26791255080778337,0.2535606538471648
"weaptype1_txt_Firearms, region_txt_Western Europe",attacktype1_txt_Assassination,0.020094556142021346,0.10629035009989488,0.012416685471487306,0.6179129005751849,5.813443082974623,1.0,0.010280828064049865,2.339020739631028,0.8449640769227093,0.10894866470275752,0.5724706570332735,0.36736572949223206
attacktype1_txt_Assassination,"weaptype1_txt_Firearms, region_txt_Western Europe",0.10629035009989488,0.020094556142021346,0.012416685471487306,0.11681855840927921,5.813443082974623,1.0,0.010280828064049865,1.1095177023795313,0.9264584968211355,0.10894866470275752,0.09870748537373819,0.36736572949223206
weaptype1_txt_Unknown,attacktype1_txt_Hostage Taking (Kidnapping),0.08342185358658381,0.06141195766438624,0.027045918620074744,0.3242066371973346,5.2792102634003335,1.0,0.021922819279330832,1.3888683937987796,0.8843520125780806,0.22961543853090977,0.27998937518850264,0.38230407142175393
attacktype1_txt_Hostage Taking (Kidnapping),weaptype1_txt_Unknown,0.06141195766438624,0.08342185358658381,0.027045918620074744,0.4404015056461732,5.2792102634003335,1.0,0.021922819279330832,1.6379210374248716,0.8636139519194412,0.22961543853090977,0.38946995786061017,0.38230407142175393
"weaptype1_txt_Firearms, targtype1_txt_Government (General)",attacktype1_txt_Assassination,0.04548931977918554,0.10629035009989488,0.02232361536895058,0.49074410163339377,4.61701463182855,1.0,0.017488539643814874,1.7549323488772555,0.8207449563093158,0.17244164788912034,0.43017746488076014,0.35038447832291064
attacktype1_txt_Assassination,"weaptype1_txt_Firearms, targtype1_txt_Government (General)",0.10629035009989488,0.04548931977918554,0.02232361536895058,0.21002485501242749,4.61701463182855,1.0,0.017488539643814874,1.2082793823036424,0.8765820382740341,0.17244164788912034,0.17237684045104518,0.35038447832291064
"targtype1_txt_Private Citizens & Property, attacktype1_txt_Armed Assault","weaptype1_txt_Firearms, region_txt_Sub-Saharan Africa",0.05970576418204534,0.04127337072282061,0.011326923182766345,0.18971238938053098,4.596484029729038,1.0,0.008862665043391484,1.1831930005004372,0.8321250706217594,0.12634293081220455,0.15482934772514267,0.2320744904630352
"weaptype1_txt_Firearms, region_txt_Sub-Saharan Africa","targtype1_txt_Private Citizens & Property, attacktype1_txt_Armed Assault",0.04127337072282061,0.05970576418204534,0.011326923182766345,0.2744365915455394,4.596484029729037,1.0,0.008862665043391484,1.2959504639586181,0.8161267075424431,0.12634293081220455,0.2283655681210269,0.2320744904630352
"attacktype1_txt_Armed Assault, region_txt_South Asia","weaptype1_txt_Firearms, targtype1_txt_Police",0.06276590475037289,0.059348013935748054,0.017083950223181116,0.2721851981760786,4.586256221998507,1.0,0.013358918433366151,1.292433162539365,0.8343243553227514,0.1626578630194414,0.22626559811015223,0.28002285968342094
"weaptype1_txt_Firearms, targtype1_txt_Police","attacktype1_txt_Armed Assault, region_txt_South Asia",0.059348013935748054,0.06276590475037289,0.017083950223181116,0.2878605211907633,4.586256221998506,1.0,0.013358918433366151,1.3160822045939222,0.831292809551603,0.1626578630194414,0.24016904376535478,0.28002285968342094
"weaptype1_txt_Firearms, targtype1_txt_Military, attacktype1_txt_Armed Assault",region_txt_Central America & Caribbean,0.0543450143375291,0.05693182381075562,0.014062336604454816,0.2587603807980555,4.54509206763143,1.0,0.01096837582319762,1.2722851717027734,0.8248065800951673,0.14465266376040312,0.21401268973241147,0.2528817371894377
region_txt_Central America & Caribbean,"weaptype1_txt_Firearms, targtype1_txt_Military, attacktype1_txt_Armed Assault",0.05693182381075562,0.0543450143375291,0.014062336604454816,0.24700309358081982,4.54509206763143,1.0,0.01096837582319762,1.255855074039363,0.8270690013377028,0.14465266376040312,0.20372977688932256,0.2528817371894377
"region_txt_Sub-Saharan Africa, attacktype1_txt_Armed Assault","weaptype1_txt_Firearms, targtype1_txt_Private Citizens & Property",0.033045115057983056,0.07882613888414947,0.011326923182766345,0.3427714856762159,4.348449518502817,1.0,0.008722104353763074,1.401603614328324,0.7963483992810497,0.11265601051018174,0.28653152019787026,0.24323325016948624
"weaptype1_txt_Firearms, targtype1_txt_Private Citizens & Property","region_txt_Sub-Saharan Africa, attacktype1_txt_Armed Assault",0.07882613888414947,0.033045115057983056,0.011326923182766345,0.14369501466275658,4.348449518502816,1.0,0.008722104353763074,1.1292178622096842,0.8359257761263424,0.11265601051018174,0.11443129491135319,0.24323325016948624
"targtype1_txt_Police, attacktype1_txt_Armed Assault","weaptype1_txt_Firearms, region_txt_South Asia",0.04890170674386733,0.08348789978590024,0.017083950223181116,0.34935284186831744,4.18447275310808,1.0,0.013001249431189639,1.4086161581737202,0.8001499651865133,0.1481622911694511,0.2900833955387063,0.276990350659256
"weaptype1_txt_Firearms, region_txt_South Asia","targtype1_txt_Police, attacktype1_txt_Armed Assault",0.08348789978590024,0.04890170674386733,0.017083950223181116,0.2046278594501945,4.184472753108079,1.0,0.013001249431189639,1.1957903033901598,0.8303450287891128,0.1481622911694511,0.16373297461526387,0.276990350659256
region_txt_Central America & Caribbean,"weaptype1_txt_Firearms, targtype1_txt_Military",0.05693182381075562,0.06397675173784062,0.015042021894315073,0.26421113689095127,4.12979918039004,1.0,0.011399708736391876,1.272135656290077,0.8036083651692298,0.14208474135690147,0.213920311835064,0.24966406810136
"weaptype1_txt_Firearms, targtype1_txt_Military",region_txt_Central America & Caribbean,0.06397675173784062,0.05693182381075562,0.015042021894315073,0.23511699931176874,4.12979918039004,1.0,0.011399708736391876,1.232957426613854,0.8096566797006594,0.14208474135690147,0.18894198744042542,0.24966406810136
"weaptype1_txt_Firearms, attacktype1_txt_Armed Assault","region_txt_Central America & Caribbean, targtype1_txt_Military",0.20241508935500382,0.016869300075402743,0.014062336604454816,0.06947276830627838,4.118295838935082,1.0,0.010647735722335797,1.0565308208499478,0.949342328064635,0.06852254136830531,0.05350607832194656,0.4515389942673317
"region_txt_Central America & Caribbean, targtype1_txt_Military","weaptype1_txt_Firearms, attacktype1_txt_Armed Assault",0.016869300075402743,0.20241508935500382,0.014062336604454816,0.833605220228385,4.118295838935082,1.0,0.010647735722335797,4.793328923778262,0.7701734021315964,0.06852254136830531,0.7913767204584478,0.4515389942673317
"attacktype1_txt_Bombing/Explosion, region_txt_Western Europe","weaptype1_txt_Explosives, targtype1_txt_Business",0.04682675531534308,0.0661342609155104,0.012636839469208712,0.26986365773389753,4.08054242987097,1.0,0.009539986615357049,1.2790292511479133,0.7920223800643821,0.1259600614439324,0.21815705223120424,0.23047110982567048
"weaptype1_txt_Explosives, targtype1_txt_Business","attacktype1_txt_Bombing/Explosion, region_txt_Western Europe",0.0661342609155104,0.04682675531534308,0.012636839469208712,0.1910785619174434,4.080542429870969,1.0,0.009539986615357049,1.1783261016595512,0.8083972998184169,0.1259600614439324,0.15133849738913294,0.23047110982567048
"targtype1_txt_Military, attacktype1_txt_Armed Assault",region_txt_Central America & Caribbean,0.06110374206757627,0.05693182381075562,0.014078848154283922,0.23040893532696813,4.047102655500016,1.0,0.010600100676714814,1.225414664332045,0.8019093126779699,0.135429902583651,0.1839497036335166,0.23885102605482206
region_txt_Central America & Caribbean,"targtype1_txt_Military, attacktype1_txt_Armed Assault",0.05693182381075562,0.06110374206757627,0.014078848154283922,0.24729311678267596,4.047102655500016,1.0,0.010600100676714814,1.247359734401874,0.7983618489989449,0.135429902583651,0.19830665330918862,0.23885102605482206
"attacktype1_txt_Bombing/Explosion, targtype1_txt_Business","weaptype1_txt_Explosives, region_txt_Western Europe",0.06615627631528254,0.04764682895685532,0.012636839469208712,0.19101497504159737,4.008975607055893,1.0,0.009484702687191987,1.1772197774515218,0.8037316099571015,0.12491159349328111,0.15054094472926055,0.22811693652160728
"weaptype1_txt_Explosives, region_txt_Western Europe","attacktype1_txt_Bombing/Explosion, targtype1_txt_Business",0.04764682895685532,0.06615627631528254,0.012636839469208712,0.2652188980016172,4.008975607055893,1.0,0.009484702687191987,1.2709141826660273,0.7881106949676443,0.12491159349328111,0.21316481188188807,0.22811693652160728
"weaptype1_txt_Firearms, region_txt_Central America & Caribbean, targtype1_txt_Military",attacktype1_txt_Armed Assault,0.015042021894315073,0.23484377321936695,0.014062336604454816,0.9348701061105014,3.9808170908463545,1.0,0.010529811425945534,11.748157122424006,0.7602306975175208,0.05963077928443065,0.9148802667874373,0.49737482197413796
attacktype1_txt_Armed Assault,"weaptype1_txt_Firearms, region_txt_Central America & Caribbean, targtype1_txt_Military",0.23484377321936695,0.015042021894315073,0.014062336604454816,0.0598795378377745,3.9808170908463545,1.0,0.010529811425945534,1.0476933730815046,0.9786175221644091,0.05963077928443065,0.0455222628174381,0.49737482197413796
targtype1_txt_Military,"weaptype1_txt_Firearms, region_txt_Central America & Caribbean, attacktype1_txt_Armed Assault",0.15401973680589573,0.022945550412513553,0.014062336604454816,0.0913021726700972,3.9790796485014703,1.0,0.010528268969053067,1.075224810934611,0.88499180914225,0.08632340022974525,0.06996193741960226,0.35207948643099485
"weaptype1_txt_Firearms, region_txt_Central America & Caribbean, attacktype1_txt_Armed Assault",targtype1_txt_Military,0.022945550412513553,0.15401973680589573,0.014062336604454816,0.6128568001918925,3.97907964850147,1.0,0.010528268969053067,2.1851869375813013,0.7662680456947747,0.08632340022974525,0.5423732483469532,0.35207948643099485
"region_txt_Central America & Caribbean, attacktype1_txt_Armed Assault",targtype1_txt_Military,0.024002289601576302,0.15401973680589573,0.014078848154283922,0.5865627149736299,3.8083607149183027,1.0,0.010382021827110252,2.046211829056843,0.7555548780280793,0.08587638902877094,0.5112920442548081,0.33898604588018255
targtype1_txt_Military,"region_txt_Central America & Caribbean, attacktype1_txt_Armed Assault",0.15401973680589573,0.024002289601576302,0.014078848154283922,0.09140937678673527,3.8083607149183027,1.0,0.010382021827110252,1.0741886229760673,0.8716749824062621,0.08587638902877094,0.06906480052872453,0.33898604588018255
"region_txt_Middle East & North Africa, attacktype1_txt_Armed Assault","weaptype1_txt_Firearms, targtype1_txt_Military",0.051037200521764976,0.06397675173784062,0.012009400575702704,0.2353068047018225,3.678004873802377,1.0,0.008744206268527357,1.2240507095099427,0.7672729274864906,0.1165909698103126,0.18304038204401107,0.21151093848305164
"weaptype1_txt_Firearms, targtype1_txt_Military","region_txt_Middle East & North Africa, attacktype1_txt_Armed Assault",0.06397675173784062,0.051037200521764976,0.012009400575702704,0.1877150722642808,3.678004873802377,1.0,0.008744206268527357,1.1682634591331291,0.7778796804281004,0.1165909698103126,0.14402869302955285,0.21151093848305164
attacktype1_txt_Armed Assault,"weaptype1_txt_Firearms, targtype1_txt_Military",0.23484377321936695,0.06397675173784062,0.0543450143375291,0.2314092198082917,3.61708297971338,1.0,0.039320472561095915,1.2178434511388345,0.9456031365870728,0.22229226232017826,0.17887639904383762,0.5404293174058664
"weaptype1_txt_Firearms, targtype1_txt_Military",attacktype1_txt_Armed Assault,0.06397675173784062,0.23484377321936695,0.0543450143375291,0.8494494150034411,3.61708297971338,1.0,0.039320472561095915,5.082386274341757,0.7729873476606752,0.22229226232017826,0.8032420311993081,0.5404293174058664
"weaptype1_txt_Firearms, targtype1_txt_Police, region_txt_South Asia",attacktype1_txt_Armed Assault,0.020237656240540258,0.23484377321936695,0.017083950223181116,0.8441664400326354,3.594587280132404,1.0,0.012331262670536174,4.9100862929710125,0.7367132956153455,0.07178206373433238,0.7963375915752152,0.4584562308672868
attacktype1_txt_Armed Assault,"weaptype1_txt_Firearms, targtype1_txt_Police, region_txt_South Asia",0.23484377321936695,0.020237656240540258,0.017083950223181116,0.07274602170193818,3.594587280132404,1.0,0.012331262670536174,1.0566278136199263,0.9433419214632943,0.07178206373433238,0.05359296139094032,0.4584562308672868
attacktype1_txt_Armed Assault,"region_txt_Central America & Caribbean, targtype1_txt_Military",0.23484377321936695,0.016869300075402743,0.014078848154283922,0.05994984649276993,3.5537838692064803,1.0,0.010117198073006591,1.0458279233896597,0.9391674037585178,0.059245877339262565,0.04381975501392777,0.4472669297716705
"region_txt_Central America & Caribbean, targtype1_txt_Military",attacktype1_txt_Armed Assault,0.016869300075402743,0.23484377321936695,0.014078848154283922,0.8345840130505711,3.5537838692064803,1.0,0.010117198073006591,4.625648589906591,0.7309402371732933,0.059245877339262565,0.7838141007550697,0.4472669297716705
"region_txt_Middle East & North Africa, attacktype1_txt_Armed Assault","targtype1_txt_Police, weaptype1_txt_Firearms",0.051037200521764976,0.059348013935748054,0.010699484289260338,0.20964089291491428,3.532399469034934,1.0,0.007670527801453063,1.1901577113895223,0.7554630281218669,0.1073321554770318,0.1597752210230281,0.19496233646951316
"targtype1_txt_Police, weaptype1_txt_Firearms","region_txt_Middle East & North Africa, attacktype1_txt_Armed Assault",0.059348013935748054,0.051037200521764976,0.010699484289260338,0.18028378002411205,3.532399469034934,1.0,0.007670527801453063,1.157672346054283,0.7621376669478085,0.1073321554770318,0.13619773037827224,0.19496233646951316
"weaptype1_txt_Explosives, targtype1_txt_Business","attacktype1_txt_Bombing/Explosion, region_txt_South America",0.0661342609155104,0.04974929963509475,0.011596611829975068,0.17534953395472702,3.5246633669397394,1.0,0.008306478667543804,1.1523072374189829,0.7670106443898826,0.11119907114207303,0.13217589239492336,0.20422527035163057
"attacktype1_txt_Bombing/Explosion, region_txt_South America","weaptype1_txt_Explosives, targtype1_txt_Business",0.04974929963509475,0.0661342609155104,0.011596611829975068,0.23310100674853412,3.5246633669397394,1.0,0.008306478667543804,1.217716736235531,0.7537852506015184,0.11119907114207303,0.17879095339412357,0.20422527035163057
attacktype1_txt_Armed Assault,"region_txt_Middle East & North Africa, targtype1_txt_Military, weaptype1_txt_Firearms",0.23484377321936695,0.01456869079921405,0.012009400575702704,0.051137828400009376,3.510118315007973,1.0,0.008588034257549003,1.0385399889418414,0.9345925618324611,0.05058654425743034,0.037109778489232276,0.4377336289714441
"region_txt_Middle East & North Africa, targtype1_txt_Military, weaptype1_txt_Firearms",attacktype1_txt_Armed Assault,0.01456869079921405,0.23484377321936695,0.012009400575702704,0.8243294295428788,3.510118315007973,1.0,0.008588034257549003,4.355631252232982,0.7256815482846252,0.05058654425743034,0.7704121533503703,0.4377336289714441
"attacktype1_txt_Bombing/Explosion, targtype1_txt_Business","region_txt_South America, weaptype1_txt_Explosives",0.06615627631528254,0.050074026781733824,0.011596611829975068,0.1752911813643927,3.500640803833576,1.0,0.008283900677983827,1.1518319578415777,0.7649438520703726,0.11083057177423597,0.13181780276881375,0.20344027083167976
"region_txt_South America, weaptype1_txt_Explosives","attacktype1_txt_Bombing/Explosion, targtype1_txt_Business",0.050074026781733824,0.06615627631528254,0.011596611829975068,0.2315893602989668,3.5006408038335755,1.0,0.008283900677983827,1.2152925472870204,0.7519933503944666,0.11083057177423597,0.17715285736560504,0.20344027083167976
"attacktype1_txt_Bombing/Explosion, region_txt_South Asia","weaptype1_txt_Explosives, targtype1_txt_Unknown",0.11693479588972486,0.029544666494212703,0.011937850526443246,0.10208980513979102,3.4554394161053965,1.0,0.008483050980312492,1.0807933121383844,0.8046984555877548,0.0887298015954183,0.07475371213995775,0.2530754539856928
"weaptype1_txt_Explosives, targtype1_txt_Unknown","attacktype1_txt_Bombing/Explosion, region_txt_South Asia",0.029544666494212703,0.11693479588972486,0.011937850526443246,0.4040611028315946,3.4554394161053965,1.0,0.008483050980312492,1.4818049439399676,0.732234840076322,0.0887298015954183,0.32514734541166906,0.2530754539856928
"targtype1_txt_Police, attacktype1_txt_Armed Assault","region_txt_Middle East & North Africa, weaptype1_txt_Firearms",0.04890170674386733,0.06536922577342852,0.010699484289260338,0.2187957231288689,3.3470753330813605,1.0,0.007502817580414482,1.196397410892247,0.737286258564696,0.10330534594537145,0.16415733526686446,0.19123670975842283
"region_txt_Middle East & North Africa, weaptype1_txt_Firearms","targtype1_txt_Police, attacktype1_txt_Armed Assault",0.06536922577342852,0.04890170674386733,0.010699484289260338,0.16367769638797675,3.34707533308136,1.0,0.007502817580414482,1.137238943823929,0.7502767097973715,0.10330534594537145,0.12067731638037964,0.19123670975842283
attacktype1_txt_Armed Assault,"region_txt_Middle East & North Africa, targtype1_txt_Police, weaptype1_txt_Firearms",0.23484377321936695,0.013935748055765008,0.010699484289260338,0.045560008437038606,3.2692904790418567,1.0,0.007426760633210027,1.0331338383353852,0.9071653727067978,0.044940703238782166,0.03207119649548156,0.4066662601426899
"region_txt_Middle East & North Africa, targtype1_txt_Police, weaptype1_txt_Firearms",attacktype1_txt_Armed Assault,0.013935748055765008,0.23484377321936695,0.010699484289260338,0.7677725118483413,3.2692904790418567,1.0,0.007426760633210027,3.2948564051166045,0.7039330675235096,0.044940703238782166,0.6964966368649348,0.4066662601426899
"attacktype1_txt_Bombing/Explosion, targtype1_txt_Unknown","weaptype1_txt_Explosives, region_txt_South Asia",0.029588697293756985,0.12421088551441734,0.011937850526443246,0.4034598214285714,3.2481840843308474,1.0,0.008262612234367648,1.468114212495944,0.7132395029344601,0.08415130940834141,0.31885408404302684,0.24978467852711803
"weaptype1_txt_Explosives, region_txt_South Asia","attacktype1_txt_Bombing/Explosion, targtype1_txt_Unknown",0.12421088551441734,0.029588697293756985,0.011937850526443246,0.09610953562566465,3.2481840843308474,1.0,0.008262612234367648,1.0735939153622478,0.790299472482855,0.08415130940834141,0.06854911741691085,0.24978467852711803
"attacktype1_txt_Bombing/Explosion, targtype1_txt_Utilities",region_txt_South America,0.030006989889427654,0.10445206421892113,0.010088556945583436,0.33620689655172414,3.218767374927775,1.0,0.006954264910636422,1.349137150007859,0.7106464255052253,0.08111696242864097,0.25878551339708145,0.21639620831380074
region_txt_South America,"attacktype1_txt_Bombing/Explosion, targtype1_txt_Utilities",0.10445206421892113,0.030006989889427654,0.010088556945583436,0.09658552007587734,3.218767374927775,1.0,0.006954264910636422,1.0736965497741875,0.7697210142067038,0.08111696242864097,0.0686381545974854,0.21639620831380074
"weaptype1_txt_Incendiary, attacktype1_txt_Facility/Infrastructure Attack",region_txt_Western Europe,0.045759008426394264,0.09157855920216192,0.013484432360436125,0.29468366610536445,3.217823786186055,1.0,0.009293888298227353,1.287963140994752,0.7222818647060617,0.10887437230591478,0.22358026548208915,0.220964045926052
region_txt_Western Europe,"weaptype1_txt_Incendiary, attacktype1_txt_Facility/Infrastructure Attack",0.09157855920216192,0.045759008426394264,0.013484432360436125,0.14724442574673957,3.2178237861860546,1.0,0.009293888298227353,1.1190087996894231,0.7587127866196282,0.10887437230591478,0.10635197839592828,0.220964045926052
targtype1_txt_Unknown,"attacktype1_txt_Bombing/Explosion, weaptype1_txt_Explosives, region_txt_South Asia",0.032461706964021335,0.11598813369952282,0.011937850526443246,0.3677517802644964,3.170598306350793,1.0,0.008172677718985609,1.398203804623281,0.707571080059512,0.08744909889932669,0.28479668221942017,0.2353374066929391
"attacktype1_txt_Bombing/Explosion, weaptype1_txt_Explosives, region_txt_South Asia",targtype1_txt_Unknown,0.11598813369952282,0.032461706964021335,0.011937850526443246,0.10292303312138179,3.170598306350793,1.0,0.008172677718985609,1.0785454634985567,0.7744263862287416,0.08744909889932669,0.07282536170869702,0.2353374066929391
attacktype1_txt_Armed Assault,"weaptype1_txt_Firearms, targtype1_txt_Police",0.23484377321936695,0.059348013935748054,0.04412436499331282,0.1878881623661206,3.1658711034464266,1.0,0.030186853467566173,1.1582788754870013,0.8941065190219111,0.17644987344558155,0.13665005797541846,0.4656866389128201
"weaptype1_txt_Firearms, targtype1_txt_Police",attacktype1_txt_Armed Assault,0.059348013935748054,0.23484377321936695,0.04412436499331282,0.7434851154595196,3.1658711034464266,1.0,0.030186853467566173,2.98289211618784,0.7272946643074878,0.17644987344558155,0.6647548885281146,0.4656866389128201
targtype1_txt_Unknown,"attacktype1_txt_Bombing/Explosion, region_txt_South Asia",0.032461706964021335,0.11693479588972486,0.011948858226329318,0.36809087826381826,3.1478301686261605,1.0,0.008152955148259422,1.3974560165930783,0.7052132807795487,0.08693388859968766,0.2844139721563863,0.23513740938513328
"attacktype1_txt_Bombing/Explosion, region_txt_South Asia",targtype1_txt_Unknown,0.11693479588972486,0.032461706964021335,0.011948858226329318,0.10218394050644829,3.1478301686261605,1.0,0.008152955148259422,1.0776575923377407,0.7726732417219558,0.08693388859968766,0.07206147192753463,0.23513740938513328
"weaptype1_txt_Firearms, region_txt_Central America & Caribbean",attacktype1_txt_Armed Assault,0.03125636382649664,0.23484377321936695,0.022945550412513553,0.7341081176263426,3.1259424406395233,1.0,0.015605187994381754,2.877696829064381,0.7020396846293222,0.09436610154145635,0.6524998777146626,0.4159068559258292
attacktype1_txt_Armed Assault,"weaptype1_txt_Firearms, region_txt_Central America & Caribbean",0.23484377321936695,0.03125636382649664,0.022945550412513553,0.0977055942253158,3.125942440639523,1.0,0.015605187994381754,1.0736447327762912,0.8888334865774931,0.09436610154145635,0.06859320455646123,0.4159068559258292
targtype1_txt_Military,"weaptype1_txt_Firearms, region_txt_Central America & Caribbean",0.15401973680589573,0.03125636382649664,0.015042021894315073,0.09766295025728987,3.1245781114980193,1.0,0.010227924964248741,1.0735939928984721,0.8037501846874944,0.08836081474296799,0.06854918468739206,0.28945482430983877
"weaptype1_txt_Firearms, region_txt_Central America & Caribbean",targtype1_txt_Military,0.03125636382649664,0.15401973680589573,0.015042021894315073,0.48124669836238765,3.1245781114980193,1.0,0.010227924964248741,1.6307949472774328,0.7018954937036151,0.08836081474296799,0.3868021226890159,0.28945482430983877
"region_txt_South America, weaptype1_txt_Firearms",attacktype1_txt_Assassination,0.03591262087830437,0.10629035009989488,0.011849788927354684,0.3299616858237548,3.104342826170455,1.0,0.008032623881194918,1.3338187249767124,0.7031215679327556,0.09090525249113325,0.25027293343969254,0.22072338640814915
attacktype1_txt_Assassination,"region_txt_South America, weaptype1_txt_Firearms",0.10629035009989488,0.03591262087830437,0.011849788927354684,0.11148508699254349,3.104342826170455,1.0,0.008032623881194918,1.0850548088815306,0.7584908921012511,0.09090525249113325,0.07838756916731683,0.22072338640814915
"region_txt_Central America & Caribbean, targtype1_txt_Military, attacktype1_txt_Armed Assault",weaptype1_txt_Firearms,0.014078848154283922,0.3221073140661893,0.014062336604454816,0.9988272087568413,3.100914400694403,1.0,0.009527436640332695,578.016496872894,0.6871893117100685,0.04365506518359048,0.9982699455717785,0.521242255871825
weaptype1_txt_Firearms,"region_txt_Central America & Caribbean, targtype1_txt_Military, attacktype1_txt_Armed Assault",0.3221073140661893,0.014078848154283922,0.014062336604454816,0.04365730298680883,3.100914400694403,1.0,0.009527436640332695,1.0309287193020902,0.999442082494172,0.04365506518359048,0.030000831990623075,0.521242255871825
targtype1_txt_Utilities,region_txt_South America,0.03314968820690073,0.10445206421892113,0.010622430390057846,0.3204383197741989,3.067802653498471,1.0,0.007159877028633438,1.3178317168847882,0.6971438940224146,0.08365480473321486,0.24117777164758794,0.21106751060898796
region_txt_South America,targtype1_txt_Utilities,0.10445206421892113,0.03314968820690073,0.010622430390057846,0.10169670144377702,3.067802653498471,1.0,0.007159877028633438,1.07630720420046,0.7526495951468508,0.08365480473321486,0.07089723445374962,0.21106751060898796
"region_txt_Middle East & North Africa, attacktype1_txt_Bombing/Explosion","weaptype1_txt_Explosives, targtype1_txt_Private Citizens & Property",0.1701129940393305,0.11337930882652415,0.058494917194577604,0.34385919503041285,3.032821407974308,1.0,0.03920762350798769,1.3512658936286879,0.8076690185324439,0.25998043052837577,0.2599532003915224,0.4298907625637501
"weaptype1_txt_Explosives, targtype1_txt_Private Citizens & Property","region_txt_Middle East & North Africa, attacktype1_txt_Bombing/Explosion",0.11337930882652415,0.1701129940393305,0.058494917194577604,0.5159223300970873,3.0328214079743074,1.0,0.03920762350798769,1.7143674611702557,0.7559873464152405,0.25998043052837577,0.416694481988486,0.4298907625637501
"weaptype1_txt_Firearms, region_txt_Sub-Saharan Africa, targtype1_txt_Private Citizens & Property",attacktype1_txt_Armed Assault,0.01596666868474498,0.23484377321936695,0.011326923182766345,0.7094105480868665,3.0207764862652247,1.0,0.007577250463097327,2.6331176914479433,0.6798136468717391,0.04729729729729729,0.6202220647987431,0.37882114270686573
attacktype1_txt_Armed Assault,"weaptype1_txt_Firearms, region_txt_Sub-Saharan Africa, targtype1_txt_Private Citizens & Property",0.23484377321936695,0.01596666868474498,0.011326923182766345,0.048231737326864935,3.0207764862652247,1.0,0.007577250463097327,1.0339001308485538,0.8742780417789864,0.04729729729729729,0.03278859324713584,0.37882114270686573
"targtype1_txt_Military, attacktype1_txt_Armed Assault","region_txt_Middle East & North Africa, weaptype1_txt_Firearms",0.06110374206757627,0.06536922577342852,0.012009400575702704,0.19654116375427852,3.0066313533450044,1.0,0.00801509626488597,1.1632590645138337,0.7108366371263238,0.1049189786988508,0.14034626464059863,0.19012879523067971
"region_txt_Middle East & North Africa, weaptype1_txt_Firearms","targtype1_txt_Military, attacktype1_txt_Armed Assault",0.06536922577342852,0.06110374206757627,0.012009400575702704,0.1837164267070809,3.0066313533450044,1.0,0.00801509626488597,1.1502084430596593,0.7140807653711853,0.1049189786988508,0.13059236694532614,0.19012879523067971
region_txt_Western Europe,weaptype1_txt_Incendiary,0.09157855920216192,0.06128536911569643,0.01681976542591543,0.18366488370695355,2.996879783170193,1.0,0.011207339622127277,1.149913328667005,0.7334917308465566,0.12363459826846833,0.13036924168953365,0.2290574081758836
weaptype1_txt_Incendiary,region_txt_Western Europe,0.06128536911569643,0.09157855920216192,0.01681976542591543,0.27444993264481365,2.9968797831701925,1.0,0.011207339622127277,1.2520451470830458,0.7098212737147087,0.12363459826846833,0.20130675612636528,0.2290574081758836
"attacktype1_txt_Bombing/Explosion, targtype1_txt_Private Citizens & Property","region_txt_Middle East & North Africa, weaptype1_txt_Explosives",0.11086955325250013,0.17768078771100385,0.058494917194577604,0.5276012708498808,2.96937714902536,1.0,0.03879552763950629,1.7407312118904517,0.7459299589789752,0.25426445608746623,0.42552877022639823,0.4284073944002525
"region_txt_Middle East & North Africa, weaptype1_txt_Explosives","attacktype1_txt_Bombing/Explosion, targtype1_txt_Private Citizens & Property",0.17768078771100385,0.11086955325250013,0.058494917194577604,0.32921351795062415,2.9693771490253598,1.0,0.03879552763950629,1.325504419872987,0.8065347711178552,0.25426445608746623,0.24557022594023317,0.4284073944002525
"region_txt_Central America & Caribbean, attacktype1_txt_Armed Assault",weaptype1_txt_Firearms,0.024002289601576302,0.3221073140661893,0.022945550412513553,0.9559734005961935,2.967872379326823,1.0,0.015214237377510986,15.397343767486182,0.6793645938920457,0.0710027931057974,0.9350537329619378,0.5136045664726576
weaptype1_txt_Firearms,"region_txt_Central America & Caribbean, attacktype1_txt_Armed Assault",0.3221073140661893,0.024002289601576302,0.022945550412513553,0.07123573234912173,2.967872379326823,1.0,0.015214237377510986,1.0508562230403338,0.9781168936068628,0.0710027931057974,0.04839503437796355,0.5136045664726576
targtype1_txt_Unknown,"weaptype1_txt_Explosives, region_txt_South Asia",0.032461706964021335,0.12421088551441734,0.011965369776158422,0.36859952526280093,2.967529969183072,1.0,0.007933272408847804,1.3870580551116989,0.6852642574710908,0.08268674882093412,0.2790496430090154,0.23246530676468652
"weaptype1_txt_Explosives, region_txt_South Asia",targtype1_txt_Unknown,0.12421088551441734,0.032461706964021335,0.011965369776158422,0.09633108826657213,2.967529969183072,1.0,0.007933272408847804,1.0706778560966934,0.7570537233059673,0.08268674882093412,0.06601225167237464,0.23246530676468652
"weaptype1_txt_Firearms, region_txt_Sub-Saharan Africa",attacktype1_txt_Armed Assault,0.04127337072282061,0.23484377321936695,0.028009092360105892,0.6786238165088678,2.8896819668919522,1.0,0.01831629824607695,2.3808740849078704,0.6820934522656626,0.11289070298808758,0.5799861881235538,0.3989453657997244
attacktype1_txt_Armed Assault,"weaptype1_txt_Firearms, region_txt_Sub-Saharan Africa",0.23484377321936695,0.04127337072282061,0.028009092360105892,0.11926691509058097,2.889681966891952,1.0,0.01831629824607695,1.088555256642575,0.8546505059419395,0.11289070298808758,0.08135118185521004,0.3989453657997244
"targtype1_txt_Police, attacktype1_txt_Armed Assault, region_txt_South Asia",weaptype1_txt_Firearms,0.018558982007914535,0.3221073140661893,0.017083950223181116,0.9205219454329776,2.8578113729010854,1.0,0.011105966376809034,8.529306481226918,0.6623748774566697,0.05279629881616546,0.8827571734934124,0.4867800076423312
weaptype1_txt_Firearms,"targtype1_txt_Police, attacktype1_txt_Armed Assault, region_txt_South Asia",0.3221073140661893,0.018558982007914535,0.017083950223181116,0.05303806985168478,2.8578113729010854,1.0,0.011105966376809034,1.0364102153909927,0.9589746098646219,0.05279629881616546,0.03513108501854799,0.4867800076423312
"region_txt_Southeast Asia, attacktype1_txt_Armed Assault",weaptype1_txt_Firearms,0.022136484470887386,0.3221073140661893,0.020364244789230067,0.9199403281949279,2.856005709966247,1.0,0.01323392123344462,8.467342803806789,0.6645719302200735,0.0628759813751147,0.8818991951583187,0.4915811271211807
weaptype1_txt_Firearms,"region_txt_Southeast Asia, attacktype1_txt_Armed Assault",0.3221073140661893,0.022136484470887386,0.020364244789230067,0.06322192604743353,2.856005709966247,1.0,0.01323392123344462,1.0438582442511635,0.958648260250475,0.0628759813751147,0.042015517425573655,0.4915811271211807
"weaptype1_txt_Firearms, region_txt_South Asia",attacktype1_txt_Armed Assault,0.08348789978590024,0.23484377321936695,0.05507702637995278,0.6597007053859846,2.809104522306239,1.0,0.03547041297607159,2.2484802022540533,0.7026799427787201,0.20921578056072418,0.5552551456768348,0.44711347111620353
attacktype1_txt_Armed Assault,"weaptype1_txt_Firearms, region_txt_South Asia",0.23484377321936695,0.08348789978590024,0.05507702637995278,0.23452623684642246,2.809104522306239,1.0,0.03547041297607159,1.1973135387923406,0.8416773563277613,0.20921578056072418,0.16479688268735268,0.44711347111620353
weaptype1_txt_Firearms,"attacktype1_txt_Armed Assault, targtype1_txt_Government (General)",0.3221073140661893,0.018993786153414315,0.017183019522155746,0.053345635978402015,2.808583583469093,1.0,0.011064982080331884,1.0362876368932092,0.9499271123412919,0.05304742324095627,0.03501695436799731,0.4790054751900123
"attacktype1_txt_Armed Assault, targtype1_txt_Government (General)",weaptype1_txt_Firearms,0.018993786153414315,0.3221073140661893,0.017183019522155746,0.9046653144016226,2.808583583469093,1.0,0.011064982080331884,7.110661577986556,0.6564164757952194,0.05304742324095627,0.8593661097448603,0.4790054751900123
weaptype1_txt_Firearms,"targtype1_txt_Police, attacktype1_txt_Armed Assault",0.3221073140661893,0.04890170674386733,0.04412436499331282,0.1369865354384526,2.801262871170275,1.0,0.028372767580793257,1.1020665752177305,0.948554489652201,0.13498450969827583,0.09261380166399252,0.5196468974322257
"targtype1_txt_Police, attacktype1_txt_Armed Assault",weaptype1_txt_Firearms,0.04890170674386733,0.3221073140661893,0.04412436499331282,0.9023072594259989,2.8012628711702745,1.0,0.028372767580793257,6.93902824253676,0.6760795969294622,0.13498450969827583,0.8558876019743045,0.5196468974322257
"region_txt_Middle East & North Africa, weaptype1_txt_Firearms",attacktype1_txt_Armed Assault,0.06536922577342852,0.23484377321936695,0.04293553340561723,0.6568156941988718,2.7968197120787273,1.0,0.02758397777255659,2.2295781416765403,0.6873848479387796,0.1668841587335544,0.5514846592243472,0.4198208167026607
attacktype1_txt_Armed Assault,"region_txt_Middle East & North Africa, weaptype1_txt_Firearms",0.23484377321936695,0.06536922577342852,0.04293553340561723,0.18282593920644966,2.7968197120787273,1.0,0.02758397777255659,1.1437352445071005,0.8396338030518617,0.1668841587335544,0.12567178042068997,0.4198208167026607
attacktype1_txt_Armed Assault,"weaptype1_txt_Firearms, region_txt_Southeast Asia",0.23484377321936695,0.031008690579060052,0.020364244789230067,0.08671400782769692,2.7964421008558897,1.0,0.013082046891051767,1.0609943848105439,0.8395707037618388,0.08295406138600543,0.05748794308787541,0.3717205111910938
"weaptype1_txt_Firearms, region_txt_Southeast Asia",attacktype1_txt_Armed Assault,0.031008690579060052,0.23484377321936695,0.020364244789230067,0.6567270145544907,2.7964421008558897,1.0,0.013082046891051767,2.229002162193427,0.6629602820585286,0.08295406138600543,0.5513687617889252,0.3717205111910938
attacktype1_txt_Facility/Infrastructure Attack,region_txt_Western Europe,0.056997870010072046,0.09157855920216192,0.014480629200125487,0.2540556199304751,2.7741823211003034,1.0,0.009260846387010975,1.2178139082074317,0.6781887384530342,0.10798719422098177,0.17885647941732274,0.20608905162639507
region_txt_Western Europe,attacktype1_txt_Facility/Infrastructure Attack,0.09157855920216192,0.056997870010072046,0.014480629200125487,0.15812248332231504,2.7741823211003034,1.0,0.009260846387010975,1.1201179640849808,0.7040052074670445,0.10798719422098177,0.10723688748542179,0.20608905162639507
weaptype1_txt_Firearms,"region_txt_Central America & Caribbean, targtype1_txt_Military",0.3221073140661893,0.016869300075402743,0.015042021894315073,0.046698790239901575,2.7682707658981918,1.0,0.00960829695685053,1.0312907293718903,0.9422784359685779,0.04643536767704227,0.030341327116309817,0.4691895256256604
"region_txt_Central America & Caribbean, targtype1_txt_Military",weaptype1_txt_Firearms,0.016869300075402743,0.3221073140661893,0.015042021894315073,0.8916802610114193,2.7682707658981918,1.0,0.00960829695685053,6.258256272250393,0.6497240498188496,0.04643536767704227,0.8402110817298934,0.4691895256256604
weaptype1_txt_Firearms,"targtype1_txt_Military, attacktype1_txt_Armed Assault",0.3221073140661893,0.06110374206757627,0.0543450143375291,0.16871710751144828,2.7611583481230904,1.0,0.03466305210074889,1.129454565246396,0.9409057966634434,0.16524969875485335,0.11461688608798076,0.5290532033684066
"targtype1_txt_Military, attacktype1_txt_Armed Assault",weaptype1_txt_Firearms,0.06110374206757627,0.3221073140661893,0.0543450143375291,0.8893892992253648,2.7611583481230904,1.0,0.03466305210074889,6.128635667131244,0.6793435934183703,0.16524969875485335,0.8368315471315836,0.5290532033684066
"region_txt_Middle East & North Africa, attacktype1_txt_Armed Assault, targtype1_txt_Police",weaptype1_txt_Firearms,0.01204792752530395,0.3221073140661893,0.010699484289260338,0.8880767473732298,2.7570834581879144,1.0,0.006818758714020572,6.056763630649438,0.6450696377948814,0.03307866392145519,0.8348953234794182,0.4606469445293461
weaptype1_txt_Firearms,"region_txt_Middle East & North Africa, attacktype1_txt_Armed Assault, targtype1_txt_Police",0.3221073140661893,0.01204792752530395,0.010699484289260338,0.03321714168546237,2.7570834581879144,1.0,0.006818758714020572,1.0218965551344843,0.9401161847203943,0.03307866392145519,0.021427369555622466,0.4606469445293461
weaptype1_txt_Firearms,"attacktype1_txt_Armed Assault, region_txt_South Asia",0.3221073140661893,0.06276590475037289,0.05507702637995278,0.17098967944774793,2.724244637718412,1.0,0.0348596693858759,1.1305457507757934,0.9336666173457093,0.16700322090752823,0.11547144437649833,0.5242444012812223
"attacktype1_txt_Armed Assault, region_txt_South Asia",weaptype1_txt_Firearms,0.06276590475037289,0.3221073140661893,0.05507702637995278,0.8774991231146966,2.724244637718412,1.0,0.0348596693858759,5.533778232204135,0.6753123624153281,0.16700322090752823,0.8192916380023247,0.5242444012812223
weaptype1_txt_Firearms,attacktype1_txt_Armed Assault,0.3221073140661893,0.23484377321936695,0.20241508935500382,0.6284088579044494,2.6758591436761425,1.0,0.12677019233814424,2.059134731968077,0.9238752154173843,0.5709295827123695,0.514359121588794,0.7451613297467126
attacktype1_txt_Armed Assault,weaptype1_txt_Firearms,0.23484377321936695,0.3221073140661893,0.20241508935500382,0.8619138015889756,2.6758591436761425,1.0,0.12677019233814424,4.909199425680543,0.8185102980629897,0.5709295827123695,0.7963007991142316,0.7451613297467126
targtype1_txt_Business,"weaptype1_txt_Incendiary, attacktype1_txt_Facility/Infrastructure Attack",0.11375907447259358,0.045759008426394264,0.013913732655992868,0.12230877159030433,2.6728894658424323,1.0,0.008708230208622644,1.087217190608834,0.7062109476274095,0.09555849555849556,0.0802205772335084,0.21318710169604224
"weaptype1_txt_Incendiary, attacktype1_txt_Facility/Infrastructure Attack",targtype1_txt_Business,0.045759008426394264,0.11375907447259358,0.013913732655992868,0.30406543180178014,2.6728894658424323,1.0,0.008708230208622644,1.2734543821007358,0.65588572422444,0.09555849555849556,0.21473433673347264,0.21318710169604224
attacktype1_txt_Armed Assault,"weaptype1_txt_Firearms, targtype1_txt_Private Citizens & Property",0.23484377321936695,0.07882613888414947,0.04921542619062034,0.20956666432304483,2.658593548912047,1.0,0.03070359830675282,1.1654036077905603,0.8153384218394658,0.18610168786030928,0.14192817551349615,0.4169604024031088
"weaptype1_txt_Firearms, targtype1_txt_Private Citizens & Property",attacktype1_txt_Armed Assault,0.07882613888414947,0.23484377321936695,0.04921542619062034,0.6243541404831727,2.658593548912047,1.0,0.03070359830675282,2.036908453522719,0.6772459540354918,0.18610168786030928,0.5090599195704862,0.4169604024031088
"attacktype1_txt_Armed Assault, targtype1_txt_Business",weaptype1_txt_Firearms,0.01314869751391098,0.3221073140661893,0.011255373133506889,0.8560066973629135,2.657520211375933,1.0,0.007020081493832242,4.707807054348474,0.6320195872835763,0.03473873751443909,0.7875868767654088,0.4454748133797002
weaptype1_txt_Firearms,"attacktype1_txt_Armed Assault, targtype1_txt_Business",0.3221073140661893,0.01314869751391098,0.011255373133506889,0.03494292939648691,2.6575202113759326,1.0,0.007020081493832242,1.022583360659641,0.9200709284071205,0.03473873751443909,0.022084615815646805,0.4454748133797002
"region_txt_South America, attacktype1_txt_Armed Assault",weaptype1_txt_Firearms,0.02132741852926122,0.3221073140661893,0.018195727911674217,0.8531612903225807,2.648686487594833,1.0,0.011326010413248409,4.616580242519363,0.6360190170274915,0.05594571269016635,0.7833894468485878,0.4548254677981573
weaptype1_txt_Firearms,"region_txt_South America, attacktype1_txt_Armed Assault",0.3221073140661893,0.02132741852926122,0.018195727911674217,0.05648964527373385,2.6486864875948326,1.0,0.011326010413248409,1.0372674518815155,0.9182196329516871,0.05594571269016635,0.035928488659231886,0.4548254677981573
targtype1_txt_Government (General),attacktype1_txt_Assassination,0.11713843833761717,0.10629035009989488,0.032924030359236287,0.28106939811116854,2.6443548059349795,1.0,0.02047334473817601,1.243109762683742,0.7043413689108154,0.17282523907202496,0.1955658059984131,0.2954124952444824
attacktype1_txt_Assassination,targtype1_txt_Government (General),0.10629035009989488,0.11713843833761717,0.032924030359236287,0.3097555923777962,2.6443548059349795,1.0,0.02047334473817601,1.2790564500243014,0.6957918838288577,0.17282523907202496,0.2181736779631575,0.2954124952444824
weaptype1_txt_Firearms,"region_txt_Sub-Saharan Africa, attacktype1_txt_Armed Assault",0.3221073140661893,0.033045115057983056,0.028009092360105892,0.08695577882578087,2.6314261176940295,1.0,0.017365019105770783,1.059044964655125,0.9145664837189845,0.08561718736856272,0.05575302902682015,0.4672786888799124
"region_txt_Sub-Saharan Africa, attacktype1_txt_Armed Assault",weaptype1_txt_Firearms,0.033045115057983056,0.3221073140661893,0.028009092360105892,0.847601598934044,2.6314261176940295,1.0,0.017365019105770783,4.448161405843278,0.6411653116065285,0.08561718736856272,0.7751880139316975,0.4672786888799124
weaptype1_txt_Firearms,"targtype1_txt_Private Citizens & Property, region_txt_Sub-Saharan Africa, attacktype1_txt_Armed Assault",0.3221073140661893,0.013456913110720949,0.011326923182766345,0.03516506048800492,2.613159511299019,1.0,0.006992353045049931,1.0224993379574996,0.910647803530919,0.034934053063095175,0.022004256748413366,0.43844142594952396
"targtype1_txt_Private Citizens & Property, region_txt_Sub-Saharan Africa, attacktype1_txt_Armed Assault",weaptype1_txt_Firearms,0.013456913110720949,0.3221073140661893,0.011326923182766345,0.841717791411043,2.613159511299019,1.0,0.006992353045049931,4.282810380124464,0.6257420417610028,0.034934053063095175,0.7665084579413626,0.43844142594952396
weaptype1_txt_Firearms,"region_txt_Middle East & North Africa, attacktype1_txt_Armed Assault",0.3221073140661893,0.051037200521764976,0.04293553340561723,0.13329574191784568,2.611736940018904,1.0,0.026496077828094,1.0949095849351227,0.9103403229193373,0.13002533502233482,0.08668257748492211,0.4872776563573915
"region_txt_Middle East & North Africa, attacktype1_txt_Armed Assault",weaptype1_txt_Firearms,0.051037200521764976,0.3221073140661893,0.04293553340561723,0.8412595707969374,2.611736940018904,1.0,0.026496077828094,4.270447606429502,0.6503026746221741,0.13002533502233482,0.7658325093382671,0.4872776563573915
"weaptype1_txt_Explosives, region_txt_South Asia","attacktype1_txt_Bombing/Explosion, targtype1_txt_Police",0.12421088551441734,0.055682449873686646,0.017981077763895844,0.14476249556894719,2.599786753228979,1.0,0.01106471135747307,1.1041582545593824,0.7026269877517597,0.11105445645523149,0.09433272280425696,0.23384215516808532
"attacktype1_txt_Bombing/Explosion, targtype1_txt_Police","weaptype1_txt_Explosives, region_txt_South Asia",0.055682449873686646,0.12421088551441734,0.017981077763895844,0.3229218147672234,2.5997867532289787,1.0,0.01106471135747307,1.293482988503743,0.651637859885666,0.11105445645523149,0.22689358198922588,0.23384215516808532
"attacktype1_txt_Armed Assault, region_txt_South Asia","weaptype1_txt_Firearms, targtype1_txt_Private Citizens & Property",0.06276590475037289,0.07882613888414947,0.01275242031801245,0.20317432479831637,2.5774993888375155,1.0,0.0078048263929702604,1.1560544417481193,0.6530140860293137,0.09897902516126278,0.13498883453286392,0.18247670296611812
"weaptype1_txt_Firearms, targtype1_txt_Private Citizens & Property","attacktype1_txt_Armed Assault, region_txt_South Asia",0.07882613888414947,0.06276590475037289,0.01275242031801245,0.16177908113391984,2.5774993888375155,1.0,0.0078048263929702604,1.1181230080937241,0.6643990802817351,0.09897902516126278,0.10564401880532882,0.18247670296611812
attacktype1_txt_Armed Assault,"weaptype1_txt_Firearms, targtype1_txt_Private Citizens & Property, region_txt_South Asia",0.23484377321936695,0.021101760681596776,0.01275242031801245,0.05430171787480372,2.573326401249599,1.0,0.007796803217974183,1.0351062889937785,0.7990497829193837,0.052437423618340646,0.03391563684527999,0.32931569983463715
"weaptype1_txt_Firearms, targtype1_txt_Private Citizens & Property, region_txt_South Asia",attacktype1_txt_Armed Assault,0.021101760681596776,0.23484377321936695,0.01275242031801245,0.6043296817944706,2.573326401249599,1.0,0.007796803217974183,1.9338226588509873,0.6245776040359309,0.052437423618340646,0.48288950104961187,0.32931569983463715
"region_txt_Middle East & North Africa, targtype1_txt_Military, attacktype1_txt_Armed Assault",weaptype1_txt_Firearms,0.014497140749954594,0.3221073140661893,0.012009400575702704,0.8283978739559605,2.571807089688545,1.0,0.007339765507095329,3.9503746344018973,0.6201588782769976,0.03699810092240911,0.7468594519386883,0.43284086165845326
weaptype1_txt_Firearms,"region_txt_Middle East & North Africa, targtype1_txt_Military, attacktype1_txt_Armed Assault",0.3221073140661893,0.014497140749954594,0.012009400575702704,0.037283849360945934,2.5718070896885448,1.0,0.007339765507095329,1.023669187014122,0.9015709424411115,0.03699810092240911,0.023121910197532784,0.43284086165845326
weaptype1_txt_Firearms,"targtype1_txt_Private Citizens & Property, attacktype1_txt_Armed Assault",0.3221073140661893,0.05970576418204534,0.04921542619062034,0.15279201695031097,2.5590831813900214,1.0,0.029983762855672426,1.1098741449923355,0.8987190260416684,0.14797286116167468,0.09899694076853573,0.4885457134899048
"targtype1_txt_Private Citizens & Property, attacktype1_txt_Armed Assault",weaptype1_txt_Firearms,0.05970576418204534,0.3221073140661893,0.04921542619062034,0.8242994100294986,2.5590831813900214,1.0,0.029983762855672426,3.858226577654764,0.6479195886309311,0.14797286116167468,0.7408135629484328,0.4885457134899048
"weaptype1_txt_Firearms, region_txt_South Asia","targtype1_txt_Private Citizens & Property, attacktype1_txt_Armed Assault",0.08348789978590024,0.05970576418204534,0.01275242031801245,0.15274573142593448,2.55830795432425,1.0,0.007767711461341257,1.109813512536769,0.6646029478663008,0.09776371308016876,0.09894771625708668,0.18316674476901446
"targtype1_txt_Private Citizens & Property, attacktype1_txt_Armed Assault","weaptype1_txt_Firearms, region_txt_South Asia",0.05970576418204534,0.08348789978590024,0.01275242031801245,0.2135877581120944,2.55830795432425,1.0,0.007767711461341257,1.1654346809427447,0.6477936590003227,0.09776371308016876,0.14195105366945235,0.18316674476901446
"attacktype1_txt_Bombing/Explosion, region_txt_South Asia","targtype1_txt_Police, weaptype1_txt_Explosives",0.11693479588972486,0.06014607217748815,0.017981077763895844,0.15377012143462299,2.5566111945075116,1.0,0.010947909090252608,1.1106366622457915,0.6894816159406971,0.11301760819178745,0.09961553224983213,0.22636346481687225
"targtype1_txt_Police, weaptype1_txt_Explosives","attacktype1_txt_Bombing/Explosion, region_txt_South Asia",0.06014607217748815,0.11693479588972486,0.017981077763895844,0.2989568081991215,2.5566111945075116,1.0,0.010947909090252608,1.2596445047013558,0.6478211197367412,0.11301760819178745,0.20612522321360335,0.22636346481687225
targtype1_txt_Government (General),"attacktype1_txt_Assassination, weaptype1_txt_Firearms",0.11713843833761717,0.07492941312448058,0.02232361536895058,0.19057463703425268,2.543388892125048,1.0,0.01354650092999477,1.1428732397092751,0.6873374245525979,0.13151324535520895,0.12501232397883352,0.2442516199715115
"attacktype1_txt_Assassination, weaptype1_txt_Firearms",targtype1_txt_Government (General),0.07492941312448058,0.11713843833761717,0.02232361536895058,0.2979286029087703,2.5433888921250474,1.0,0.01354650092999477,1.2575096568813224,0.6559756635210834,0.13151324535520895,0.2047774786238678,0.2442516199715115
weaptype1_txt_Firearms,"targtype1_txt_Private Citizens & Property, attacktype1_txt_Armed Assault, region_txt_South Asia",0.3221073140661893,0.015581399188732518,0.01275242031801245,0.03959059531132527,2.5408883266372304,1.0,0.007733537675936718,1.0249989181752917,0.8945912353792702,0.03924590941427555,0.024389214205020684,0.42901465477328893
"targtype1_txt_Private Citizens & Property, attacktype1_txt_Armed Assault, region_txt_South Asia",weaptype1_txt_Firearms,0.015581399188732518,0.3221073140661893,0.01275242031801245,0.8184387142352526,2.5408883266372304,1.0,0.007733537675936718,3.7336852020984796,0.6160355512018258,0.03924590941427555,0.7321681004499361,0.42901465477328893
attacktype1_txt_Facility/Infrastructure Attack,targtype1_txt_Business,0.056997870010072046,0.11375907447259358,0.016451007479732074,0.28862495171881036,2.5371598095090415,1.0,0.009966982540477079,1.2458139031847186,0.6424783890871425,0.1066129262376944,0.19731189590703366,0.21661882836799293
targtype1_txt_Business,attacktype1_txt_Facility/Infrastructure Attack,0.11375907447259358,0.056997870010072046,0.016451007479732074,0.1446127050171755,2.5371598095090415,1.0,0.009966982540477079,1.1024270941607364,0.6836272980974374,0.1066129262376944,0.09291053776096905,0.21661882836799293
"attacktype1_txt_Bombing/Explosion, weaptype1_txt_Explosives, region_txt_Western Europe",targtype1_txt_Business,0.04492242323505292,0.11375907447259358,0.012636839469208712,0.28130360205831906,2.4728014302374595,1.0,0.007526506178922959,1.2331228152326443,0.6236146442943606,0.0865272281891841,0.1890507679793944,0.1961939172418452
targtype1_txt_Business,"attacktype1_txt_Bombing/Explosion, weaptype1_txt_Explosives, region_txt_Western Europe",0.11375907447259358,0.04492242323505292,0.012636839469208712,0.11108423242537134,2.4728014302374595,1.0,0.007526506178922959,1.0744297846924669,0.6720524251950424,0.0865272281891841,0.06927375409066003,0.1961939172418452
"attacktype1_txt_Bombing/Explosion, region_txt_Western Europe",targtype1_txt_Business,0.04682675531534308,0.11375907447259358,0.013088155164537594,0.27950164551010814,2.456961317643672,1.0,0.0077611868193095635,1.2300387919065536,0.6221252941152732,0.0887346542781447,0.1870175098705584,0.19727658597533565
targtype1_txt_Business,"attacktype1_txt_Bombing/Explosion, region_txt_Western Europe",0.11375907447259358,0.04682675531534308,0.013088155164537594,0.11505152644056317,2.456961317643672,1.0,0.0077611868193095635,1.077094625465375,0.6691105861979441,0.0887346542781447,0.0715764647252465,0.19727658597533565
weaptype1_txt_Firearms,"attacktype1_txt_Assassination, region_txt_South America",0.3221073140661893,0.015108068093631495,0.011849788927354684,0.036788326156790375,2.4350119372507835,1.0,0.00698336969298595,1.02250830077324,0.869347623066241,0.03641992015697949,0.02201282938849374,0.4105617404918742
"attacktype1_txt_Assassination, region_txt_South America",weaptype1_txt_Firearms,0.015108068093631495,0.3221073140661893,0.011849788927354684,0.784335154826958,2.435011937250783,1.0,0.00698336969298595,3.1432692954194423,0.598364527232795,0.03641992015697949,0.6818599025361082,0.4105617404918742
"weaptype1_txt_Explosives, region_txt_Western Europe",targtype1_txt_Business,0.04764682895685532,0.11375907447259358,0.012967070465790822,0.27214970544068384,2.3923340331522227,1.0,0.007546811302104989,1.2176142980940736,0.6111159066788311,0.08735632183908047,0.1787218649080454,0.19306841796297583
targtype1_txt_Business,"weaptype1_txt_Explosives, region_txt_Western Europe",0.11375907447259358,0.04764682895685532,0.012967070465790822,0.1139871304852678,2.3923340331522227,1.0,0.007546811302104989,1.074875099235011,0.6567042379070244,0.08735632183908047,0.06965934859622266,0.19306841796297583
weaptype1_txt_Firearms,"attacktype1_txt_Assassination, region_txt_Western Europe",0.3221073140661893,0.01617031113263728,0.012416685471487306,0.038548287881894606,2.3838927752039867,1.0,0.007208109984938912,1.0232751956933521,0.8563568509042125,0.0381042461912644,0.022745783139579825,0.4032087933623224
"attacktype1_txt_Assassination, region_txt_Western Europe",weaptype1_txt_Firearms,0.01617031113263728,0.3221073140661893,0.012416685471487306,0.7678692988427502,2.3838927752039867,1.0,0.007208109984938912,2.9203060282603173,0.5900594913389937,0.0381042461912644,0.6575701346630033,0.4032087933623224
region_txt_Sub-Saharan Africa,"weaptype1_txt_Firearms, targtype1_txt_Private Citizens & Property, attacktype1_txt_Armed Assault",0.09659256650026693,0.04921542619062034,0.011326923182766345,0.11726495726495727,2.382687021966825,1.0,0.006573078855609871,1.0770894184323916,0.6423522171606603,0.08422689694687731,0.07157197639596959,0.1737074059418054
"weaptype1_txt_Firearms, targtype1_txt_Private Citizens & Property, attacktype1_txt_Armed Assault",region_txt_Sub-Saharan Africa,0.04921542619062034,0.09659256650026693,0.011326923182766345,0.23014985461865353,2.382687021966825,1.0,0.006573078855609871,1.1734847865128724,0.6103441135807902,0.08422689694687731,0.1478372693934957,0.1737074059418054
region_txt_Sub-Saharan Africa,"targtype1_txt_Private Citizens & Property, attacktype1_txt_Armed Assault",0.09659256650026693,0.05970576418204534,0.013456913110720949,0.13931623931623932,2.333380055089126,1.0,0.0076897801135174795,1.0924967784578024,0.6325353673369929,0.09420876199283319,0.08466549309955244,0.18235170372891613
"targtype1_txt_Private Citizens & Property, attacktype1_txt_Armed Assault",region_txt_Sub-Saharan Africa,0.05970576418204534,0.09659256650026693,0.013456913110720949,0.22538716814159293,2.333380055089126,1.0,0.0076897801135174795,1.166269646388802,0.6077216375857445,0.09420876199283319,0.14256535519348706,0.18235170372891613
targtype1_txt_Police,"weaptype1_txt_Firearms, attacktype1_txt_Armed Assault, region_txt_South Asia",0.13487734670401946,0.05507702637995278,0.017083950223181116,0.12666285807557334,2.299740316439392,1.0,0.0096553070407058,1.0819681521134883,0.6532811204146142,0.09882517749689582,0.07575837787218959,0.21842286503259034
"weaptype1_txt_Firearms, attacktype1_txt_Armed Assault, region_txt_South Asia",targtype1_txt_Police,0.05507702637995278,0.13487734670401946,0.017083950223181116,0.3101828719896073,2.299740316439392,1.0,0.0096553070407058,1.2541333321067476,0.5981104407654245,0.09882517749689582,0.20263661414679351,0.21842286503259034
"weaptype1_txt_Explosives, targtype1_txt_Unknown","region_txt_Middle East & North Africa, attacktype1_txt_Bombing/Explosion",0.029544666494212703,0.1701129940393305,0.011558084880373822,0.3912071535022355,2.2996900131672926,1.0,0.006532153205149809,1.3631681297420055,0.5823645512037838,0.06144662921348316,0.26641477439084427,0.22957536399066739
"region_txt_Middle East & North Africa, attacktype1_txt_Bombing/Explosion","weaptype1_txt_Explosives, targtype1_txt_Unknown",0.1701129940393305,0.029544666494212703,0.011558084880373822,0.06794357447909927,2.299690013167292,1.0,0.006532153205149809,1.0411980508191083,0.6810069090143104,0.06144662921348316,0.0395679292587015,0.22957536399066739
"attacktype1_txt_Bombing/Explosion, targtype1_txt_Military","region_txt_Middle East & North Africa, weaptype1_txt_Explosives",0.06538023347331458,0.17768078771100385,0.026523052875486404,0.40567387827258194,2.283161187535969,1.0,0.014906241491218528,1.3836161363712447,0.6013255815091378,0.12248684645299036,0.27725618853892486,0.27747374488544685
"region_txt_Middle East & North Africa, weaptype1_txt_Explosives","attacktype1_txt_Bombing/Explosion, targtype1_txt_Military",0.17768078771100385,0.06538023347331458,0.026523052875486404,0.1492736114983118,2.2831611875359688,1.0,0.014906241491218528,1.09861381891862,0.6834459978530582,0.12248684645299036,0.08976204123819148,0.27747374488544685
"attacktype1_txt_Assassination, targtype1_txt_Private Citizens & Property",weaptype1_txt_Firearms,0.023303300658810838,0.3221073140661893,0.016913330874947025,0.72579121398205,2.2532590297931216,1.0,0.009407167290860607,2.472177116489022,0.5694688881341061,0.051486973276367594,0.5954982378365362,0.3891497933077498
weaptype1_txt_Firearms,"attacktype1_txt_Assassination, targtype1_txt_Private Citizens & Property",0.3221073140661893,0.023303300658810838,0.016913330874947025,0.05250837263344952,2.2532590297931216,1.0,0.009407167290860607,1.0308235673341104,0.8204814640416188,0.051486973276367594,0.029901884581301816,0.3891497933077498
weaptype1_txt_Incendiary,targtype1_txt_Business,0.06128536911569643,0.11375907447259358,0.015548376089074308,0.2537045352492142,2.230191625814746,1.0,0.008576609219761411,1.1875201811970724,0.5876205816811109,0.09748438524448738,0.15790904791870042,0.19519132611800302
targtype1_txt_Business,weaptype1_txt_Incendiary,0.11375907447259358,0.06128536911569643,0.015548376089074308,0.13667811698679183,2.230191625814746,1.0,0.008576609219761411,1.0873286654196184,0.6224131853361873,0.09748438524448738,0.08031487460685754,0.19519132611800302
"attacktype1_txt_Assassination, targtype1_txt_Police",weaptype1_txt_Firearms,0.01569147618759322,0.3221073140661893,0.011249869283563852,0.7169414240617327,2.225784366741854,1.0,0.006195530035044632,2.39488481734485,0.5594995537670248,0.03445079300871383,0.5824433840168248,0.37593363322558987
weaptype1_txt_Firearms,"attacktype1_txt_Assassination, targtype1_txt_Police",0.3221073140661893,0.01569147618759322,0.011249869283563852,0.034925842389447063,2.225784366741854,1.0,0.006195530035044632,1.0199304541005187,0.8124002386653464,0.03445079300871383,0.019540993231833073,0.37593363322558987
targtype1_txt_Business,region_txt_Western Europe,0.11375907447259358,0.09157855920216192,0.02316570441023496,0.2036382989017369,2.2236460223424173,1.0,0.012747812273863401,1.1407146269654018,0.6209238583581821,0.12716396265748212,0.12335655530230158,0.2282991061790372
region_txt_Western Europe,targtype1_txt_Business,0.09157855920216192,0.11375907447259358,0.02316570441023496,0.2529599134563375,2.2236460223424173,1.0,0.012747812273863401,1.1863365052172579,0.6057630414690595,0.12716396265748212,0.1570688454732609,0.2282991061790372
"region_txt_Middle East & North Africa, weaptype1_txt_Explosives","attacktype1_txt_Bombing/Explosion, targtype1_txt_Unknown",0.17768078771100385,0.029588697293756985,0.011558084880373822,0.0650497165690921,2.198465039649351,1.0,0.006300741837876633,1.0379282405746826,0.6629264831869779,0.05905677887454653,0.036542257057850504,0.22783735828454604
"attacktype1_txt_Bombing/Explosion, targtype1_txt_Unknown","region_txt_Middle East & North Africa, weaptype1_txt_Explosives",0.029588697293756985,0.17768078771100385,0.011558084880373822,0.390625,2.198465039649351,1.0,0.006300741837876633,1.34944691247425,0.561758897427899,0.05905677887454653,0.2589556574949132,0.22783735828454604
"attacktype1_txt_Armed Assault, region_txt_South Asia",targtype1_txt_Police,0.06276590475037289,0.13487734670401946,0.018558982007914535,0.2956857243072606,2.1922563835432336,1.0,0.01009328331170703,1.2283190660093828,0.5802701546195046,0.10363267564078922,0.18587928196144976,0.21664233983256606
targtype1_txt_Police,"attacktype1_txt_Armed Assault, region_txt_South Asia",0.13487734670401946,0.06276590475037289,0.018558982007914535,0.13759895535787153,2.1922563835432336,1.0,0.01009328331170703,1.0867729127560974,0.6286379986620324,0.10363267564078922,0.07984456710099443,0.21664233983256606
"region_txt_Middle East & North Africa, attacktype1_txt_Bombing/Explosion","weaptype1_txt_Explosives, targtype1_txt_Military",0.1701129940393305,0.07113726051372936,0.026523052875486404,0.1559143263879902,2.191739255377975,1.0,0.01442168050174006,1.1004365652973152,0.6551992539594902,0.12351976213666889,0.09126974553974335,0.2643788266369351
"weaptype1_txt_Explosives, targtype1_txt_Military","region_txt_Middle East & North Africa, attacktype1_txt_Bombing/Explosion",0.07113726051372936,0.1701129940393305,0.026523052875486404,0.37284332688588007,2.1917392553779744,1.0,0.01442168050174006,1.3232530905553483,0.5853839583196485,0.12351976213666889,0.24428666961940296,0.2643788266369351
weaptype1_txt_Firearms,attacktype1_txt_Assassination,0.3221073140661893,0.10629035009989488,0.07492941312448058,0.23262251384047572,2.188557226708258,1.0,0.04069251394264852,1.1646284469105712,0.8011267656414768,0.2119834324686245,0.14135705455871678,0.4687864019078104
attacktype1_txt_Assassination,weaptype1_txt_Firearms,0.10629035009989488,0.3221073140661893,0.07492941312448058,0.7049502899751451,2.188557226708258,1.0,0.04069251394264852,2.2975541507114348,0.6076671265604774,0.2119834324686245,0.5647545457458092,0.4687864019078104
attacktype1_txt_Hostage Taking (Kidnapping),"weaptype1_txt_Firearms, targtype1_txt_Private Citizens & Property",0.06141195766438624,0.07882613888414947,0.010495841841368037,0.17090876501165084,2.1681737483404446,1.0,0.00565497433736762,1.1110645273300899,0.574034961196693,0.08089763712722182,0.0999622655553409,0.15203027972688393
"weaptype1_txt_Firearms, targtype1_txt_Private Citizens & Property",attacktype1_txt_Hostage Taking (Kidnapping),0.07882613888414947,0.06141195766438624,0.010495841841368037,0.133151794442117,2.1681737483404446,1.0,0.00565497433736762,1.0827593993017044,0.5848867116237513,0.08089763712722182,0.07643378515585067,0.15203027972688393
attacktype1_txt_Armed Assault,"weaptype1_txt_Firearms, targtype1_txt_Business",0.23484377321936695,0.022141988320830423,0.011255373133506889,0.04792706648855141,2.1645330940520493,1.0,0.006055465049663917,1.027083091284425,0.7031330110141755,0.04580374941205456,0.026368938904987923,0.27812709277696274
"weaptype1_txt_Firearms, targtype1_txt_Business",attacktype1_txt_Armed Assault,0.022141988320830423,0.23484377321936695,0.011255373133506889,0.5083271190653741,2.1645330940520493,1.0,0.006055465049663917,1.5562302832853827,0.5501888773285719,0.04580374941205456,0.3574215778085978,0.27812709277696274
region_txt_Western Europe,"attacktype1_txt_Bombing/Explosion, targtype1_txt_Business",0.09157855920216192,0.06615627631528254,0.013088155164537594,0.14291724262275377,2.1602975648394973,1.0,0.00702965869740391,1.0895607403681378,0.5912462901056419,0.09048361934477381,0.08219894224334598,0.17037709052934694
"attacktype1_txt_Bombing/Explosion, targtype1_txt_Business",region_txt_Western Europe,0.06615627631528254,0.09157855920216192,0.013088155164537594,0.1978369384359401,2.1602975648394973,1.0,0.00702965869740391,1.1324648121126335,0.5751506307767172,0.09048361934477381,0.11697035589610785,0.17037709052934694
"region_txt_South America, weaptype1_txt_Firearms",attacktype1_txt_Armed Assault,0.03591262087830437,0.23484377321936695,0.018195727911674217,0.5066666666666667,2.157462638761943,1.0,0.009761872518416603,1.5509923515823645,0.5564771041243886,0.07204497907949792,0.35525149496722347,0.29207340223581524
attacktype1_txt_Armed Assault,"region_txt_South America, weaptype1_txt_Firearms",0.23484377321936695,0.03591262087830437,0.018195727911674217,0.0774801378049638,2.1574626387619427,1.0,0.009761872518416603,1.0450586687941374,0.7011542663826779,0.07204497907949792,0.04311592271286481,0.29207340223581524
region_txt_Western Europe,"weaptype1_txt_Explosives, targtype1_txt_Business",0.09157855920216192,0.0661342609155104,0.012967070465790822,0.14159504777931367,2.14102412001259,1.0,0.006910590137248529,1.0879081448313954,0.5866592046291158,0.08958515532909997,0.08080474923277607,0.16883347595357162
"weaptype1_txt_Explosives, targtype1_txt_Business",region_txt_Western Europe,0.0661342609155104,0.09157855920216192,0.012967070465790822,0.19607190412782957,2.14102412001259,1.0,0.006910590137248529,1.1299784712864205,0.5706749670985403,0.08958515532909997,0.11502738732574876,0.16883347595357162
region_txt_Western Europe,"attacktype1_txt_Bombing/Explosion, weaptype1_txt_Explosives, targtype1_txt_Business",0.09157855920216192,0.06493992547787177,0.012636839469208712,0.13798906184265883,2.124872500657219,1.0,0.006689734659249449,1.084742702361688,0.5827510273185155,0.08782801621911102,0.0781223991433059,0.1662909119705709
"attacktype1_txt_Bombing/Explosion, weaptype1_txt_Explosives, targtype1_txt_Business",region_txt_Western Europe,0.06493992547787177,0.09157855920216192,0.012636839469208712,0.19459276209848295,2.1248725006572187,1.0,0.006689734659249449,1.1279032494973895,0.566149215742799,0.08782801621911102,0.11339913202163843,0.1662909119705709
"attacktype1_txt_Bombing/Explosion, weaptype1_txt_Explosives, region_txt_South America",targtype1_txt_Business,0.04813667160178545,0.11375907447259358,0.011596611829975068,0.24091013034530073,2.1177223132501832,1.0,0.006120628620364776,1.1675046143489527,0.5544856522020061,0.07715687710561009,0.14347233603214488,0.1714251169409991
targtype1_txt_Business,"attacktype1_txt_Bombing/Explosion, weaptype1_txt_Explosives, region_txt_South America",0.11375907447259358,0.04813667160178545,0.011596611829975068,0.10194010353669747,2.117722313250183,1.0,0.006120628620364776,1.0599107388569495,0.5955429762397433,0.07715687710561009,0.05652432479508572,0.1714251169409991
targtype1_txt_Unknown,"region_txt_Middle East & North Africa, weaptype1_txt_Explosives, attacktype1_txt_Bombing/Explosion",0.032461706964021335,0.1687645508032869,0.011558084880373822,0.3560528992878942,2.1097611885502654,1.0,0.006079699486282832,1.2908443073623523,0.5436608641169687,0.06093845216331505,0.22531323545645035,0.21226967437733912
"region_txt_Middle East & North Africa, weaptype1_txt_Explosives, attacktype1_txt_Bombing/Explosion",targtype1_txt_Unknown,0.1687645508032869,0.032461706964021335,0.011558084880373822,0.06848644946678407,2.1097611885502654,1.0,0.006079699486282832,1.0386733424136896,0.6328083155819735,0.06093845216331505,0.03723340229741494,0.21226967437733912
weaptype1_txt_Firearms,"attacktype1_txt_Assassination, targtype1_txt_Government (General)",0.3221073140661893,0.032924030359236287,0.02232361536895058,0.06930490055361903,2.1049944310410558,1.0,0.011718544381703305,1.0390899986644646,0.774369412232576,0.06709677419354837,0.037619454248146625,0.3736695014302699
"attacktype1_txt_Assassination, targtype1_txt_Government (General)",weaptype1_txt_Firearms,0.032924030359236287,0.3221073140661893,0.02232361536895058,0.6780341023069207,2.1049944310410553,1.0,0.011718544381703305,2.1054797753146706,0.5428108827461865,0.06709677419354837,0.5250488692770526,0.3736695014302699
targtype1_txt_Unknown,"region_txt_Middle East & North Africa, attacktype1_txt_Bombing/Explosion",0.032461706964021335,0.1701129940393305,0.011585604130088998,0.3569006442861987,2.0980210612464,1.0,0.006063445966811943,1.2904491329174872,0.5409195329645224,0.060661076049681566,0.22507600300434222,0.2125029945903622
"region_txt_Middle East & North Africa, attacktype1_txt_Bombing/Explosion",targtype1_txt_Unknown,0.1701129940393305,0.032461706964021335,0.011585604130088998,0.0681053448945257,2.0980210612464,1.0,0.006063445966811943,1.0382485699807669,0.6306405062800998,0.060661076049681566,0.03683951135273457,0.2125029945903622
targtype1_txt_Business,"attacktype1_txt_Bombing/Explosion, region_txt_South America",0.11375907447259358,0.04974929963509475,0.011871804327126825,0.10435918525327786,2.0977015961780405,1.0,0.006212370044978709,1.0609729756829207,0.5904576934856421,0.07829116910456971,0.05746892435565941,0.17149588867708698
"attacktype1_txt_Bombing/Explosion, region_txt_South America",targtype1_txt_Business,0.04974929963509475,0.11375907447259358,0.011871804327126825,0.2386325921008961,2.09770159617804,1.0,0.006212370044978709,1.164012165917208,0.5506839116861957,0.07829116910456971,0.14090244992239517,0.17149588867708698
"weaptype1_txt_Firearms, targtype1_txt_Private Citizens & Property",region_txt_Sub-Saharan Africa,0.07882613888414947,0.09659256650026693,0.01596666868474498,0.2025555090071219,2.0970092870092873,1.0,0.008352649622618495,1.1328781422452656,0.5678953914059308,0.10013461737599669,0.1172925289051059,0.1839273271531336
region_txt_Sub-Saharan Africa,"weaptype1_txt_Firearms, targtype1_txt_Private Citizens & Property",0.09659256650026693,0.07882613888414947,0.01596666868474498,0.1652991452991453,2.097009287009287,1.0,0.008352649622618495,1.1035976013777853,0.5790636328779478,0.10013461737599669,0.09387262281872395,0.1839273271531336
targtype1_txt_Private Citizens & Property,weaptype1_txt_Melee,0.23947801487140255,0.020116571541793485,0.01007204539575433,0.04205833007745168,2.0907305198638233,1.0,0.005254568776907077,1.0229051091779233,0.6859739652168273,0.0403652726310217,0.02239221309230871,0.2713711623027477
weaptype1_txt_Melee,targtype1_txt_Private Citizens & Property,0.020116571541793485,0.23947801487140255,0.01007204539575433,0.5006839945280438,2.090730519863823,1.0,0.005254568776907077,1.5231275921342597,0.532408515770188,0.0403652726310217,0.34345618504700254,0.2713711623027477
"attacktype1_txt_Assassination, region_txt_South Asia",weaptype1_txt_Firearms,0.023672058604994193,0.3221073140661893,0.015873103235713382,0.6705417344803535,2.081733960075694,1.0,0.008248160020041279,2.057598053776514,0.5322302059161276,0.04811397874576667,0.513996429883572,0.359910331391636
weaptype1_txt_Firearms,"attacktype1_txt_Assassination, region_txt_South Asia",0.3221073140661893,0.023672058604994193,0.015873103235713382,0.04927892830291846,2.0817339600756934,1.0,0.008248160020041279,1.0269341560424392,0.7665390585746332,0.04811397874576667,0.02622773415798838,0.359910331391636
targtype1_txt_Business,"region_txt_South America, weaptype1_txt_Explosives",0.11375907447259358,0.050074026781733824,0.011728704228607912,0.10310126276065606,2.0589768665911587,1.0,0.006032329286802008,1.0591228795149608,0.5803409342020709,0.07710956723114779,0.05582249298781735,0.16866428273227352
"region_txt_South America, weaptype1_txt_Explosives",targtype1_txt_Business,0.050074026781733824,0.11375907447259358,0.011728704228607912,0.23422730270389097,2.0589768665911583,1.0,0.006032329286802008,1.1573159093509895,0.5414336497255733,0.07710956723114779,0.13593169166680735,0.16866428273227352
"region_txt_Middle East & North Africa, weaptype1_txt_Explosives, targtype1_txt_Unknown",attacktype1_txt_Bombing/Explosion,0.011563588730316857,0.4857422767225674,0.011558084880373822,0.9995240361732509,2.0577250201841726,1.0,0.005941160963426289,1080.4554766060794,0.5200399454842909,0.02379441624365482,0.999074464407232,0.5116593610133718
attacktype1_txt_Bombing/Explosion,"region_txt_Middle East & North Africa, weaptype1_txt_Explosives, targtype1_txt_Unknown",0.4857422767225674,0.011563588730316857,0.011558084880373822,0.02379468585349272,2.057725020184172,1.0,0.005941160963426289,1.0125292261227543,0.9995502141521877,0.02379441624365482,0.012374187134066182,0.5116593610133718
attacktype1_txt_Bombing/Explosion,"weaptype1_txt_Explosives, targtype1_txt_Unknown",0.4857422767225674,0.029544666494212703,0.029495131844725384,0.060721772137555946,2.0552532603287403,1.0,0.015144038276817552,1.0331926203743638,0.9984137054443641,0.06071558053113387,0.03212626544151743,0.5295225850255588
"weaptype1_txt_Explosives, targtype1_txt_Unknown",attacktype1_txt_Bombing/Explosion,0.029544666494212703,0.4857422767225674,0.029495131844725384,0.9983233979135617,2.05525326032874,1.0,0.015144038276817552,306.7261620614511,0.5290732518270425,0.06071558053113387,0.9967397629426874,0.5295225850255588
"weaptype1_txt_Explosives, targtype1_txt_Unknown, region_txt_South Asia",attacktype1_txt_Bombing/Explosion,0.011965369776158422,0.4857422767225674,0.011937850526443246,0.9977000919963201,2.0539700573894217,1.0,0.006125764569544658,223.5992580810278,0.5193522268720385,0.024575118966689326,0.9955277132465367,0.511138301621071
attacktype1_txt_Bombing/Explosion,"weaptype1_txt_Explosives, targtype1_txt_Unknown, region_txt_South Asia",0.4857422767225674,0.011965369776158422,0.011937850526443246,0.024576511245821765,2.0539700573894217,1.0,0.006125764569544658,1.0129288884418504,0.9978226134614895,0.024575118966689326,0.012763865844263231,0.511138301621071
"weaptype1_txt_Explosives, targtype1_txt_Utilities",attacktype1_txt_Bombing/Explosion,0.029858385940965706,0.4857422767225674,0.029720789692389827,0.9953917050691244,2.049217769936143,1.0,0.015217309326164047,111.59392595120335,0.5277671929755996,0.06116900770276394,0.9910389387999732,0.5282890200604814
attacktype1_txt_Bombing/Explosion,"weaptype1_txt_Explosives, targtype1_txt_Utilities",0.4857422767225674,0.029858385940965706,0.029720789692389827,0.061186335051838424,2.049217769936143,1.0,0.015217309326164047,1.033369719978035,0.9956270820351583,0.06116900770276394,0.03229214029877331,0.5282890200604814
"weaptype1_txt_Explosives, targtype1_txt_Transportation",attacktype1_txt_Bombing/Explosion,0.023457408457215823,0.4857422767225674,0.023314308358696908,0.9938995776630689,2.0461459199499252,1.0,0.011920053368677686,84.29870833109202,0.5235576069526614,0.04798314473102933,0.9881374220341266,0.5209484291352
attacktype1_txt_Bombing/Explosion,"weaptype1_txt_Explosives, targtype1_txt_Transportation",0.4857422767225674,0.023457408457215823,0.023314308358696908,0.04799728060733103,2.0461459199499252,1.0,0.011920053368677686,1.0257771029958511,0.9942024770324476,0.04798314473102933,0.02512934137500962,0.5209484291352
"region_txt_Middle East & North Africa, weaptype1_txt_Explosives, targtype1_txt_Business",attacktype1_txt_Bombing/Explosion,0.016753719226599007,0.4857422767225674,0.016643642227738304,0.9934296977660972,2.0451785759086736,1.0,0.008505652507039451,78.27002548282525,0.51975293685342,0.03425658453695837,0.9872237169487132,0.5138470226975633
attacktype1_txt_Bombing/Explosion,"region_txt_Middle East & North Africa, weaptype1_txt_Explosives, targtype1_txt_Business",0.4857422767225674,0.016753719226599007,0.016643642227738304,0.034264347629029517,2.045178575908673,1.0,0.008505652507039451,1.0181319063445988,0.9937529743359402,0.03425658453695837,0.017808995309554605,0.5138470226975633
"region_txt_South America, weaptype1_txt_Explosives, targtype1_txt_Business",attacktype1_txt_Bombing/Explosion,0.011728704228607912,0.4857422767225674,0.011596611829975068,0.9887376818395119,2.0355190997802137,1.0,0.005899484334965456,45.66180034600859,0.5147623209738131,0.02386751095957136,0.9780998560630032,0.5063058416562581
attacktype1_txt_Bombing/Explosion,"region_txt_South America, weaptype1_txt_Explosives, targtype1_txt_Business",0.4857422767225674,0.011728704228607912,0.011596611829975068,0.023874001473004364,2.0355190997802137,1.0,0.005899484334965456,1.0124423458269978,0.9892410029759181,0.02386751095957136,0.012289436409175963,0.5063058416562581
"attacktype1_txt_Bombing/Explosion, weaptype1_txt_Explosives","region_txt_Middle East & North Africa, targtype1_txt_Unknown",0.477684640405964,0.011888315876955931,0.011558084880373822,0.024196057194870436,2.035280475830187,1.0,0.005879218985657616,1.0126129243570523,0.9738699382808973,0.0241793416310693,0.012455820041069253,0.4982091397085463
"region_txt_Middle East & North Africa, targtype1_txt_Unknown","attacktype1_txt_Bombing/Explosion, weaptype1_txt_Explosives",0.011888315876955931,0.477684640405964,0.011558084880373822,0.9722222222222222,2.035280475830187,1.0,0.005879218985657616,18.803352945385285,0.5147871796116389,0.0241793416310693,0.9468179955508723,0.4982091397085463
attacktype1_txt_Bombing/Explosion,"region_txt_Middle East & North Africa, weaptype1_txt_Explosives, targtype1_txt_Private Citizens & Property",0.4857422767225674,0.05936452548557716,0.058494917194577604,0.12042377202424792,2.028547706550865,1.0,0.029659057428658476,1.0694189367522948,0.9859579465276511,0.12020856661350707,0.06491276184346642,0.5528875767223038
"region_txt_Middle East & North Africa, weaptype1_txt_Explosives, targtype1_txt_Private Citizens & Property",attacktype1_txt_Bombing/Explosion,0.05936452548557716,0.4857422767225674,0.058494917194577604,0.9853513814203596,2.0285477065508646,1.0,0.029659057428658476,35.106226602976854,0.5390361118267903,0.12020856661350707,0.9715150246334021,0.5528875767223038
"weaptype1_txt_Explosives, targtype1_txt_Business",attacktype1_txt_Bombing/Explosion,0.0661342609155104,0.4857422767225674,0.06493992547787177,0.9819407456724366,2.0215262140611943,1.0,0.03281571901140744,28.476132732265352,0.5411101691758445,0.13336422823040056,0.9648828719334163,0.5578164438803518
attacktype1_txt_Bombing/Explosion,"weaptype1_txt_Explosives, targtype1_txt_Business",0.4857422767225674,0.0661342609155104,0.06493992547787177,0.13369214208826694,2.021526214061194,1.0,0.03281571901140744,1.0779836873875384,0.9826284082678135,0.13336422823040056,0.07234217762286317,0.5578164438803518
attacktype1_txt_Assassination,"weaptype1_txt_Firearms, targtype1_txt_Private Citizens & Property",0.10629035009989488,0.07882613888414947,0.016913330874947025,0.15912386081193042,2.0186687190881476,1.0,0.008534872975927841,1.0954929248025929,0.5646397771203203,0.10055299237590393,0.08716891057950067,0.18684443284975796
"weaptype1_txt_Firearms, targtype1_txt_Private Citizens & Property",attacktype1_txt_Assassination,0.07882613888414947,0.10629035009989488,0.016913330874947025,0.2145650048875855,2.018668719088147,1.0,0.008534872975927841,1.1378531074646019,0.5478054022490455,0.10055299237590393,0.12115193653754672,0.18684443284975796
"weaptype1_txt_Explosives, region_txt_South Asia","attacktype1_txt_Bombing/Explosion, targtype1_txt_Military",0.12421088551441734,0.06538023347331458,0.01634093048087137,0.1315579581708614,2.012197742067681,1.0,0.008219993786011617,1.0762028109074053,0.5743745175896106,0.09431984242963341,0.07080711008657799,0.1907474107715996
"attacktype1_txt_Bombing/Explosion, targtype1_txt_Military","weaptype1_txt_Explosives, region_txt_South Asia",0.06538023347331458,0.12421088551441734,0.01634093048087137,0.24993686337233778,2.012197742067681,1.0,0.008219993786011617,1.1676205264842017,0.5382198923657433,0.09431984242963341,0.14355736532734692,0.1907474107715996
attacktype1_txt_Bombing/Explosion,"region_txt_Middle East & North Africa, targtype1_txt_Unknown",0.4857422767225674,0.011888315876955931,0.011585604130088998,0.02385133986742961,2.0062841628949784,1.0,0.005810946509619378,1.0122553300322605,0.9753205389917714,0.02383648510927415,0.012106955299380905,0.4991941884522333
"region_txt_Middle East & North Africa, targtype1_txt_Unknown",attacktype1_txt_Bombing/Explosion,0.011888315876955931,0.4857422767225674,0.011585604130088998,0.974537037037037,2.006284162894978,1.0,0.005810946509619378,20.196303314168215,0.5076006365543285,0.02383648510927415,0.9504859882304068,0.4991941884522333
"weaptype1_txt_Explosives, region_txt_Western Europe, targtype1_txt_Business",attacktype1_txt_Bombing/Explosion,0.012967070465790822,0.4857422767225674,0.012636839469208712,0.9745331069609507,2.006276072028124,1.0,0.006338185138733516,20.19318660069384,0.5081533703347899,0.02599784861008889,0.9504783459998513,0.5002743150803848
attacktype1_txt_Bombing/Explosion,"weaptype1_txt_Explosives, region_txt_Western Europe, targtype1_txt_Business",0.4857422767225674,0.012967070465790822,0.012636839469208712,0.02601552319981871,2.006276072028124,1.0,0.006338185138733516,1.0133969822362012,0.9753166303029832,0.02599784861008889,0.013219875795010794,0.5002743150803848
"weaptype1_txt_Explosives, targtype1_txt_Educational Institution",attacktype1_txt_Bombing/Explosion,0.012471723970917658,0.4857422767225674,0.012152500674221618,0.9744042365401588,2.0060107658627615,1.0,0.006094457077932655,20.09151725770105,0.5078317259441896,0.025001981588214647,0.9502277509869643,0.4997113245473442
attacktype1_txt_Bombing/Explosion,"weaptype1_txt_Explosives, targtype1_txt_Educational Institution",0.4857422767225674,0.012471723970917658,0.012152500674221618,0.02501841255452949,2.0060107658627615,1.0,0.006094457077932655,1.0128686415673605,0.9751884437212233,0.025001981588214647,0.012705143627950492,0.4997113245473442
targtype1_txt_Unknown,"region_txt_Middle East & North Africa, weaptype1_txt_Explosives",0.032461706964021335,0.17768078771100385,0.011563588730316857,0.3562224482875551,2.0048450531801314,1.0,0.005795767066505767,1.2773343992837765,0.5180242887297678,0.05823170731707317,0.2171196512356378,0.21065157045607816
"region_txt_Middle East & North Africa, weaptype1_txt_Explosives",targtype1_txt_Unknown,0.17768078771100385,0.032461706964021335,0.011563588730316857,0.06508069262460119,2.004845053180131,1.0,0.005795767066505767,1.0348896267338314,0.6095058081807672,0.05823170731707317,0.03371337950689967,0.21065157045607816
attacktype1_txt_Bombing/Explosion,"region_txt_Central America & Caribbean, weaptype1_txt_Explosives",0.4857422767225674,0.0173316234706177,0.01682526927585846,0.03463826412101297,1.9985585412546738,1.0,0.008406567031942334,1.0179276223690772,0.9715738875376715,0.034602193622873444,0.017611883178249195,0.5027113200566956
"region_txt_Central America & Caribbean, weaptype1_txt_Explosives",attacktype1_txt_Bombing/Explosion,0.0173316234706177,0.4857422767225674,0.01682526927585846,0.9707843759923783,1.9985585412546736,1.0,0.008406567031942334,17.602147506528517,0.508451668268362,0.034602193622873444,0.9431887501437477,0.5027113200566956
attacktype1_txt_Bombing/Explosion,"weaptype1_txt_Explosives, targtype1_txt_Religious Figures/Institutions",0.4857422767225674,0.011635138779576313,0.011277388533279028,0.023216814911336467,1.9954050700357777,1.0,0.005625709732504595,1.0118569569056504,0.9700362282936166,0.023199728260869565,0.011718016884431939,0.4962347083071346
"weaptype1_txt_Explosives, targtype1_txt_Religious Figures/Institutions",attacktype1_txt_Bombing/Explosion,0.011635138779576313,0.4857422767225674,0.011277388533279028,0.9692526017029328,1.9954050700357777,1.0,0.005625709732504595,16.725243492438338,0.5047211225649295,0.023199728260869565,0.940210138019688,0.4962347083071346
"weaptype1_txt_Firearms, attacktype1_txt_Armed Assault",region_txt_Central America & Caribbean,0.20241508935500382,0.05693182381075562,0.022945550412513553,0.11335889278625227,1.991134047682421,1.0,0.011421690208716119,1.0636413860313985,0.6241011281525894,0.09706183646861614,0.059833499210531625,0.25819723448284
region_txt_Central America & Caribbean,"weaptype1_txt_Firearms, attacktype1_txt_Armed Assault",0.05693182381075562,0.20241508935500382,0.022945550412513553,0.4030355761794277,1.991134047682421,1.0,0.011421690208716119,1.336067743435116,0.5278236028941524,0.09706183646861614,0.25153495777920976,0.25819723448284
targtype1_txt_Military,"attacktype1_txt_Unknown, weaptype1_txt_Unknown",0.15401973680589573,0.03999647753603646,0.012262577673082321,0.0796169239565466,1.9905983941914005,1.0,0.006102330729819064,1.04304777809565,0.5882388978101788,0.0674681282742331,0.041271146921231634,0.19310418235807236
"attacktype1_txt_Unknown, weaptype1_txt_Unknown",targtype1_txt_Military,0.03999647753603646,0.15401973680589573,0.012262577673082321,0.30659144075959816,1.9905983941914003,1.0,0.006102330729819064,1.220031469067584,0.5183715329639794,0.0674681282742331,0.18034901119046073,0.19310418235807236
"region_txt_Middle East & North Africa, weaptype1_txt_Firearms",attacktype1_txt_Assassination,0.06536922577342852,0.10629035009989488,0.013825671056904305,0.21150122084701523,1.9898440512072828,1.0,0.0068775531636875165,1.1334318752657286,0.5322401827582205,0.08759633155490462,0.11772377165098345,0.17078789294214886
attacktype1_txt_Assassination,"region_txt_Middle East & North Africa, weaptype1_txt_Firearms",0.10629035009989488,0.06536922577342852,0.013825671056904305,0.1300745650372825,1.9898440512072826,1.0,0.0068775531636875165,1.074380328087116,0.5566103646093673,0.08759633155490462,0.06923091026763928,0.17078789294214886
attacktype1_txt_Bombing/Explosion,"weaptype1_txt_Explosives, targtype1_txt_Private Citizens & Property",0.4857422767225674,0.11337930882652415,0.10949909461668438,0.2254263214548751,1.988249212206685,1.0,0.054425971014057446,1.1446563648261427,0.9665288792316603,0.22363983812949642,0.12637536405794061,0.5956015102420007
"weaptype1_txt_Explosives, targtype1_txt_Private Citizens & Property",attacktype1_txt_Bombing/Explosion,0.11337930882652415,0.4857422767225674,0.10949909461668438,0.9657766990291262,1.9882492122066848,1.0,0.054425971014057446,15.02653772980867,0.5606060696121411,0.22363983812949642,0.933451070500674,0.5956015102420007
targtype1_txt_Military,attacktype1_txt_Unknown,0.15401973680589573,0.040046012185523776,0.012262577673082321,0.0796169239565466,1.9881361366944623,1.0,0.006094701416142256,1.0429939584951198,0.5875034642083315,0.06744974570113828,0.0412216754900032,0.192914564232259
attacktype1_txt_Unknown,targtype1_txt_Military,0.040046012185523776,0.15401973680589573,0.012262577673082321,0.3062122045079714,1.988136136694462,1.0,0.006094701416142256,1.2193645790412644,0.5177501646823381,0.06744974570113828,0.17990073093130324,0.192914564232259
"region_txt_South America, weaptype1_txt_Explosives",attacktype1_txt_Bombing/Explosion,0.050074026781733824,0.4857422767225674,0.04813667160178545,0.9613101780611123,1.9790539636519353,1.0,0.023813599828159244,13.291808995392264,0.5207859163396862,0.0987055198799192,0.9247656958998839,0.5302046896197579
attacktype1_txt_Bombing/Explosion,"region_txt_South America, weaptype1_txt_Explosives",0.4857422767225674,0.050074026781733824,0.04813667160178545,0.09909920117840348,1.9790539636519353,1.0,0.023813599828159244,1.054417949746294,0.9619847131599754,0.0987055198799192,0.05160946829422576,0.5302046896197579
"weaptype1_txt_Explosives, targtype1_txt_Military","attacktype1_txt_Bombing/Explosion, region_txt_South Asia",0.07113726051372936,0.11693479588972486,0.01634093048087137,0.2297098646034816,1.964426951410674,1.0,0.008022509442544245,1.1464059625477407,0.5285449317047802,0.0951541567848215,0.12770865411618423,0.18472690820308696
"attacktype1_txt_Bombing/Explosion, region_txt_South Asia","weaptype1_txt_Explosives, targtype1_txt_Military",0.11693479588972486,0.07113726051372936,0.01634093048087137,0.13974395180269228,1.964426951410674,1.0,0.008022509442544245,1.0797514779846422,0.5559563335977371,0.0951541567848215,0.07386095746171008,0.18472690820308696
"attacktype1_txt_Bombing/Explosion, targtype1_txt_Unknown, region_txt_South Asia",weaptype1_txt_Explosives,0.011948858226329318,0.508698834834967,0.011937850526443246,0.9990787655458313,1.9639887043774225,1.0,0.005859480269101312,533.3074147865798,0.4967679115004902,0.023466914787726664,0.9981249088756807,0.5112730940662746
weaptype1_txt_Explosives,"attacktype1_txt_Bombing/Explosion, targtype1_txt_Unknown, region_txt_South Asia",0.508698834834967,0.011948858226329318,0.011937850526443246,0.023467422586718023,1.9639887043774225,1.0,0.005859480269101312,1.011795371323812,0.9990452637939617,0.023466914787726664,0.011657862506703344,0.5112730940662746
weaptype1_txt_Explosives,"region_txt_Middle East & North Africa, targtype1_txt_Unknown, attacktype1_txt_Bombing/Explosion",0.508698834834967,0.011585604130088998,0.011558084880373822,0.022720879406227686,1.9611303088821446,1.0,0.005664501558538367,1.0113941606256491,0.9975347347251229,0.022719650333762484,0.011265796332659086,0.5101727912470568
"region_txt_Middle East & North Africa, targtype1_txt_Unknown, attacktype1_txt_Bombing/Explosion",weaptype1_txt_Explosives,0.011585604130088998,0.508698834834967,0.011558084880373822,0.997624703087886,1.9611303088821446,1.0,0.005664501558538367,206.8377905344782,0.49583451992492794,0.022719650333762484,0.9951652935500038,0.5101727912470568
weaptype1_txt_Explosives,"attacktype1_txt_Bombing/Explosion, targtype1_txt_Unknown",0.508698834834967,0.029588697293756985,0.029495131844725384,0.05798152035141627,1.9595834103737302,1.0,0.014443396007106663,1.0301404098444555,0.9967154330915052,0.057970857717728766,0.029258545297729484,0.527409658985232
"attacktype1_txt_Bombing/Explosion, targtype1_txt_Unknown",weaptype1_txt_Explosives,0.029588697293756985,0.508698834834967,0.029495131844725384,0.9968377976190476,1.9595834103737302,1.0,0.014443396007106663,155.36676846630405,0.504618456370208,0.057970857717728766,0.9935636171758514,0.527409658985232
attacktype1_txt_Bombing/Explosion,"weaptype1_txt_Explosives, targtype1_txt_Private Citizens & Property, region_txt_South Asia",0.4857422767225674,0.024668255444683557,0.023468416157101893,0.0483145430853776,1.9585715412149356,1.0,0.011486001594627432,1.0248467468625144,0.9517092023619903,0.048195494670690495,0.024244353547084752,0.49983777131957413
"weaptype1_txt_Explosives, targtype1_txt_Private Citizens & Property, region_txt_South Asia",attacktype1_txt_Bombing/Explosion,0.024668255444683557,0.4857422767225674,0.023468416157101893,0.9513609995537706,1.9585715412149356,1.0,0.011486001594627432,10.57295007215345,0.5018023973494288,0.048195494670690495,0.9054190180436249,0.49983777131957413
"targtype1_txt_Police, attacktype1_txt_Bombing/Explosion","region_txt_Middle East & North Africa, weaptype1_txt_Explosives",0.055682449873686646,0.17768078771100385,0.019368047949540702,0.34783038450133436,1.9576139265381762,1.0,0.009474346394305572,1.260897767615607,0.5180185910401951,0.09050693140608522,0.20691429100471154,0.2284175619189136
"region_txt_Middle East & North Africa, weaptype1_txt_Explosives","targtype1_txt_Police, attacktype1_txt_Bombing/Explosion",0.17768078771100385,0.055682449873686646,0.019368047949540702,0.10900473933649288,1.957613926538176,1.0,0.009474346394305572,1.059845761046022,0.5948712367418775,0.09050693140608522,0.05646648148779376,0.2284175619189136
attacktype1_txt_Bombing/Explosion,"region_txt_Middle East & North Africa, weaptype1_txt_Explosives",0.4857422767225674,0.17768078771100385,0.1687645508032869,0.34743640586935587,1.9553965870213157,1.0,0.08245748045068471,1.2601365134144562,0.9500971381059433,0.3411738525730181,0.20643518431950858,0.6486275979723138
"region_txt_Middle East & North Africa, weaptype1_txt_Explosives",attacktype1_txt_Bombing/Explosion,0.17768078771100385,0.4857422767225674,0.1687645508032869,0.9498187900752718,1.9553965870213157,1.0,0.08245748045068471,10.248013629978614,0.594166819688818,0.3411738525730181,0.9024201141697655,0.6486275979723138
attacktype1_txt_Bombing/Explosion,"region_txt_South America, targtype1_txt_Utilities",0.4857422767225674,0.010622430390057846,0.010088556945583436,0.020769361509262934,1.9552363015437781,1.0,0.004928793423589748,1.010362146281334,0.9500156152758502,0.020746559217674758,0.01025587342070578,0.48525514707587497
"region_txt_South America, targtype1_txt_Utilities",attacktype1_txt_Bombing/Explosion,0.010622430390057846,0.4857422767225674,0.010088556945583436,0.949740932642487,1.955236301543778,1.0,0.004928793423589748,10.232138205416957,0.49379820444320155,0.020746559217674758,0.9022687164770122,0.48525514707587497
"region_txt_Middle East & North Africa, targtype1_txt_Private Citizens & Property, attacktype1_txt_Bombing/Explosion",weaptype1_txt_Explosives,0.05884165974098882,0.508698834834967,0.058494917194577604,0.9941071929660461,1.9542155886568053,1.0,0.028562233444581003,83.37302788538534,0.5188135841108228,0.114910962384716,0.9880057132940557,0.554548240847163
weaptype1_txt_Explosives,"region_txt_Middle East & North Africa, targtype1_txt_Private Citizens & Property, attacktype1_txt_Bombing/Explosion",0.508698834834967,0.05884165974098882,0.058494917194577604,0.11498928872827992,1.9542155886568053,1.0,0.028562233444581003,1.0634428807156577,0.9938623523547941,0.114910962384716,0.05965800501947314,0.554548240847163
"attacktype1_txt_Bombing/Explosion, targtype1_txt_Military, region_txt_South Asia",weaptype1_txt_Explosives,0.016439999779846,0.508698834834967,0.01634093048087137,0.9939738868429865,1.9539535355245177,1.0,0.007977921748176596,81.52869890822252,0.4963775503372798,0.032116740945869936,0.987734380489431,0.5130484412684194
weaptype1_txt_Explosives,"attacktype1_txt_Bombing/Explosion, targtype1_txt_Military, region_txt_South Asia",0.508698834834967,0.016439999779846,0.01634093048087137,0.03212299569385238,1.9539535355245174,1.0,0.007977921748176596,1.0162035009037633,0.9937226657197473,0.032116740945869936,0.01594513391200943,0.5130484412684194
"attacktype1_txt_Bombing/Explosion, targtype1_txt_Government (General), region_txt_South Asia",weaptype1_txt_Explosives,0.010649949639773022,0.508698834834967,0.010583903440456599,0.993798449612403,1.9536086610750993,1.0,0.005166286467652986,79.22231288286086,0.493381242848904,0.020803132910707716,0.9873772935476068,0.5073021417343386
weaptype1_txt_Explosives,"attacktype1_txt_Bombing/Explosion, targtype1_txt_Government (General), region_txt_South Asia",0.508698834834967,0.010649949639773022,0.010583903440456599,0.020805833856274207,1.9536086610750991,1.0,0.005166286467652986,1.0103716755753327,0.9935387743185747,0.020803132910707716,0.010265208166516371,0.5073021417343386
"region_txt_Middle East & North Africa, attacktype1_txt_Bombing/Explosion, targtype1_txt_Business",weaptype1_txt_Explosives,0.016753719226599007,0.508698834834967,0.016643642227738304,0.9934296977660972,1.952883768818514,1.0,0.008121044778015203,74.77603733811803,0.49625080147563033,0.03271098803625901,0.9866267318301684,0.5130738820555325
weaptype1_txt_Explosives,"region_txt_Middle East & North Africa, attacktype1_txt_Bombing/Explosion, targtype1_txt_Business",0.508698834834967,0.016753719226599007,0.016643642227738304,0.03271806634496787,1.952883768818514,1.0,0.008121044778015203,1.0165043371150797,0.993152040903119,0.03271098803625901,0.016236366646423153,0.5130738820555325
weaptype1_txt_Explosives,"region_txt_Middle East & North Africa, targtype1_txt_Police, attacktype1_txt_Bombing/Explosion",0.508698834834967,0.01950564419811658,0.019368047949540702,0.03807370220500725,1.951932569788367,1.0,0.009445549473253363,1.0193029944700065,0.9926441360084656,0.03806340656131356,0.018937445072496152,0.5155097630663862
"region_txt_Middle East & North Africa, targtype1_txt_Police, attacktype1_txt_Bombing/Explosion",weaptype1_txt_Explosives,0.01950564419811658,0.508698834834967,0.019368047949540702,0.9929458239277652,1.951932569788367,1.0,0.009445549473253363,69.64685317379474,0.49738911573473416,0.03806340656131356,0.9856418494959904,0.5155097630663862
weaptype1_txt_Explosives,"attacktype1_txt_Bombing/Explosion, targtype1_txt_Private Citizens & Property, region_txt_South Asia",0.508698834834967,0.023644539355279017,0.023468416157101893,0.04613420466102612,1.9511568387026297,1.0,0.011440466536861935,1.023577389414362,0.9922295578577983,0.04611823746998638,0.02303430073602129,0.5193427075446657
"attacktype1_txt_Bombing/Explosion, targtype1_txt_Private Citizens & Property, region_txt_South Asia",weaptype1_txt_Explosives,0.023644539355279017,0.508698834834967,0.023468416157101893,0.9925512104283054,1.9511568387026297,1.0,0.011440466536861935,65.95718142340574,0.4992889962072007,0.04611823746998638,0.9848386486745,0.5193427075446657
"region_txt_Middle East & North Africa, attacktype1_txt_Bombing/Explosion",weaptype1_txt_Explosives,0.1701129940393305,0.508698834834967,0.1687645508032869,0.9920732496441051,1.9502172635523243,1.0,0.08222826894519178,61.98014862416718,0.5871119975893704,0.3308802106376321,0.983865801838202,0.6619152736870906
weaptype1_txt_Explosives,"region_txt_Middle East & North Africa, attacktype1_txt_Bombing/Explosion",0.508698834834967,0.1701129940393305,0.1687645508032869,0.33175729773007595,1.950217263552324,1.0,0.08222826894519178,1.2418946037744418,0.9917269739821657,0.3308802106376321,0.19477868978515633,0.6619152736870906
"attacktype1_txt_Bombing/Explosion, region_txt_South Asia",weaptype1_txt_Explosives,0.11693479588972486,0.508698834834967,0.11598813369952282,0.9919043584674764,1.9498852573335885,1.0,0.056503539278755094,60.68711950637488,0.5516572361249724,0.2275859089829154,0.9835220388093233,0.6099568965210815
weaptype1_txt_Explosives,"attacktype1_txt_Bombing/Explosion, region_txt_South Asia",0.508698834834967,0.11693479588972486,0.11598813369952282,0.2280094345746868,1.9498852573335885,1.0,0.056503539278755094,1.1438808240146918,0.9915492662305628,0.2275859089829154,0.12578305448788946,0.6099568965210815
weaptype1_txt_Explosives,"attacktype1_txt_Bombing/Explosion, targtype1_txt_Police, region_txt_South Asia",0.508698834834967,0.018140689412243866,0.017981077763895844,0.03534719667625993,1.948503492507992,1.0,0.008752930196784367,1.0178369950356547,0.9908090201873267,0.035336109458655555,0.01752441218255188,0.5132743264934697
"attacktype1_txt_Bombing/Explosion, targtype1_txt_Police, region_txt_South Asia",weaptype1_txt_Explosives,0.018140689412243866,0.508698834834967,0.017981077763895844,0.9912014563106795,1.948503492507992,1.0,0.008752930196784367,55.83891863392832,0.4957794063007469,0.035336109458655555,0.9820913437354356,0.5132743264934697
"attacktype1_txt_Bombing/Explosion, region_txt_Eastern Europe",weaptype1_txt_Explosives,0.015223648942435233,0.508698834834967,0.01508054884391632,0.9906001446131598,1.9473214341733889,1.0,0.007336296364962938,52.26688549409553,0.4939944946961221,0.0296370008220482,0.9808674270420615,0.5101227412525475
weaptype1_txt_Explosives,"attacktype1_txt_Bombing/Explosion, region_txt_Eastern Europe",0.508698834834967,0.015223648942435233,0.01508054884391632,0.029645337891935172,1.9473214341733889,1.0,0.007336296364962938,1.0148622864532533,0.9901749281745774,0.0296370008220482,0.014644633712022318,0.5101227412525475
"attacktype1_txt_Bombing/Explosion, targtype1_txt_Utilities",weaptype1_txt_Explosives,0.030006989889427654,0.508698834834967,0.029720789692389827,0.9904622157006603,1.9470502935631606,1.0,0.014456268898733343,51.51103754768757,0.501449576154267,0.058392266268734186,0.9805866849590396,0.5244436670869086
weaptype1_txt_Explosives,"attacktype1_txt_Bombing/Explosion, targtype1_txt_Utilities",0.508698834834967,0.030006989889427654,0.029720789692389827,0.05842511847315691,1.9470502935631606,1.0,0.014456268898733343,1.0301814854466453,0.9900293715549415,0.058392266268734186,0.029297250895127365,0.5244436670869086
weaptype1_txt_Explosives,"attacktype1_txt_Bombing/Explosion, targtype1_txt_Educational Institution",0.508698834834967,0.012284593072854462,0.012152500674221618,0.023889381775690825,1.9446620359350546,1.0,0.005903342491638846,1.0118888049019967,0.9887455280929522,0.02388318009734992,0.011749121884146473,0.5065683468018239
"attacktype1_txt_Bombing/Explosion, targtype1_txt_Educational Institution",weaptype1_txt_Explosives,0.012284593072854462,0.508698834834967,0.012152500674221618,0.989247311827957,1.9446620359350544,1.0,0.005903342491638846,45.69100836034811,0.4918135594493305,0.02388318009734992,0.9781138557478669,0.5065683468018239
weaptype1_txt_Explosives,"region_txt_Middle East & North Africa, targtype1_txt_Military, attacktype1_txt_Bombing/Explosion",0.508698834834967,0.026847780022125477,0.026523052875486404,0.05213900850410058,1.9420230820251208,1.0,0.012865618460325669,1.0266824235925784,0.9873232468330662,0.05210574687787209,0.02598897475931373,0.5200219437764455
"region_txt_Middle East & North Africa, targtype1_txt_Military, attacktype1_txt_Bombing/Explosion",weaptype1_txt_Explosives,0.026847780022125477,0.508698834834967,0.026523052875486404,0.9879048790487905,1.9420230820251208,1.0,0.012865618460325669,40.61978107923799,0.49845548476952295,0.05210574687787209,0.9753814527446794,0.5200219437764455
"weaptype1_txt_Explosives, region_txt_Southeast Asia",attacktype1_txt_Bombing/Explosion,0.027733899862954138,0.4857422767225674,0.026159798779246082,0.9432427068862869,1.9418583724080942,1.0,0.012688271117419039,9.060645690891532,0.4988648530240852,0.053681345365423926,0.8896325897606527,0.49854900626734605
attacktype1_txt_Bombing/Explosion,"weaptype1_txt_Explosives, region_txt_Southeast Asia",0.4857422767225674,0.027733899862954138,0.026159798779246082,0.05385530564840519,1.9418583724080942,1.0,0.012688271117419039,1.0276082568991758,0.9431640268891079,0.053681345365423926,0.026866519136858835,0.49854900626734605
weaptype1_txt_Explosives,"attacktype1_txt_Bombing/Explosion, targtype1_txt_Private Citizens & Property",0.508698834834967,0.11086955325250013,0.10949909461668438,0.21525328370804755,1.9415004155182123,1.0,0.053099882058464234,1.1330158231802183,0.9870410936191684,0.21467493930401946,0.11739979306455006,0.6014461414568832
"attacktype1_txt_Bombing/Explosion, targtype1_txt_Private Citizens & Property",weaptype1_txt_Explosives,0.11086955325250013,0.508698834834967,0.10949909461668438,0.9876389992057188,1.941500415518212,1.0,0.053099882058464234,39.74606695214636,0.5454030295945765,0.21467493930401946,0.9748402778769536,0.6014461414568832
attacktype1_txt_Bombing/Explosion,"weaptype1_txt_Explosives, region_txt_Western Europe",0.4857422767225674,0.04764682895685532,0.04492242323505292,0.09248201235057504,1.940989870161526,1.0,0.02177834405893926,1.0494041815191433,0.9427159533446593,0.09196619718309858,0.047078315856931764,0.5176514254891376
"weaptype1_txt_Explosives, region_txt_Western Europe",attacktype1_txt_Bombing/Explosion,0.04764682895685532,0.4857422767225674,0.04492242323505292,0.9428208386277,1.9409898701615258,1.0,0.02177834405893926,8.993796182651975,0.5090537571616652,0.09196619718309858,0.8888122457201234,0.5176514254891376
"region_txt_Middle East & North Africa, targtype1_txt_Government (General), attacktype1_txt_Bombing/Explosion",weaptype1_txt_Explosives,0.01023165704410235,0.508698834834967,0.010099564645469506,0.9870898332436794,1.9404208652530388,1.0,0.0048947326287036574,38.055369418408134,0.48965789505263946,0.019848566792861008,0.9737224992088428,0.5034717770290844
weaptype1_txt_Explosives,"region_txt_Middle East & North Africa, targtype1_txt_Government (General), attacktype1_txt_Bombing/Explosion",0.508698834834967,0.01023165704410235,0.010099564645469506,0.019853720814489433,1.9404208652530388,1.0,0.0048947326287036574,1.009816967094323,0.9864578343483589,0.019848566792861008,0.009721531142985672,0.5034717770290844
"attacktype1_txt_Bombing/Explosion, region_txt_Southeast Asia",weaptype1_txt_Explosives,0.026517549025543367,0.508698834834967,0.026159798779246082,0.9865089248650892,1.939278915755988,1.0,0.012670352487273056,36.41675405792501,0.49753790267666886,0.05138878377355635,0.9725401116637308,0.5189669242939257
weaptype1_txt_Explosives,"attacktype1_txt_Bombing/Explosion, region_txt_Southeast Asia",0.508698834834967,0.026517549025543367,0.026159798779246082,0.051424923722761993,1.9392789157559878,1.0,0.012670352487273056,1.026257673557026,0.9858401552694835,0.05138878377355635,0.025585848694330674,0.5189669242939257
weaptype1_txt_Explosives,"attacktype1_txt_Bombing/Explosion, region_txt_Sub-Saharan Africa",0.508698834834967,0.030584894133446346,0.03011156303834532,0.05919330058641508,1.9353769978129103,1.0,0.014553063029110346,1.0304083787570821,0.9837241122777258,0.059138273953649255,0.029510997177412325,0.5218586621701196
"attacktype1_txt_Bombing/Explosion, region_txt_Sub-Saharan Africa",weaptype1_txt_Explosives,0.030584894133446346,0.508698834834967,0.03011156303834532,0.984524023753824,1.9353769978129103,1.0,0.014553063029110346,31.74605319560561,0.4985529930761307,0.059138273953649255,0.9685000212833252,0.5218586621701196
"weaptype1_txt_Explosives, targtype1_txt_Military, region_txt_South Asia",attacktype1_txt_Bombing/Explosion,0.01738666197004805,0.4857422767225674,0.01634093048087137,0.9398543842988287,1.934882816130967,1.0,0.00789549371093455,8.550211304386364,0.4917222436759169,0.03356888461755894,0.8830438261231055,0.4867477688872762
attacktype1_txt_Bombing/Explosion,"weaptype1_txt_Explosives, targtype1_txt_Military, region_txt_South Asia",0.4857422767225674,0.01738666197004805,0.01634093048087137,0.03364115347572376,1.934882816130967,1.0,0.00789549371093455,1.0168203473938677,0.9395538722542573,0.03356888461755894,0.01654210346692876,0.4867477688872762
weaptype1_txt_Explosives,attacktype1_txt_Bombing/Explosion,0.508698834834967,0.4857422767225674,0.477684640405964,0.9390323069266224,1.9331904014254713,1.0,0.23058811020710981,8.434921797984032,0.9825345679596222,0.9243902439024392,0.8814452553384665,0.9612220058229509
attacktype1_txt_Bombing/Explosion,weaptype1_txt_Explosives,0.4857422767225674,0.508698834834967,0.477684640405964,0.9834117047192794,1.9331904014254713,1.0,0.23058811020710981,29.617339024344343,0.9386740465015164,0.9243902439024392,0.9662359944227927,0.9612220058229509
"attacktype1_txt_Bombing/Explosion, targtype1_txt_Religious Figures/Institutions",weaptype1_txt_Explosives,0.011470023281285258,0.508698834834967,0.011277388533279028,0.9832053742802304,1.9327847971171461,1.0,0.005442601054559272,29.253475091540878,0.48821162308706745,0.022160694779420512,0.9658160270917978,0.5026872304504391
weaptype1_txt_Explosives,"attacktype1_txt_Bombing/Explosion, targtype1_txt_Religious Figures/Institutions",0.508698834834967,0.011470023281285258,0.011277388533279028,0.02216908662064787,1.9327847971171461,1.0,0.005442601054559272,1.0109416292663391,0.9823136166224044,0.022160694779420512,0.010823205761424289,0.5026872304504391
weaptype1_txt_Explosives,"attacktype1_txt_Bombing/Explosion, targtype1_txt_Military",0.508698834834967,0.06538023347331458,0.06426845578482149,0.12633890896500985,1.9323716397644253,1.0,0.03100960719570825,1.0697738243321333,0.9820884554319969,0.1260633933583798,0.06522296839305589,0.5546670552906539
"attacktype1_txt_Bombing/Explosion, targtype1_txt_Military",weaptype1_txt_Explosives,0.06538023347331458,0.508698834834967,0.06426845578482149,0.9829952016162978,1.9323716397644253,1.0,0.03100960719570825,28.89191356928457,0.5162540101649895,0.1260633933583798,0.9653882392524143,0.5546670552906539
weaptype1_txt_Explosives,"attacktype1_txt_Bombing/Explosion, targtype1_txt_Business",0.508698834834967,0.06615627631528254,0.06493992547787177,0.12765888386384783,1.9296564282950397,1.0,0.03128630479926741,1.070502933326103,0.9806063291114421,0.127354366574201,0.06585963581346474,0.5546364302846694
"attacktype1_txt_Bombing/Explosion, targtype1_txt_Business",weaptype1_txt_Explosives,0.06615627631528254,0.508698834834967,0.06493992547787177,0.9816139767054908,1.9296564282950397,1.0,0.03128630479926741,26.721447987708927,0.5159032714378585,0.127354366574201,0.9625768783016561,0.5546364302846694
region_txt_Central America & Caribbean,targtype1_txt_Military,0.05693182381075562,0.15401973680589573,0.016869300075402743,0.29630703789636503,1.923825115152532,1.0,0.008100675556190534,1.2022008301249916,0.5091914291892592,0.08691829963417746,0.1681922230114989,0.20291695519746783
targtype1_txt_Military,region_txt_Central America & Caribbean,0.15401973680589573,0.05693182381075562,0.016869300075402743,0.1095268724985706,1.923825115152532,1.0,0.008100675556190534,1.0590641615827205,0.5676281744962298,0.08691829963417746,0.05577014474217694,0.20291695519746783
region_txt_Middle East & North Africa,"attacktype1_txt_Bombing/Explosion, weaptype1_txt_Explosives, targtype1_txt_Private Citizens & Property",0.2778013220247563,0.10949909461668438,0.058494917194577604,0.21056385465784364,1.9229734765839792,1.0,0.028075923949548807,1.1280214500405932,0.6645983178883761,0.17790127383204163,0.11349203513460325,0.37238421433570745
"attacktype1_txt_Bombing/Explosion, weaptype1_txt_Explosives, targtype1_txt_Private Citizens & Property",region_txt_Middle East & North Africa,0.10949909461668438,0.2778013220247563,0.058494917194577604,0.5342045740135712,1.9229734765839792,1.0,0.028075923949548807,1.5504632241628868,0.5389910595957814,0.17790127383204163,0.35503146129769597,0.37238421433570745
"weaptype1_txt_Explosives, region_txt_South Asia",attacktype1_txt_Bombing/Explosion,0.12421088551441734,0.4857422767225674,0.11598813369952282,0.9338000708968451,1.9224187715293037,1.0,0.05565365537602358,7.768251873443846,0.5478738739248434,0.23481041571493838,0.8712709092996135,0.5862927044190192
attacktype1_txt_Bombing/Explosion,"weaptype1_txt_Explosives, region_txt_South Asia",0.4857422767225674,0.12421088551441734,0.11598813369952282,0.23878533794119314,1.9224187715293035,1.0,0.05565365537602358,1.1505152989524583,0.9330379558258365,0.23481041571493838,0.13082424813429436,0.5862927044190192
weaptype1_txt_Explosives,"attacktype1_txt_Bombing/Explosion, targtype1_txt_Transportation",0.508698834834967,0.02385918950305739,0.023314308358696908,0.045831259602276415,1.9209059719486052,1.0,0.011177166458384938,1.023027447000685,0.9758012912820135,0.045782221021345576,0.022509119445619005,0.5114969446800309
"attacktype1_txt_Bombing/Explosion, targtype1_txt_Transportation",weaptype1_txt_Explosives,0.02385918950305739,0.508698834834967,0.023314308358696908,0.9771626297577853,1.9209059719486052,1.0,0.011177166458384938,21.51303586858996,0.49113028184154445,0.045782221021345576,0.953516555910175,0.5114969446800309
weaptype1_txt_Explosives,"attacktype1_txt_Bombing/Explosion, targtype1_txt_Police",0.508698834834967,0.055682449873686646,0.05440005283695945,0.10693960573864497,1.92052623369182,1.0,0.026074455465458595,1.0573949490922758,0.9755917786524205,0.10667069577698875,0.054279575613205636,0.5419545315438307
"attacktype1_txt_Bombing/Explosion, targtype1_txt_Police",weaptype1_txt_Explosives,0.055682449873686646,0.508698834834967,0.05440005283695945,0.9769694573490164,1.9205262336918199,1.0,0.026074455465458595,21.332591793882482,0.5075722435882378,0.10667069577698875,0.9531233705842171,0.5419545315438307
"attacktype1_txt_Bombing/Explosion, region_txt_South America, targtype1_txt_Business",weaptype1_txt_Explosives,0.011871804327126825,0.508698834834967,0.011596611829975068,0.9768196569309225,1.9202317560798505,1.0,0.0055574388013769314,21.19473226521949,0.4849872000797466,0.02278428997794022,0.9528184651031899,0.4998081363009188
weaptype1_txt_Explosives,"attacktype1_txt_Bombing/Explosion, region_txt_South America, targtype1_txt_Business",0.508698834834967,0.011871804327126825,0.011596611829975068,0.02279661567091511,1.9202317560798505,1.0,0.0055574388013769314,1.011179669983735,0.9754292497520554,0.02278428997794022,0.011056066805531195,0.4998081363009188
weaptype1_txt_Explosives,"attacktype1_txt_Bombing/Explosion, targtype1_txt_Government (General)",0.508698834834967,0.04520862343209075,0.044146380393084966,0.08678293986540585,1.9196103149604886,1.0,0.021148806328687614,1.045525120202187,0.9750860985934999,0.08660210108077177,0.043542827735581394,0.5316432352114953
"attacktype1_txt_Bombing/Explosion, targtype1_txt_Government (General)",weaptype1_txt_Explosives,0.04520862343209075,0.508698834834967,0.044146380393084966,0.9765035305575847,1.9196103149604886,1.0,0.021148806328687614,20.909573941272477,0.5017440962833619,0.08660210108077177,0.9521750178741737,0.5316432352114953
weaptype1_txt_Explosives,"region_txt_Middle East & North Africa, targtype1_txt_Unknown",0.508698834834967,0.011888315876955931,0.011563588730316857,0.022731698872611606,1.9121042128998496,1.0,0.005516016295559335,1.0110956049461,0.9709237156061614,0.022717197383359464,0.010973843513731195,0.49770844202889836
"region_txt_Middle East & North Africa, targtype1_txt_Unknown",weaptype1_txt_Explosives,0.011888315876955931,0.508698834834967,0.011563588730316857,0.9726851851851851,1.9121042128998493,1.0,0.005516016295559335,17.986618928075725,0.48275509785821946,0.022717197383359464,0.9444031141150672,0.49770844202889836
region_txt_Middle East & North Africa,"attacktype1_txt_Bombing/Explosion, targtype1_txt_Private Citizens & Property",0.2778013220247563,0.11086955325250013,0.05884165974098882,0.21181202203114474,1.9104615813572636,1.0,0.028041951275150166,1.1280690287090795,0.6598825240877433,0.17840038713768416,0.11352942546045869,0.37127038750484953
"attacktype1_txt_Bombing/Explosion, targtype1_txt_Private Citizens & Property",region_txt_Middle East & North Africa,0.11086955325250013,0.2778013220247563,0.05884165974098882,0.5307287529785544,1.9104615813572636,1.0,0.028041951275150166,1.5389791779470334,0.5359914152737061,0.17840038713768416,0.3502186291214288,0.37127038750484953
"attacktype1_txt_Bombing/Explosion, weaptype1_txt_Explosives",targtype1_txt_Unknown,0.477684640405964,0.032461706964021335,0.029495131844725384,0.06174603357490984,1.9021191227973793,1.0,0.013988673026653076,1.0312115137892428,0.9080157465327721,0.0613649375930379,0.030266839898397225,0.4851795613788418
targtype1_txt_Unknown,"attacktype1_txt_Bombing/Explosion, weaptype1_txt_Explosives",0.032461706964021335,0.477684640405964,0.029495131844725384,0.9086130891827737,1.9021191227973793,1.0,0.013988673026653076,5.715428554518777,0.49018273961966663,0.0613649375930379,0.8250349924837445,0.4851795613788418
"region_txt_South America, attacktype1_txt_Bombing/Explosion",weaptype1_txt_Explosives,0.04974929963509475,0.508698834834967,0.04813667160178545,0.9675849098351587,1.902078093316381,1.0,0.022829260843557096,15.156557105551943,0.49908853583959745,0.09432802338247824,0.9340219554456933,0.5311059814144525
weaptype1_txt_Explosives,"region_txt_South America, attacktype1_txt_Bombing/Explosion",0.508698834834967,0.04974929963509475,0.04813667160178545,0.09462705299374635,1.902078093316381,1.0,0.022829260843557096,1.049568250859545,0.965312652100803,0.09432802338247824,0.04722727732946487,0.5311059814144525
weaptype1_txt_Explosives,"attacktype1_txt_Bombing/Explosion, region_txt_Western Europe, targtype1_txt_Business",0.508698834834967,0.013088155164537594,0.012636839469208712,0.024841494817475607,1.8980134713549035,1.0,0.005978910186869182,1.012052747928131,0.9630210208768435,0.024819475072426173,0.01190920923124347,0.495179368098393
"attacktype1_txt_Bombing/Explosion, region_txt_Western Europe, targtype1_txt_Business",weaptype1_txt_Explosives,0.013088155164537594,0.508698834834967,0.012636839469208712,0.9655172413793104,1.8980134713549033,1.0,0.005978910186869182,14.247733789785974,0.47940791481137135,0.024819475072426173,0.9298133994672972,0.495179368098393
"region_txt_Middle East & North Africa, weaptype1_txt_Explosives, targtype1_txt_Military",attacktype1_txt_Bombing/Explosion,0.028779631352130814,0.4857422767225674,0.026523052875486404,0.9215911264104036,1.8972841578225896,1.0,0.012543569219266202,6.558667402482193,0.4869449180178288,0.05435064568882874,0.8475300028750444,0.48809713252138787
attacktype1_txt_Bombing/Explosion,"region_txt_Middle East & North Africa, weaptype1_txt_Explosives, targtype1_txt_Military",0.4857422767225674,0.028779631352130814,0.026523052875486404,0.05460313863237211,1.8972841578225896,1.0,0.012543569219266202,1.027314991550622,0.9196377640659071,0.05435064568882874,0.026588720864856575,0.48809713252138787
"region_txt_Middle East & North Africa, attacktype1_txt_Bombing/Explosion","targtype1_txt_Police, weaptype1_txt_Explosives",0.1701129940393305,0.06014607217748815,0.019368047949540702,0.1138540183771192,1.8929584967932984,1.0,0.009136419531722518,1.060608463293227,0.5684224436346034,0.09183913145601169,0.057144993077874975,0.2179354279294088
"targtype1_txt_Police, weaptype1_txt_Explosives","region_txt_Middle East & North Africa, attacktype1_txt_Bombing/Explosion",0.06014607217748815,0.1701129940393305,0.019368047949540702,0.3220168374816984,1.8929584967932984,1.0,0.009136419531722518,1.2240525308595218,0.5019145910914917,0.09183913145601169,0.18304159765283398,0.2179354279294088
attacktype1_txt_Bombing/Explosion,"region_txt_Middle East & North Africa, weaptype1_txt_Explosives, targtype1_txt_Police",0.4857422767225674,0.02108524913176767,0.019368047949540702,0.03987309500878137,1.891042157462933,1.0,0.009126051031013336,1.0195680860304457,0.9162547065965836,0.03973263179287997,0.01919252504914256,0.4792161089765911
"region_txt_Middle East & North Africa, weaptype1_txt_Explosives, targtype1_txt_Police",attacktype1_txt_Bombing/Explosion,0.02108524913176767,0.4857422767225674,0.019368047949540702,0.9185591229444009,1.891042157462933,1.0,0.009126051031013336,6.31449146755078,0.4813402381961003,0.03973263179287997,0.8416341196850373,0.4792161089765911
"attacktype1_txt_Bombing/Explosion, weaptype1_txt_Explosives","targtype1_txt_Unknown, region_txt_South Asia",0.477684640405964,0.013220247563170438,0.011937850526443246,0.02499107050270189,1.890363276730395,1.0,0.005622741323152354,1.0120725283465868,0.9017562686402566,0.02492415885273028,0.011928520939412953,0.4639942862921502
"targtype1_txt_Unknown, region_txt_South Asia","attacktype1_txt_Bombing/Explosion, weaptype1_txt_Explosives",0.013220247563170438,0.477684640405964,0.011937850526443246,0.9029975020815986,1.890363276730395,1.0,0.005622741323152354,5.384555767145378,0.47731132358349004,0.02492415885273028,0.8142836580685746,0.4639942862921502
"attacktype1_txt_Bombing/Explosion, region_txt_Western Europe",weaptype1_txt_Explosives,0.04682675531534308,0.508698834834967,0.04492242323505292,0.9593323930418429,1.885855298554146,1.0,0.02110170736703579,12.080896859029178,0.4928134787310908,0.0879791316345449,0.917224688558399,0.5238204388336906
weaptype1_txt_Explosives,"attacktype1_txt_Bombing/Explosion, region_txt_Western Europe",0.508698834834967,0.04682675531534308,0.04492242323505292,0.08830848462553827,1.885855298554146,1.0,0.02110170736703579,1.0454997426329644,0.9561072837852069,0.0879791316345449,0.04351961150978256,0.5238204388336906
"attacktype1_txt_Bombing/Explosion, targtype1_txt_Government (General)","weaptype1_txt_Explosives, region_txt_South Asia",0.04520862343209075,0.12421088551441734,0.010583903440456599,0.2341124908692476,1.8847985013525552,1.0,0.00496850029106877,1.1434957536774084,0.4916668897656832,0.06663432551370456,0.1254886633517748,0.15966081828113213
"weaptype1_txt_Explosives, region_txt_South Asia","attacktype1_txt_Bombing/Explosion, targtype1_txt_Government (General)",0.12421088551441734,0.04520862343209075,0.010583903440456599,0.08520914569301666,1.8847985013525552,1.0,0.00496850029106877,1.0437264125156007,0.5360186587475186,0.06663432551370456,0.04189451564247646,0.15966081828113213
"weaptype1_txt_Explosives, targtype1_txt_Private Citizens & Property",region_txt_Middle East & North Africa,0.11337930882652415,0.2778013220247563,0.05936452548557716,0.5235922330097088,1.8847722868757577,1.0,0.02786760360331563,1.5159254907570838,0.5294619580029606,0.17890790870488324,0.34033697164061827,0.36864320609553475
region_txt_Middle East & North Africa,"weaptype1_txt_Explosives, targtype1_txt_Private Citizens & Property",0.2778013220247563,0.11337930882652415,0.05936452548557716,0.2136941791813607,1.8847722868757575,1.0,0.02786760360331563,1.1275774230570959,0.6500038583160332,0.17890790870488324,0.11314293852319872,0.36864320609553475
targtype1_txt_Utilities,"attacktype1_txt_Bombing/Explosion, weaptype1_txt_Explosives",0.03314968820690073,0.477684640405964,0.029720789692389827,0.8965631744977586,1.876893453672296,1.0,0.013885692801706626,5.049607401019066,0.4832234111231708,0.06177500171597227,0.8019648022937014,0.47939080364228415
"attacktype1_txt_Bombing/Explosion, weaptype1_txt_Explosives",targtype1_txt_Utilities,0.477684640405964,0.03314968820690073,0.029720789692389827,0.06221843278680969,1.876893453672296,1.0,0.013885692801706626,1.0309973511915922,0.8944877785583265,0.06177500171597227,0.03006540332597991,0.47939080364228415
attacktype1_txt_Bombing/Explosion,targtype1_txt_Unknown,0.4857422767225674,0.032461706964021335,0.029588697293756985,0.060914395784941365,1.8765000821569653,1.0,0.013820673846752441,1.030298290904696,0.9082858544695224,0.060556225148405564,0.029407299975322005,0.4862049089809753
targtype1_txt_Unknown,attacktype1_txt_Bombing/Explosion,0.032461706964021335,0.4857422767225674,0.029588697293756985,0.9114954221770092,1.8765000821569653,1.0,0.013820673846752441,5.810521172203637,0.482764371153654,0.060556225148405564,0.8278983983771028,0.4862049089809753
attacktype1_txt_Bombing/Explosion,targtype1_txt_Utilities,0.4857422767225674,0.03314968820690073,0.030006989889427654,0.061775536796782056,1.8635329663197955,1.0,0.013904784867164451,1.030510661054551,0.9010751632223525,0.06137842523585437,0.029607322085662316,0.4834861413022595
targtype1_txt_Utilities,attacktype1_txt_Bombing/Explosion,0.03314968820690073,0.4857422767225674,0.030006989889427654,0.9051967458077369,1.8635329663197953,1.0,0.013904784867164451,5.424473322767028,0.47927259916913567,0.06137842523585437,0.8156503054770488,0.4834861413022595
attacktype1_txt_Bombing/Explosion,"targtype1_txt_Police, weaptype1_txt_Explosives",0.4857422767225674,0.06014607217748815,0.05440005283695945,0.11199365475043907,1.8620277384024548,1.0,0.025184562801546486,1.0583865001081496,0.9002316377232197,0.11068433017167047,0.055165575243243704,0.5082296238613103
"targtype1_txt_Police, weaptype1_txt_Explosives",attacktype1_txt_Bombing/Explosion,0.06014607217748815,0.4857422767225674,0.05440005283695945,0.9044655929721815,1.8620277384024546,1.0,0.025184562801546486,5.382958237524696,0.4925776854605901,0.11068433017167047,0.8142285420256501,0.5082296238613103
"targtype1_txt_Unknown, region_txt_South Asia",attacktype1_txt_Bombing/Explosion,0.013220247563170438,0.4857422767225674,0.011948858226329318,0.9038301415487094,1.8607195314500773,1.0,0.005527225076158935,5.347389832521184,0.468770757548255,0.024534954682096606,0.812992874781953,0.464214657200053
attacktype1_txt_Bombing/Explosion,"targtype1_txt_Unknown, region_txt_South Asia",0.4857422767225674,0.013220247563170438,0.011948858226329318,0.024599172851396522,1.860719531450077,1.0,0.005527225076158935,1.0116658966975558,0.899497413738485,0.024534954682096606,0.011531372892609614,0.464214657200053
attacktype1_txt_Bombing/Explosion,"weaptype1_txt_Explosives, targtype1_txt_Military",0.4857422767225674,0.07113726051372936,0.06426845578482149,0.1323097841482069,1.8599223978082677,1.0,0.029714080903076194,1.0705004188325735,0.8990495204293495,0.1304649006178564,0.06585744161544305,0.5178763620934458
"weaptype1_txt_Explosives, targtype1_txt_Military",attacktype1_txt_Bombing/Explosion,0.07113726051372936,0.4857422767225674,0.06426845578482149,0.9034429400386847,1.8599223978082677,1.0,0.029714080903076194,5.325946372885271,0.49775186347271777,0.1304649006178564,0.812239941977061,0.5178763620934458
"attacktype1_txt_Bombing/Explosion, region_txt_Central America & Caribbean",weaptype1_txt_Explosives,0.017826969965490862,0.508698834834967,0.01682526927585846,0.9438098178450137,1.8553410254049554,1.0,0.007756710425775307,8.743541065766687,0.46938320998085803,0.033010107118175536,0.8856298618056169,0.4884424632903254
weaptype1_txt_Explosives,"attacktype1_txt_Bombing/Explosion, region_txt_Central America & Caribbean",0.508698834834967,0.017826969965490862,0.01682526927585846,0.033075108735637154,1.8553410254049552,1.0,0.007756710425775307,1.0157697241098091,0.9383562716350649,0.033010107118175536,0.015524900708799284,0.4884424632903254
weaptype1_txt_Firearms,"region_txt_Middle East & North Africa, attacktype1_txt_Assassination",0.3221073140661893,0.023149192860405853,0.013825671056904305,0.04292256168409542,1.8541709831062723,1.0,0.00636914672183877,1.020660155628037,0.6795698233546407,0.041715101796804946,0.020241953714088406,0.32008229843596114
"region_txt_Middle East & North Africa, attacktype1_txt_Assassination",weaptype1_txt_Firearms,0.023149192860405853,0.3221073140661893,0.013825671056904305,0.5972420351878269,1.8541709831062718,1.0,0.00636914672183877,1.6831267042724958,0.47159239616373794,0.041715101796804946,0.4058676643525576,0.32008229843596114
"region_txt_Middle East & North Africa, attacktype1_txt_Armed Assault, weaptype1_txt_Firearms",targtype1_txt_Police,0.04293553340561723,0.13487734670401946,0.010699484289260338,0.24919882066401744,1.8475958102205987,1.0,0.004908453464188893,1.1522659754758313,0.47933665433921013,0.06402529394328624,0.13214481614190915,0.1642631661469112
targtype1_txt_Police,"region_txt_Middle East & North Africa, attacktype1_txt_Armed Assault, weaptype1_txt_Firearms",0.13487734670401946,0.04293553340561723,0.010699484289260338,0.07932751162980495,1.8475958102205987,1.0,0.004908453464188893,1.039527604749665,0.5302786577793381,0.06402529394328624,0.03802458402168549,0.1642631661469112
attacktype1_txt_Bombing/Explosion,"targtype1_txt_Police, weaptype1_txt_Explosives, region_txt_South Asia",0.4857422767225674,0.02006703689230617,0.017981077763895844,0.037017732706362244,1.8447034759055574,1.0,0.008233669576751292,1.0176022927833284,0.890424072153715,0.03685944445698039,0.01729781163835919,0.4665340994853807
"targtype1_txt_Police, weaptype1_txt_Explosives, region_txt_South Asia",attacktype1_txt_Bombing/Explosion,0.02006703689230617,0.4857422767225674,0.017981077763895844,0.8960504662643992,1.8447034759055574,1.0,0.008233669576751292,4.9471864355396225,0.46728447081217955,0.03685944445698039,0.7978649050263813,0.4665340994853807
"region_txt_Middle East & North Africa, attacktype1_txt_Armed Assault",targtype1_txt_Military,0.051037200521764976,0.15401973680589573,0.014497140749954594,0.2840504691038499,1.8442472049009289,1.0,0.006636404558282627,1.1816199699651948,0.482393347142193,0.07607659648210727,0.1537042150451677,0.1890878417560416
targtype1_txt_Military,"region_txt_Middle East & North Africa, attacktype1_txt_Armed Assault",0.15401973680589573,0.051037200521764976,0.014497140749954594,0.09412521440823328,1.8442472049009286,1.0,0.006636404558282627,1.0475650879920682,0.5411158641282612,0.07607659648210727,0.04540537722886423,0.1890878417560416
"region_txt_Eastern Europe, weaptype1_txt_Explosives",attacktype1_txt_Bombing/Explosion,0.01700139247403559,0.4857422767225674,0.01508054884391632,0.8870184525736484,1.8261092251607134,1.0,0.006822253756124349,4.551696582246387,0.46021187304120387,0.030924111778249292,0.7803017002714024,0.45903242610553135
attacktype1_txt_Bombing/Explosion,"region_txt_Eastern Europe, weaptype1_txt_Explosives",0.4857422767225674,0.01700139247403559,0.01508054884391632,0.03104639963741431,1.8261092251607132,1.0,0.006822253756124349,1.014495025518377,0.8796904934811539,0.030924111778249292,0.014287921728320194,0.45903242610553135
attacktype1_txt_Armed Assault,"targtype1_txt_Private Citizens & Property, region_txt_Sub-Saharan Africa",0.23484377321936695,0.03147101397427501,0.013456913110720949,0.0573015538212754,1.8207724056210823,1.0,0.006066141441962781,1.0274006390396695,0.5891379066719633,0.05321927647903879,0.026669867623677204,0.242449307865517
"targtype1_txt_Private Citizens & Property, region_txt_Sub-Saharan Africa",attacktype1_txt_Armed Assault,0.03147101397427501,0.23484377321936695,0.013456913110720949,0.4275970619097586,1.8207724056210821,1.0,0.006066141441962781,1.3367440588853223,0.4654300947381115,0.05321927647903879,0.2519136379525971,0.242449307865517
targtype1_txt_Military,"region_txt_Middle East & North Africa, attacktype1_txt_Armed Assault, weaptype1_txt_Firearms",0.15401973680589573,0.04293553340561723,0.012009400575702704,0.07797312750142939,1.8160512125191905,1.0,0.005396481020948794,1.038000621392807,0.5311645616273851,0.06493467845132875,0.03660943992674798,0.17884042863983146
"region_txt_Middle East & North Africa, attacktype1_txt_Armed Assault, weaptype1_txt_Firearms",targtype1_txt_Military,0.04293553340561723,0.15401973680589573,0.012009400575702704,0.27970772977823355,1.8160512125191905,1.0,0.005396481020948794,1.1744958236656358,0.4695135503712719,0.06493467845132875,0.14857083367144652,0.17884042863983146
"targtype1_txt_Police, region_txt_South Asia","weaptype1_txt_Firearms, attacktype1_txt_Armed Assault",0.04662311286745078,0.20241508935500382,0.017083950223181116,0.3664266320387204,1.8102733012955692,1.0,0.007646728666107638,1.2588674824061419,0.46948612700671455,0.0736522399392559,0.2056352126209141,0.2254136042429782
"weaptype1_txt_Firearms, attacktype1_txt_Armed Assault","targtype1_txt_Police, region_txt_South Asia",0.20241508935500382,0.04662311286745078,0.017083950223181116,0.08440057644723604,1.810273301295569,1.0,0.007646728666107638,1.0412598158190172,0.5611906849586865,0.0736522399392559,0.03962489975334699,0.2254136042429782
region_txt_Western Europe,"attacktype1_txt_Assassination, weaptype1_txt_Firearms",0.09157855920216192,0.07492941312448058,0.012416685471487306,0.13558507121822225,1.8095039793381824,1.0,0.005554757775683814,1.0701696096100792,0.49246125721307177,0.08058006214951602,0.06556868087073196,0.15064841925829578
"attacktype1_txt_Assassination, weaptype1_txt_Firearms",region_txt_Western Europe,0.07492941312448058,0.09157855920216192,0.012416685471487306,0.1657117672983693,1.8095039793381824,1.0,0.005554757775683814,1.088858029144371,0.48359808555323996,0.08058006214951602,0.08160662525875492,0.15064841925829578
"weaptype1_txt_Firearms, region_txt_South Asia",targtype1_txt_Police,0.08348789978590024,0.13487734670401946,0.020237656240540258,0.24240226778297844,1.7972051920246934,1.0,0.00897702983552696,1.1419287789633423,0.48398761770579923,0.10214456358686592,0.12428864354586719,0.1962235773747178
targtype1_txt_Police,"weaptype1_txt_Firearms, region_txt_South Asia",0.13487734670401946,0.08348789978590024,0.020237656240540258,0.15004488696645718,1.7972051920246932,1.0,0.00897702983552696,1.0783064730830443,0.5127371318866629,0.10214456358686592,0.07261986739183153,0.1962235773747178
region_txt_Central America & Caribbean,attacktype1_txt_Armed Assault,0.05693182381075562,0.23484377321936695,0.024002289601576302,0.4215970610982212,1.795223502495885,1.0,0.010632205281598254,1.3228774878520588,0.4697076049965868,0.0896366028118063,0.24407210101996019,0.26190120462162225
attacktype1_txt_Armed Assault,region_txt_Central America & Caribbean,0.23484377321936695,0.05693182381075562,0.024002289601576302,0.10220534814502331,1.7952235024958847,1.0,0.010632205281598254,1.0504274827664943,0.5789226812544068,0.0896366028118063,0.048006629295041243,0.26190120462162225
weaptype1_txt_Explosives,targtype1_txt_Unknown,0.508698834834967,0.032461706964021335,0.029544666494212703,0.05807889554887154,1.7891510022329633,1.0,0.013031433984860914,1.027196745527618,0.8977704824538666,0.05774775162442447,0.026476666369935196,0.4841089628642967
targtype1_txt_Unknown,weaptype1_txt_Explosives,0.032461706964021335,0.508698834834967,0.029544666494212703,0.9101390301797219,1.789151002232963,1.0,0.013031433984860914,5.467347683289362,0.45587413671900706,0.05774775162442447,0.8170959562245431,0.4841089628642967
"weaptype1_txt_Firearms, region_txt_South Asia",attacktype1_txt_Assassination,0.08348789978590024,0.10629035009989488,0.015873103235713382,0.19012459621596678,1.7887286666878222,1.0,0.006999145138365108,1.1035149922128364,0.48111063315579283,0.09127448808431181,0.09380479009647319,0.1697308979422833
attacktype1_txt_Assassination,"weaptype1_txt_Firearms, region_txt_South Asia",0.10629035009989488,0.08348789978590024,0.015873103235713382,0.14933719966859985,1.7887286666878222,1.0,0.006999145138365108,1.0774094034170134,0.4933858741239257,0.09127448808431181,0.07184771468627313,0.1697308979422833
attacktype1_txt_Assassination,"targtype1_txt_Police, weaptype1_txt_Firearms",0.10629035009989488,0.059348013935748054,0.011249869283563852,0.10584092792046396,1.7833946058422534,1.0,0.004941748104599752,1.051996244780683,0.49151489215471106,0.07286727745891412,0.04942626462656527,0.14769928247085054
"targtype1_txt_Police, weaptype1_txt_Firearms",attacktype1_txt_Assassination,0.059348013935748054,0.10629035009989488,0.011249869283563852,0.18955763702123712,1.7833946058422532,1.0,0.004941748104599752,1.1027430089109547,0.466986312362147,0.07286727745891412,0.09317040151759522,0.14769928247085054
attacktype1_txt_Bombing/Explosion,"weaptype1_txt_Explosives, region_txt_Sub-Saharan Africa",0.4857422767225674,0.03477882779003913,0.03011156303834532,0.061990822049742225,1.7824298859059529,1.0,0.013218016045869616,1.0290103710063552,0.8535955697707638,0.06140085070087427,0.028192496231095703,0.4638961864640229
"weaptype1_txt_Explosives, region_txt_Sub-Saharan Africa",attacktype1_txt_Bombing/Explosion,0.03477882779003913,0.4857422767225674,0.03011156303834532,0.8658015508783036,1.7824298859059526,1.0,0.013218016045869616,3.8320690488090774,0.4547850036328552,0.06140085070087427,0.7390443681303764,0.4638961864640229
weaptype1_txt_Explosives,"targtype1_txt_Unknown, region_txt_South Asia",0.508698834834967,0.013220247563170438,0.011965369776158422,0.02352151991863761,1.7792041946449568,1.0,0.005240245244543808,1.010549410525267,0.8914103943320001,0.02346363891467179,0.010439282251209981,0.46430031033400654
"targtype1_txt_Unknown, region_txt_South Asia",weaptype1_txt_Explosives,0.013220247563170438,0.508698834834967,0.011965369776158422,0.9050791007493755,1.7792041946449568,1.0,0.005240245244543808,5.175900871607055,0.44381835388699803,0.02346363891467179,0.8067969181006529,0.46430031033400654
"targtype1_txt_Private Citizens & Property, region_txt_Sub-Saharan Africa","weaptype1_txt_Firearms, attacktype1_txt_Armed Assault",0.03147101397427501,0.20241508935500382,0.011326923182766345,0.359916054564533,1.7781088144733004,1.0,0.004956715077070895,1.2460629833519365,0.45182408466154333,0.05089398323317753,0.19747234821952722,0.2079374709563019
"weaptype1_txt_Firearms, attacktype1_txt_Armed Assault","targtype1_txt_Private Citizens & Property, region_txt_Sub-Saharan Africa",0.20241508935500382,0.03147101397427501,0.011326923182766345,0.0559588873480708,1.7781088144733004,1.0,0.004956715077070895,1.025939414126792,0.5486622386390947,0.05089398323317753,0.025283573054720506,0.2079374709563019
targtype1_txt_Utilities,weaptype1_txt_Explosives,0.03314968820690073,0.508698834834967,0.029858385940965706,0.9007139299352481,1.770623143313193,1.0,0.012995178174972859,4.948339327406339,0.45014939366666634,0.05831828345373238,0.797911999595196,0.4797047675340015
weaptype1_txt_Explosives,targtype1_txt_Utilities,0.508698834834967,0.03314968820690073,0.029858385940965706,0.058695605132754854,1.770623143313193,1.0,0.012995178174972859,1.0271388480338042,0.8858661702418188,0.05831828345373238,0.026421791061407664,0.4797047675340015
"weaptype1_txt_Explosives, targtype1_txt_Private Citizens & Property","attacktype1_txt_Bombing/Explosion, region_txt_South Asia",0.11337930882652415,0.11693479588972486,0.023468416157101893,0.20699029126213592,1.7701342845575043,1.0,0.01021042982135421,1.1135616555259347,0.4907071449704299,0.11345857059230481,0.10198057284246152,0.2038434464876998
"attacktype1_txt_Bombing/Explosion, region_txt_South Asia","weaptype1_txt_Explosives, targtype1_txt_Private Citizens & Property",0.11693479588972486,0.11337930882652415,0.023468416157101893,0.20069660171326367,1.7701342845575043,1.0,0.01021042982135421,1.1092417385862483,0.4926828800550439,0.11345857059230481,0.09848325643198311,0.2038434464876998
targtype1_txt_Police,"region_txt_Middle East & North Africa, attacktype1_txt_Armed Assault",0.13487734670401946,0.051037200521764976,0.01204792752530395,0.08932506324981637,1.750195197554447,1.0,0.0051641653357272915,1.0420433913166478,0.49546172188038823,0.06929408040519151,0.0403470639197902,0.16269337385503868
"region_txt_Middle East & North Africa, attacktype1_txt_Armed Assault",targtype1_txt_Police,0.051037200521764976,0.13487734670401946,0.01204792752530395,0.23606168446026096,1.7501951975544467,1.0,0.0051641653357272915,1.1324509265970677,0.4516880531833615,0.06929408040519151,0.11695952865266579,0.16269337385503868
"weaptype1_txt_Firearms, attacktype1_txt_Armed Assault",targtype1_txt_Military,0.20241508935500382,0.15401973680589573,0.0543450143375291,0.26848301927835333,1.7431728221735026,1.0,0.023169095549529544,1.156473855684852,0.5345304421981929,0.17989687904239618,0.13530254481385554,0.3106637509199085
targtype1_txt_Military,"weaptype1_txt_Firearms, attacktype1_txt_Armed Assault",0.15401973680589573,0.20241508935500382,0.0543450143375291,0.35284448256146367,1.7431728221735023,1.0,0.023169095549529544,1.2324470535333831,0.5039519638058704,0.17989687904239618,0.18860611729077173,0.3106637509199085
region_txt_Sub-Saharan Africa,attacktype1_txt_Hostage Taking (Kidnapping),0.09659256650026693,0.06141195766438624,0.010303207093361806,0.10666666666666667,1.7369038656868019,1.0,0.004371268488753001,1.0506582563458364,0.4696252002851207,0.06975704277835743,0.04821573146155486,0.13721933440879489
attacktype1_txt_Hostage Taking (Kidnapping),region_txt_Sub-Saharan Africa,0.06141195766438624,0.09659256650026693,0.010303207093361806,0.1677720021509231,1.7369038656868019,1.0,0.004371268488753001,1.085528768359899,0.4520224824520767,0.06975704277835743,0.07878996011236299,0.13721933440879489
"weaptype1_txt_Explosives, targtype1_txt_Government (General)",attacktype1_txt_Bombing/Explosion,0.05247920920684018,0.4857422767225674,0.044146380393084966,0.8412165705296278,1.7318166666602302,1.0,0.018655009832354495,3.238736718263094,0.44597614890874987,0.08935155788746671,0.691237637699587,0.46605046984359133
attacktype1_txt_Bombing/Explosion,"weaptype1_txt_Explosives, targtype1_txt_Government (General)",0.4857422767225674,0.05247920920684018,0.044146380393084966,0.09088436915755482,1.7318166666602302,1.0,0.018655009832354495,1.0422445271512117,0.821711865785508,0.08935155788746671,0.040532260952887464,0.46605046984359133
"weaptype1_txt_Explosives, targtype1_txt_Government (General)","attacktype1_txt_Bombing/Explosion, region_txt_South Asia",0.05247920920684018,0.11693479588972486,0.010583903440456599,0.20167802831672785,1.7247050100204557,1.0,0.004447257823400572,1.1061516974765466,0.4434633062731371,0.06663663455540925,0.09596486423942535,0.14609459167883837
"attacktype1_txt_Bombing/Explosion, region_txt_South Asia","weaptype1_txt_Explosives, targtype1_txt_Government (General)",0.11693479588972486,0.05247920920684018,0.010583903440456599,0.09051115504094888,1.7247050100204555,1.0,0.004447257823400572,1.0418168359567082,0.47583202315284484,0.06663663455540925,0.04013837606905971,0.14609459167883837
"attacktype1_txt_Bombing/Explosion, targtype1_txt_Business",region_txt_South America,0.06615627631528254,0.10445206421892113,0.011871804327126825,0.17945091514143097,1.7180217210960973,1.0,0.004961644704958243,1.0914008099045491,0.4475429578189892,0.07478936236607608,0.08374632772404009,0.14655441741896083
region_txt_South America,"attacktype1_txt_Bombing/Explosion, targtype1_txt_Business",0.10445206421892113,0.06615627631528254,0.011871804327126825,0.11365791969649068,1.7180217210960973,1.0,0.004961644704958243,1.0535929010218517,0.46668097322344076,0.07478936236607608,0.05086680156052059,0.14655441741896083
"attacktype1_txt_Bombing/Explosion, weaptype1_txt_Explosives, targtype1_txt_Business",region_txt_South America,0.06493992547787177,0.10445206421892113,0.011596611829975068,0.17857445546232734,1.709630698040137,1.0,0.004813502563588454,1.090236287069846,0.4439055483708789,0.07349145448203698,0.08276764233592718,0.14479887279386786
region_txt_South America,"attacktype1_txt_Bombing/Explosion, weaptype1_txt_Explosives, targtype1_txt_Business",0.10445206421892113,0.06493992547787177,0.011596611829975068,0.11102329012540837,1.7096306980401368,1.0,0.004813502563588454,1.051838663640623,0.4634909406367368,0.07349145448203698,0.04928385448505859,0.14479887279386786
weaptype1_txt_Firearms,region_txt_Central America & Caribbean,0.3221073140661893,0.05693182381075562,0.03125636382649664,0.09703711297929056,1.704444131314799,1.0,0.012918206973924623,1.0444152132330273,0.6096812469462661,0.08987323743056545,0.042526394359517716,0.32302551704648985
region_txt_Central America & Caribbean,weaptype1_txt_Firearms,0.05693182381075562,0.3221073140661893,0.03125636382649664,0.5490139211136892,1.704444131314799,1.0,0.012918206973924623,1.5031343929902121,0.4382487591999321,0.08987323743056545,0.334723492015453,0.32302551704648985
"weaptype1_txt_Explosives, region_txt_South Asia","attacktype1_txt_Bombing/Explosion, targtype1_txt_Private Citizens & Property",0.12421088551441734,0.11086955325250013,0.023468416157101893,0.1889400921658986,1.7041657210938386,1.0,0.009697210771021003,1.0962574258193605,0.47180605645916185,0.11090303786932999,0.08780549490683381,0.20030801272313992
"attacktype1_txt_Bombing/Explosion, targtype1_txt_Private Citizens & Property","weaptype1_txt_Explosives, region_txt_South Asia",0.11086955325250013,0.12421088551441734,0.023468416157101893,0.21167593328038126,1.7041657210938386,1.0,0.009697210771021003,1.110950624823525,0.4647266437751937,0.11090303786932999,0.09986998732832934,0.20030801272313992
targtype1_txt_Private Citizens & Property,"region_txt_Sub-Saharan Africa, attacktype1_txt_Armed Assault",0.23947801487140255,0.033045115057983056,0.013456913110720949,0.05619268690675921,1.7004839235136555,1.0,0.0055433345554380745,1.0245257390228437,0.5416439154524448,0.05194391332058636,0.023938626516338646,0.23171060061527168
"region_txt_Sub-Saharan Africa, attacktype1_txt_Armed Assault",targtype1_txt_Private Citizens & Property,0.033045115057983056,0.23947801487140255,0.013456913110720949,0.40722851432378415,1.7004839235136555,1.0,0.0055433345554380745,1.2829935371486652,0.4260096434979186,0.05194391332058636,0.2205728469822164,0.23171060061527168
"weaptype1_txt_Explosives, targtype1_txt_Business",region_txt_South America,0.0661342609155104,0.10445206421892113,0.011728704228607912,0.17734687083888148,1.697878085656403,1.0,0.004820844160390133,1.0886094078245263,0.440137746431487,0.07383154904202613,0.08139687861195613,0.14481739157920467
region_txt_South America,"weaptype1_txt_Explosives, targtype1_txt_Business",0.10445206421892113,0.0661342609155104,0.011728704228607912,0.11228791231952788,1.697878085656403,1.0,0.004820844160390133,1.051991689698192,0.4589699171287024,0.07383154904202613,0.049422148679813406,0.14481739157920467
"targtype1_txt_Police, region_txt_South Asia",attacktype1_txt_Armed Assault,0.04662311286745078,0.23484377321936695,0.018558982007914535,0.39806398300082635,1.6950161272915498,1.0,0.007609834262889975,1.2711587364304262,0.4300871117756573,0.07059119075531736,0.21331618833999755,0.2385454556078448
attacktype1_txt_Armed Assault,"targtype1_txt_Police, region_txt_South Asia",0.23484377321936695,0.04662311286745078,0.018558982007914535,0.07902692821486325,1.6950161272915498,1.0,0.007609834262889975,1.0351843244282959,0.5358841730213876,0.07059119075531736,0.03398846330843274,0.2385454556078448
attacktype1_txt_Bombing/Explosion,"weaptype1_txt_Explosives, targtype1_txt_Government (General), region_txt_South Asia",0.4857422767225674,0.012879008866702258,0.010583903440456599,0.021789133760126905,1.6918331205176143,1.0,0.004328024351614512,1.009108593250118,0.7951755242177666,0.021686665463731505,0.009026375665656826,0.42179200277749934
"weaptype1_txt_Explosives, targtype1_txt_Government (General), region_txt_South Asia",attacktype1_txt_Bombing/Explosion,0.012879008866702258,0.4857422767225674,0.010583903440456599,0.8217948717948718,1.6918331205176143,1.0,0.004328024351614512,2.8857627637150887,0.4142604182904541,0.021686665463731505,0.6534711679789593,0.42179200277749934
targtype1_txt_Military,attacktype1_txt_Armed Assault,0.15401973680589573,0.23484377321936695,0.06110374206757627,0.396726700971984,1.6893217798940856,1.0,0.024933165925825902,1.2683409459915433,0.48233567894479046,0.18642843948884152,0.21156846417330163,0.3284577984458692
attacktype1_txt_Armed Assault,targtype1_txt_Military,0.23484377321936695,0.15401973680589573,0.06110374206757627,0.26018889591975436,1.6893217798940854,1.0,0.024933165925825902,1.143508469294809,0.5332851649635806,0.18642843948884152,0.12549838776735014,0.3284577984458692
targtype1_txt_Private Citizens & Property,"weaptype1_txt_Firearms, region_txt_Sub-Saharan Africa, attacktype1_txt_Armed Assault",0.23947801487140255,0.028009092360105892,0.011326923182766345,0.04729838431660959,1.6886796511827695,1.0,0.0046193613460184186,1.0202469394813267,0.5362387667471099,0.044218125564006706,0.019845136209494307,0.22585001746779587
"weaptype1_txt_Firearms, region_txt_Sub-Saharan Africa, attacktype1_txt_Armed Assault",targtype1_txt_Private Citizens & Property,0.028009092360105892,0.23947801487140255,0.011326923182766345,0.40440165061898214,1.6886796511827695,1.0,0.0046193613460184186,1.2769041182182226,0.4195732369345514,0.044218125564006706,0.2168558423984186,0.22585001746779587
attacktype1_txt_Bombing/Explosion,"region_txt_Middle East & North Africa, weaptype1_txt_Explosives, targtype1_txt_Government (General)",0.4857422767225674,0.012372654671943024,0.010099564645469506,0.020792023114837688,1.6804819714225865,1.0,0.004089643196017791,1.0085981411933311,0.7874118442465331,0.020695177516127577,0.008524843386245071,0.4185365809524366
"region_txt_Middle East & North Africa, weaptype1_txt_Explosives, targtype1_txt_Government (General)",attacktype1_txt_Bombing/Explosion,0.012372654671943024,0.4857422767225674,0.010099564645469506,0.8162811387900356,1.6804819714225865,1.0,0.004089643196017791,2.799155840018568,0.41000547850302926,0.020695177516127577,0.6427494369183223,0.4185365809524366
attacktype1_txt_Assassination,region_txt_Western Europe,0.10629035009989488,0.09157855920216192,0.01617031113263728,0.15213338856669428,1.6612336980630598,1.0,0.00643639401339554,1.0714202311400909,0.4453770134314726,0.08899524429770089,0.06665940129214581,0.16435324996578
region_txt_Western Europe,attacktype1_txt_Assassination,0.09157855920216192,0.10629035009989488,0.01617031113263728,0.17657311136486567,1.6612336980630598,1.0,0.00643639401339554,1.085353978883866,0.4381641789495983,0.08899524429770089,0.0786416049919867,0.16435324996578
targtype1_txt_Unknown,region_txt_South Asia,0.032461706964021335,0.24753014733806297,0.013220247563170438,0.4072566971854866,1.6452811973213024,1.0,0.005184996455521212,1.2694700203089544,0.40535983409788984,0.0495564266556633,0.21226969995193173,0.23033266664317245
region_txt_South Asia,targtype1_txt_Unknown,0.24753014733806297,0.032461706964021335,0.013220247563170438,0.053408636100858276,1.6452811973213022,1.0,0.005184996455521212,1.0221287980597602,0.5212184389327615,0.0495564266556633,0.021649715869238483,0.23033266664317245
"weaptype1_txt_Explosives, targtype1_txt_Unknown",region_txt_South Asia,0.029544666494212703,0.24753014733806297,0.011965369776158422,0.40499254843517135,1.6361342357303046,1.0,0.004652174125792019,1.2646393766716584,0.40063998025368475,0.045133698721142666,0.2092607438558096,0.2266657943847934
region_txt_South Asia,"weaptype1_txt_Explosives, targtype1_txt_Unknown",0.24753014733806297,0.029544666494212703,0.011965369776158422,0.04833904033441544,1.6361342357303046,1.0,0.004652174125792019,1.019749022642273,0.5167027014802144,0.045133698721142666,0.019366552165062275,0.2266657943847934
region_txt_South Asia,"attacktype1_txt_Bombing/Explosion, weaptype1_txt_Explosives, targtype1_txt_Unknown",0.24753014733806297,0.029495131844725384,0.011937850526443246,0.048227864988660114,1.6351127108890922,1.0,0.004636916195162779,1.0196819516508662,0.5161952515460748,0.045033635080142846,0.019302049643029316,0.22648377761468833
"attacktype1_txt_Bombing/Explosion, weaptype1_txt_Explosives, targtype1_txt_Unknown",region_txt_South Asia,0.029495131844725384,0.24753014733806297,0.011937850526443246,0.40473969024071654,1.6351127108890922,1.0,0.004636916195162779,1.2641021756787838,0.40022608605145243,0.045033635080142846,0.20892470621448708,0.22648377761468833
region_txt_South Asia,"attacktype1_txt_Bombing/Explosion, targtype1_txt_Unknown",0.24753014733806297,0.029588697293756985,0.011948858226329318,0.048272335126962246,1.6314450970150478,1.0,0.0046247636256643064,1.0196312858423608,0.5143681009479494,0.045061126216816454,0.019253318444561705,0.22605209018252875
"attacktype1_txt_Bombing/Explosion, targtype1_txt_Unknown",region_txt_South Asia,0.029588697293756985,0.24753014733806297,0.011948858226329318,0.40383184523809523,1.6314450970150478,1.0,0.0046247636256643064,1.2621772005961227,0.39884787827071316,0.045061126216816454,0.2077182193374252,0.22605209018252875
weaptype1_txt_Unknown,region_txt_Sub-Saharan Africa,0.08342185358658381,0.09659256650026693,0.013049628214936347,0.1564293725671307,1.6194763037660709,1.0,0.004991697274798718,1.070932775657395,0.41733095799000836,0.07815796413502109,0.06623457351359223,0.1457645438334229
region_txt_Sub-Saharan Africa,weaptype1_txt_Unknown,0.09659256650026693,0.08342185358658381,0.013049628214936347,0.1350997150997151,1.6194763037660709,1.0,0.004991697274798718,1.0597500803449142,0.4234151964342124,0.07815796413502109,0.056381293526741316,0.1457645438334229
targtype1_txt_Business,region_txt_South America,0.11375907447259358,0.10445206421892113,0.019230451700964823,0.16904543035463737,1.6184020068797778,1.0,0.007348081548668449,1.0777339321490025,0.4311542591814988,0.09664481509141704,0.0721272011859189,0.17657667239093444
region_txt_South America,targtype1_txt_Business,0.10445206421892113,0.11375907447259358,0.019230451700964823,0.18410791442723154,1.6184020068797778,1.0,0.007348081548668449,1.086223216524097,0.4266734749031934,0.09664481509141704,0.0793789114543238,0.17657667239093444
targtype1_txt_Police,"weaptype1_txt_Firearms, attacktype1_txt_Armed Assault",0.13487734670401946,0.20241508935500382,0.04412436499331282,0.3271443728066596,1.61620546101136,1.0,0.01682315480825289,1.1853730256696147,0.440708359862372,0.15050876731873994,0.15638370509139757,0.2725669385582092
"weaptype1_txt_Firearms, attacktype1_txt_Armed Assault",targtype1_txt_Police,0.20241508935500382,0.13487734670401946,0.04412436499331282,0.2179895043097588,1.6162054610113599,1.0,0.01682315480825289,1.1062801050162128,0.47802657814267047,0.15050876731873994,0.09606979691156527,0.2725669385582092
"weaptype1_txt_Firearms, region_txt_Sub-Saharan Africa",targtype1_txt_Private Citizens & Property,0.04127337072282061,0.23947801487140255,0.01596666868474498,0.38685158021069477,1.6153949681703785,1.0,0.0060826037969924345,1.240355451604905,0.3973565943487591,0.06030056746138976,0.1937794938490472,0.2267621877978849
targtype1_txt_Private Citizens & Property,"weaptype1_txt_Firearms, region_txt_Sub-Saharan Africa",0.23947801487140255,0.04127337072282061,0.01596666868474498,0.06667279538507503,1.6153949681703785,1.0,0.0060826037969924345,1.0272138479802844,0.500914313813859,0.06030056746138976,0.02649287490992507,0.2267621877978849
attacktype1_txt_Armed Assault,"weaptype1_txt_Firearms, targtype1_txt_Government (General)",0.23484377321936695,0.04548931977918554,0.017183019522155746,0.07316787363191075,1.6084626894199028,1.0,0.006500136024029433,1.0298636107502954,0.49439360507152574,0.0652974148749268,0.028997636617666883,0.2254526603489257
"weaptype1_txt_Firearms, targtype1_txt_Government (General)",attacktype1_txt_Armed Assault,0.04548931977918554,0.23484377321936695,0.017183019522155746,0.37773744706594065,1.6084626894199026,1.0,0.006500136024029433,1.2296356629091838,0.39631651404203333,0.0652974148749268,0.18675097822544504,0.2254526603489257
targtype1_txt_Private Citizens & Property,attacktype1_txt_Hostage Taking (Kidnapping),0.23947801487140255,0.06141195766438624,0.023259269859266556,0.09712486497667257,1.5815301884277304,1.0,0.008552456148432726,1.0395546470679622,0.4834850007709582,0.08377772931824039,0.03804960824284224,0.23793328748027032
attacktype1_txt_Hostage Taking (Kidnapping),targtype1_txt_Private Citizens & Property,0.06141195766438624,0.23947801487140255,0.023259269859266556,0.3787417099838681,1.5815301884277304,1.0,0.008552456148432726,1.224163922398282,0.3917597028524157,0.08377772931824039,0.18311593594354447,0.23793328748027032
"region_txt_Middle East & North Africa, weaptype1_txt_Firearms",targtype1_txt_Police,0.06536922577342852,0.13487734670401946,0.013935748055765008,0.21318514776458702,1.5805852722800775,1.0,0.005118920327348965,1.0995250672227246,0.393013987369621,0.0747983811408821,0.09051641494096498,0.1582533916412097
targtype1_txt_Police,"region_txt_Middle East & North Africa, weaptype1_txt_Firearms",0.13487734670401946,0.06536922577342852,0.013935748055765008,0.10332163551783237,1.5805852722800775,1.0,0.005118920327348965,1.042325555347063,0.42459062411289133,0.0747983811408821,0.040606847956413956,0.1582533916412097
weaptype1_txt_Firearms,"targtype1_txt_Private Citizens & Property, region_txt_Sub-Saharan Africa",0.3221073140661893,0.03147101397427501,0.01596666868474498,0.04956940742259586,1.5750813578207177,1.0,0.005829624902551747,1.0190423094433874,0.5385987609377332,0.04729300141830098,0.01868647578900663,0.27845731651297684
"targtype1_txt_Private Citizens & Property, region_txt_Sub-Saharan Africa",weaptype1_txt_Firearms,0.03147101397427501,0.3221073140661893,0.01596666868474498,0.5073452256033578,1.5750813578207177,1.0,0.005829624902551747,1.3759994242703335,0.3769759769306529,0.04729300141830098,0.27325550987764324,0.27845731651297684
"weaptype1_txt_Firearms, attacktype1_txt_Armed Assault, targtype1_txt_Police",region_txt_South Asia,0.04412436499331282,0.24753014733806297,0.017083950223181116,0.38717724834726214,1.5641619920278917,1.0,0.006161839655187925,1.227875190065286,0.3773294510250215,0.06222061859803155,0.18558497794321413,0.22809745149608404
region_txt_South Asia,"weaptype1_txt_Firearms, attacktype1_txt_Armed Assault, targtype1_txt_Police",0.24753014733806297,0.04412436499331282,0.017083950223181116,0.06901765464490595,1.5641619920278915,1.0,0.006161839655187925,1.0267387343871686,0.4793282113952149,0.06222061859803155,0.02604239373819689,0.22809745149608404
targtype1_txt_Police,attacktype1_txt_Armed Assault,0.13487734670401946,0.23484377321936695,0.04890170674386733,0.36256426997470004,1.5438530262245007,1.0,0.017226601722078655,1.2003660772989049,0.40719075760832874,0.15242751758449133,0.1669208094831985,0.28539753492641584
attacktype1_txt_Armed Assault,targtype1_txt_Police,0.23484377321936695,0.13487734670401946,0.04890170674386733,0.20823079987813164,1.5438530262245007,1.0,0.017226601722078655,1.0926449944792267,0.4603895731227083,0.15242751758449133,0.0847896571597647,0.28539753492641584
region_txt_South Asia,"targtype1_txt_Police, attacktype1_txt_Armed Assault",0.24753014733806297,0.04890170674386733,0.018558982007914535,0.07497665317739138,1.5332113778788317,1.0,0.006454335332522307,1.0281884198091753,0.4621769366409287,0.066789470556777,0.027415616890926347,0.22724634572206653
"targtype1_txt_Police, attacktype1_txt_Armed Assault",region_txt_South Asia,0.04890170674386733,0.24753014733806297,0.018558982007914535,0.3795160382667417,1.5332113778788314,1.0,0.006454335332522307,1.2127144278797952,0.36565538376409296,0.066789470556777,0.17540355997222412,0.22724634572206653
"region_txt_Middle East & North Africa, targtype1_txt_Business","attacktype1_txt_Bombing/Explosion, weaptype1_txt_Explosives",0.022885008063140165,0.477684640405964,0.016643642227738304,0.7272727272727274,1.5224955247768677,1.0,0.0057118253804096086,1.9151563185114662,0.3512213222330497,0.03439294853568382,0.4778494108631098,0.38105752481667043
"attacktype1_txt_Bombing/Explosion, weaptype1_txt_Explosives","region_txt_Middle East & North Africa, targtype1_txt_Business",0.477684640405964,0.022885008063140165,0.016643642227738304,0.03484232236061343,1.5224955247768674,1.0,0.0057118253804096086,1.0123889749566297,0.6570429399367758,0.03439294853568382,0.012237366529164804,0.38105752481667043
targtype1_txt_Private Citizens & Property,"weaptype1_txt_Firearms, attacktype1_txt_Hostage Taking (Kidnapping)",0.23947801487140255,0.028928235300592766,0.010495841841368037,0.04382799751786904,1.5150594933445858,1.0,0.0035681654778492496,1.015582721705507,0.4470086592023368,0.04069568928723858,0.015343626247735106,0.2033257186980517
"weaptype1_txt_Firearms, attacktype1_txt_Hostage Taking (Kidnapping)",targtype1_txt_Private Citizens & Property,0.028928235300592766,0.23947801487140255,0.010495841841368037,0.36282343987823434,1.5150594933445858,1.0,0.0035681654778492496,1.1935812343493306,0.35008732127173686,0.04069568928723858,0.1621852193871492,0.2033257186980517
region_txt_South America,"attacktype1_txt_Assassination, weaptype1_txt_Firearms",0.10445206421892113,0.07492941312448058,0.011849788927354684,0.11344714933080409,1.5140536219379408,1.0,0.004023257055790368,1.043446632851329,0.37912142651509056,0.07073162718880384,0.04163761852640828,0.135796587740178
"attacktype1_txt_Assassination, weaptype1_txt_Firearms",region_txt_South America,0.07492941312448058,0.10445206421892113,0.011849788927354684,0.15814602614955192,1.5140536219379408,1.0,0.004023257055790368,1.0637806123133764,0.3670221664626923,0.07073162718880384,0.05995654703151094,0.135796587740178
"region_txt_Middle East & North Africa, targtype1_txt_Business",attacktype1_txt_Bombing/Explosion,0.022885008063140165,0.4857422767225674,0.016753719226599007,0.7320827320827322,1.507142299867925,1.0,0.00563750330719499,1.9194646439744756,0.3443736391686223,0.03406102787319988,0.4790214015459106,0.38328684788375467
attacktype1_txt_Bombing/Explosion,"region_txt_Middle East & North Africa, targtype1_txt_Business",0.4857422767225674,0.022885008063140165,0.016753719226599007,0.03449096368477707,1.5071422998679247,1.0,0.00563750330719499,1.012020556188609,0.6543268684717134,0.03406102787319988,0.011877778682559471,0.38328684788375467
